tipo,espacio,a,b,k,ari
entre_metodos,onehot,kmedoides,ward,2,0.5757541325723902
entre_metodos,onehot,kmedoides,kmeans,2,0.5802566821743905
entre_metodos,onehot,ward,kmeans,2,0.972757998278039
entre_metodos,pca8,kmedoides,ward,2,0.9587392067437964
entre_metodos,pca8,kmedoides,kmeans,2,0.021193447283841985
entre_metodos,pca8,ward,kmeans,2,0.011020908199939948
entre_metodos,ae_d3,kmedoides,ward,2,0.821623199364142
entre_metodos,ae_d3,kmedoides,kmeans,2,0.9437671199348809
entre_metodos,ae_d3,ward,kmeans,2,0.7867333250998068
entre_metodos,ae_d8,kmedoides,ward,2,0.6445929043619294
entre_metodos,ae_d8,kmedoides,kmeans,2,0.2474520215805682
entre_metodos,ae_d8,ward,kmeans,2,0.11849171455264215
entre_metodos,ae_d16,kmedoides,ward,2,0.8933935627258732
entre_metodos,ae_d16,kmedoides,kmeans,2,0.960836886888895
entre_metodos,ae_d16,ward,kmeans,2,0.9099147245292108
entre_metodos,onehot,kmedoides,ward,3,0.548226420768651
entre_metodos,onehot,kmedoides,kmeans,3,0.5469303182644197
entre_metodos,onehot,ward,kmeans,3,0.903884283007553
entre_metodos,pca8,kmedoides,ward,3,0.8811188365749659
entre_metodos,pca8,kmedoides,kmeans,3,0.9104000803422321
entre_metodos,pca8,ward,kmeans,3,0.9262712302806145
entre_metodos,ae_d3,kmedoides,ward,3,0.5619241760746267
entre_metodos,ae_d3,kmedoides,kmeans,3,0.9596236886644446
entre_metodos,ae_d3,ward,kmeans,3,0.5631788020035288
entre_metodos,ae_d8,kmedoides,ward,3,0.3288523621856928
entre_metodos,ae_d8,kmedoides,kmeans,3,0.419574222891811
entre_metodos,ae_d8,ward,kmeans,3,0.3186073014319897
entre_metodos,ae_d16,kmedoides,ward,3,0.6565835284851862
entre_metodos,ae_d16,kmedoides,kmeans,3,0.6043157921432886
entre_metodos,ae_d16,ward,kmeans,3,0.6449348782193256
entre_metodos,onehot,kmedoides,ward,4,0.8249481219792869
entre_metodos,onehot,kmedoides,kmeans,4,0.7623763081708524
entre_metodos,onehot,ward,kmeans,4,0.7974647257037183
entre_metodos,pca8,kmedoides,ward,4,0.7499072504721157
entre_metodos,pca8,kmedoides,kmeans,4,0.7669167859425651
entre_metodos,pca8,ward,kmeans,4,0.8138292054286568
entre_metodos,ae_d3,kmedoides,ward,4,0.8854277709833056
entre_metodos,ae_d3,kmedoides,kmeans,4,0.9591446152746111
entre_metodos,ae_d3,ward,kmeans,4,0.8792169615434626
entre_metodos,ae_d8,kmedoides,ward,4,0.40295008269096255
entre_metodos,ae_d8,kmedoides,kmeans,4,0.5023845227073443
entre_metodos,ae_d8,ward,kmeans,4,0.507140709321233
entre_metodos,ae_d16,kmedoides,ward,4,0.8074958897682775
entre_metodos,ae_d16,kmedoides,kmeans,4,0.830776745930036
entre_metodos,ae_d16,ward,kmeans,4,0.8192091296757281
entre_metodos,onehot,kmedoides,ward,5,0.7976492033367049
entre_metodos,onehot,kmedoides,kmeans,5,0.8332747145064534
entre_metodos,onehot,ward,kmeans,5,0.9003329587321568
entre_metodos,pca8,kmedoides,ward,5,0.8924971609618363
entre_metodos,pca8,kmedoides,kmeans,5,0.973300634252107
entre_metodos,pca8,ward,kmeans,5,0.9147328979074097
entre_metodos,ae_d3,kmedoides,ward,5,0.7094456388174231
entre_metodos,ae_d3,kmedoides,kmeans,5,0.8312265177775195
entre_metodos,ae_d3,ward,kmeans,5,0.8093179551521901
entre_metodos,ae_d8,kmedoides,ward,5,0.5666589252721452
entre_metodos,ae_d8,kmedoides,kmeans,5,0.857680008716128
entre_metodos,ae_d8,ward,kmeans,5,0.6083712100681075
entre_metodos,ae_d16,kmedoides,ward,5,0.5308714359061304
entre_metodos,ae_d16,kmedoides,kmeans,5,0.5068732629050119
entre_metodos,ae_d16,ward,kmeans,5,0.5985887406956024
entre_metodos,onehot,kmedoides,ward,6,0.7303527171267189
entre_metodos,onehot,kmedoides,kmeans,6,0.7572622670216981
entre_metodos,onehot,ward,kmeans,6,0.8912987082891006
entre_metodos,pca8,kmedoides,ward,6,0.8862923529663151
entre_metodos,pca8,kmedoides,kmeans,6,0.9744619460663082
entre_metodos,pca8,ward,kmeans,6,0.9050217572117496
entre_metodos,ae_d3,kmedoides,ward,6,0.8084711437743122
entre_metodos,ae_d3,kmedoides,kmeans,6,0.9123744942239035
entre_metodos,ae_d3,ward,kmeans,6,0.7648429530398514
entre_metodos,ae_d8,kmedoides,ward,6,0.5537448187735748
entre_metodos,ae_d8,kmedoides,kmeans,6,0.6131753711022462
entre_metodos,ae_d8,ward,kmeans,6,0.6617759834302233
entre_metodos,ae_d16,kmedoides,ward,6,0.5526998624032259
entre_metodos,ae_d16,kmedoides,kmeans,6,0.715524116066297
entre_metodos,ae_d16,ward,kmeans,6,0.584190115857812
entre_metodos,onehot,kmedoides,ward,8,0.8399894994786035
entre_metodos,onehot,kmedoides,kmeans,8,0.8911765860152229
entre_metodos,onehot,ward,kmeans,8,0.8948858766196762
entre_metodos,pca8,kmedoides,ward,8,0.7679249448510708
entre_metodos,pca8,kmedoides,kmeans,8,0.8054856706193098
entre_metodos,pca8,ward,kmeans,8,0.7311685479669837
entre_metodos,ae_d3,kmedoides,ward,8,0.7148636390507005
entre_metodos,ae_d3,kmedoides,kmeans,8,0.5970826488583693
entre_metodos,ae_d3,ward,kmeans,8,0.710424174540488
entre_metodos,ae_d8,kmedoides,ward,8,0.49440567973881233
entre_metodos,ae_d8,kmedoides,kmeans,8,0.6271782923340472
entre_metodos,ae_d8,ward,kmeans,8,0.619261628482972
entre_metodos,ae_d16,kmedoides,ward,8,0.5249125351981937
entre_metodos,ae_d16,kmedoides,kmeans,8,0.6995268838685407
entre_metodos,ae_d16,ward,kmeans,8,0.6921912503916267
entre_metodos,onehot,kmedoides,ward,10,0.5944071144358141
entre_metodos,onehot,kmedoides,kmeans,10,0.617297834157851
entre_metodos,onehot,ward,kmeans,10,0.7987909417844399
entre_metodos,pca8,kmedoides,ward,10,0.8082539616623393
entre_metodos,pca8,kmedoides,kmeans,10,0.6386941665006715
entre_metodos,pca8,ward,kmeans,10,0.654555553156293
entre_metodos,ae_d3,kmedoides,ward,10,0.802507301821918
entre_metodos,ae_d3,kmedoides,kmeans,10,0.7504154719774827
entre_metodos,ae_d3,ward,kmeans,10,0.7669496671994483
entre_metodos,ae_d8,kmedoides,ward,10,0.7056306701098936
entre_metodos,ae_d8,kmedoides,kmeans,10,0.7495826211330308
entre_metodos,ae_d8,ward,kmeans,10,0.725918203539181
entre_metodos,ae_d16,kmedoides,ward,10,0.5673434993299997
entre_metodos,ae_d16,kmedoides,kmeans,10,0.7752543278489641
entre_metodos,ae_d16,ward,kmeans,10,0.6455204230923632
entre_metodos,onehot,kmedoides,ward,12,0.7261913492886609
entre_metodos,onehot,kmedoides,kmeans,12,0.7870260825768529
entre_metodos,onehot,ward,kmeans,12,0.8497981715990511
entre_metodos,pca8,kmedoides,ward,12,0.8341201404196672
entre_metodos,pca8,kmedoides,kmeans,12,0.9035182324789766
entre_metodos,pca8,ward,kmeans,12,0.8688164965863951
entre_metodos,ae_d3,kmedoides,ward,12,0.7704235387184556
entre_metodos,ae_d3,kmedoides,kmeans,12,0.7594893141727794
entre_metodos,ae_d3,ward,kmeans,12,0.8118611315990197
entre_metodos,ae_d8,kmedoides,ward,12,0.6301660255353065
entre_metodos,ae_d8,kmedoides,kmeans,12,0.7235671835651019
entre_metodos,ae_d8,ward,kmeans,12,0.8501180584667373
entre_metodos,ae_d16,kmedoides,ward,12,0.5877952962913845
entre_metodos,ae_d16,kmedoides,kmeans,12,0.6009212541312327
entre_metodos,ae_d16,ward,kmeans,12,0.6350207469550421
entre_metodos,onehot,kmedoides,ward,16,0.6262989751516004
entre_metodos,onehot,kmedoides,kmeans,16,0.7122916718468084
entre_metodos,onehot,ward,kmeans,16,0.7400919980064549
entre_metodos,pca8,kmedoides,ward,16,0.683105883349075
entre_metodos,pca8,kmedoides,kmeans,16,0.7119244695546773
entre_metodos,pca8,ward,kmeans,16,0.7917480544062333
entre_metodos,ae_d3,kmedoides,ward,16,0.7724455256222882
entre_metodos,ae_d3,kmedoides,kmeans,16,0.7945722385220135
entre_metodos,ae_d3,ward,kmeans,16,0.7798874982468581
entre_metodos,ae_d8,kmedoides,ward,16,0.7099204999411218
entre_metodos,ae_d8,kmedoides,kmeans,16,0.796944941016096
entre_metodos,ae_d8,ward,kmeans,16,0.8257108013511748
entre_metodos,ae_d16,kmedoides,ward,16,0.6564454627606287
entre_metodos,ae_d16,kmedoides,kmeans,16,0.7955266204580244
entre_metodos,ae_d16,ward,kmeans,16,0.7106466635936821
entre_metodos,onehot,kmedoides,ward,20,0.7477371395488654
entre_metodos,onehot,kmedoides,kmeans,20,0.726388756266773
entre_metodos,onehot,ward,kmeans,20,0.7903366134494061
entre_metodos,pca8,kmedoides,ward,20,0.6291267266371956
entre_metodos,pca8,kmedoides,kmeans,20,0.8142132233584802
entre_metodos,pca8,ward,kmeans,20,0.6712763674072143
entre_metodos,ae_d3,kmedoides,ward,20,0.626027920723341
entre_metodos,ae_d3,kmedoides,kmeans,20,0.6620071404040075
entre_metodos,ae_d3,ward,kmeans,20,0.7911861981604498
entre_metodos,ae_d8,kmedoides,ward,20,0.6896672534601483
entre_metodos,ae_d8,kmedoides,kmeans,20,0.7203086778266822
entre_metodos,ae_d8,ward,kmeans,20,0.858350623176811
entre_metodos,ae_d16,kmedoides,ward,20,0.6353004116125661
entre_metodos,ae_d16,kmedoides,kmeans,20,0.79675339931413
entre_metodos,ae_d16,ward,kmeans,20,0.7136493738177832
entre_metodos,onehot,kmedoides,ward,24,0.7639400643823776
entre_metodos,onehot,kmedoides,kmeans,24,0.7181523610635058
entre_metodos,onehot,ward,kmeans,24,0.7045794851168531
entre_metodos,pca8,kmedoides,ward,24,0.8042515597464697
entre_metodos,pca8,kmedoides,kmeans,24,0.788118042380064
entre_metodos,pca8,ward,kmeans,24,0.7212411658583463
entre_metodos,ae_d3,kmedoides,ward,24,0.6043866739930975
entre_metodos,ae_d3,kmedoides,kmeans,24,0.6559915414391336
entre_metodos,ae_d3,ward,kmeans,24,0.7668464266852808
entre_metodos,ae_d8,kmedoides,ward,24,0.6841270830135335
entre_metodos,ae_d8,kmedoides,kmeans,24,0.7899928752272122
entre_metodos,ae_d8,ward,kmeans,24,0.8381570909493081
entre_metodos,ae_d16,kmedoides,ward,24,0.6634120652586367
entre_metodos,ae_d16,kmedoides,kmeans,24,0.7710159107113415
entre_metodos,ae_d16,ward,kmeans,24,0.671425435384768
entre_metodos,onehot,kmedoides,ward,32,0.7259939343412215
entre_metodos,onehot,kmedoides,kmeans,32,0.6370977992063919
entre_metodos,onehot,ward,kmeans,32,0.6485446010009389
entre_metodos,pca8,kmedoides,ward,32,0.7198737489095021
entre_metodos,pca8,kmedoides,kmeans,32,0.7329066243903152
entre_metodos,pca8,ward,kmeans,32,0.7667564243923252
entre_metodos,ae_d3,kmedoides,ward,32,0.6701574514081214
entre_metodos,ae_d3,kmedoides,kmeans,32,0.7057163367919324
entre_metodos,ae_d3,ward,kmeans,32,0.6843149023590217
entre_metodos,ae_d8,kmedoides,ward,32,0.6854330835775277
entre_metodos,ae_d8,kmedoides,kmeans,32,0.7279430633108498
entre_metodos,ae_d8,ward,kmeans,32,0.7161060536455397
entre_metodos,ae_d16,kmedoides,ward,32,0.6414043192666972
entre_metodos,ae_d16,kmedoides,kmeans,32,0.6065193759118717
entre_metodos,ae_d16,ward,kmeans,32,0.7461432469889906
entre_metodos,onehot,kmedoides,ward,40,0.6480963858854945
entre_metodos,onehot,kmedoides,kmeans,40,0.6880897061244994
entre_metodos,onehot,ward,kmeans,40,0.7711067961438846
entre_metodos,pca8,kmedoides,ward,40,0.682988441245401
entre_metodos,pca8,kmedoides,kmeans,40,0.813114502974228
entre_metodos,pca8,ward,kmeans,40,0.7331226505967277
entre_metodos,ae_d3,kmedoides,ward,40,0.7993051383222882
entre_metodos,ae_d3,kmedoides,kmeans,40,0.7495373140412016
entre_metodos,ae_d3,ward,kmeans,40,0.7099595088754538
entre_metodos,ae_d8,kmedoides,ward,40,0.7122068711941192
entre_metodos,ae_d8,kmedoides,kmeans,40,0.7592639477916611
entre_metodos,ae_d8,ward,kmeans,40,0.8191621117404887
entre_metodos,ae_d16,kmedoides,ward,40,0.7379814749478796
entre_metodos,ae_d16,kmedoides,kmeans,40,0.741685481525101
entre_metodos,ae_d16,ward,kmeans,40,0.7071045329273385
entre_metodos,onehot,kmedoides,ward,60,0.6621320289941447
entre_metodos,onehot,kmedoides,kmeans,60,0.6754405192866687
entre_metodos,onehot,ward,kmeans,60,0.6753842602353252
entre_metodos,pca8,kmedoides,ward,60,0.6866121311539094
entre_metodos,pca8,kmedoides,kmeans,60,0.716030981063516
entre_metodos,pca8,ward,kmeans,60,0.7962163042969176
entre_metodos,ae_d3,kmedoides,ward,60,0.7615226467029267
entre_metodos,ae_d3,kmedoides,kmeans,60,0.7708978526151423
entre_metodos,ae_d3,ward,kmeans,60,0.7302404703743902
entre_metodos,ae_d8,kmedoides,ward,60,0.8055042653913996
entre_metodos,ae_d8,kmedoides,kmeans,60,0.7084360345846991
entre_metodos,ae_d8,ward,kmeans,60,0.7653226180721927
entre_metodos,ae_d16,kmedoides,ward,60,0.7045800193305095
entre_metodos,ae_d16,kmedoides,kmeans,60,0.6573899261492936
entre_metodos,ae_d16,ward,kmeans,60,0.6972502002358498
