tipo,a,b,k,ari
entre_espacios,om,onehot,6,0.7288541375863081
entre_espacios,om,pca8,6,0.9647607228660205
entre_espacios,om,ae_d3,6,0.6479447602128414
entre_espacios,om,ae_d8,6,0.6117368320185386
entre_espacios,om,ae_d16,6,0.47843617929415794
entre_espacios,onehot,pca8,6,0.7209739779162282
entre_espacios,onehot,ae_d3,6,0.5820369610907296
entre_espacios,onehot,ae_d8,6,0.6306932941792099
entre_espacios,onehot,ae_d16,6,0.47868303301784576
entre_espacios,pca8,ae_d3,6,0.6408625033422952
entre_espacios,pca8,ae_d8,6,0.6096249234580564
entre_espacios,pca8,ae_d16,6,0.4847023761565278
entre_espacios,ae_d3,ae_d8,6,0.527739410914606
entre_espacios,ae_d3,ae_d16,6,0.5751398222215605
entre_espacios,ae_d8,ae_d16,6,0.4948760298615734
completo_vs_sin_costura,om,om,6,0.9651193570827152
px_vs_tipo,om,om,6,0.9035190397316527
completo_vs_sin_costura,onehot,onehot,6,0.7604051871759052
px_vs_tipo,onehot,onehot,6,0.6509003477766392
completo_vs_sin_costura,pca8,pca8,6,1.0
px_vs_tipo,pca8,pca8,6,0.8790257029415028
completo_vs_sin_costura,ae_d3,ae_d3,6,0.968543351908584
px_vs_tipo,ae_d3,ae_d3,6,0.55298717629443
completo_vs_sin_costura,ae_d8,ae_d8,6,0.7049778431499989
px_vs_tipo,ae_d8,ae_d8,6,0.44710482611716384
completo_vs_sin_costura,ae_d16,ae_d16,6,0.7539784313120534
px_vs_tipo,ae_d16,ae_d16,6,0.4947825780758909
entre_espacios,om,onehot,12,0.7289815283170721
entre_espacios,om,pca8,12,0.6435102235048974
entre_espacios,om,ae_d3,12,0.5599094493700991
entre_espacios,om,ae_d8,12,0.6731567670535546
entre_espacios,om,ae_d16,12,0.639614584062831
entre_espacios,onehot,pca8,12,0.690105895358402
entre_espacios,onehot,ae_d3,12,0.6089860327417045
entre_espacios,onehot,ae_d8,12,0.6619774642898931
entre_espacios,onehot,ae_d16,12,0.6093016992703179
entre_espacios,pca8,ae_d3,12,0.563506642980551
entre_espacios,pca8,ae_d8,12,0.6006571325390015
entre_espacios,pca8,ae_d16,12,0.4855700898898687
entre_espacios,ae_d3,ae_d8,12,0.5650652903881469
entre_espacios,ae_d3,ae_d16,12,0.47404253372749344
entre_espacios,ae_d8,ae_d16,12,0.6309815581037724
completo_vs_sin_costura,om,om,12,0.7614799153436809
px_vs_tipo,om,om,12,0.6567598178469018
completo_vs_sin_costura,onehot,onehot,12,0.706793525847187
px_vs_tipo,onehot,onehot,12,0.5408157403439946
completo_vs_sin_costura,pca8,pca8,12,0.8541243588000973
px_vs_tipo,pca8,pca8,12,0.6193369074867016
completo_vs_sin_costura,ae_d3,ae_d3,12,0.6737727560204817
px_vs_tipo,ae_d3,ae_d3,12,0.6161383558136623
completo_vs_sin_costura,ae_d8,ae_d8,12,0.8368844306112319
px_vs_tipo,ae_d8,ae_d8,12,0.6584738980803212
completo_vs_sin_costura,ae_d16,ae_d16,12,0.6117075506876876
px_vs_tipo,ae_d16,ae_d16,12,0.5549673384432412
entre_espacios,om,onehot,24,0.5166715034151903
entre_espacios,om,pca8,24,0.5816697279489501
entre_espacios,om,ae_d3,24,0.49982529024422573
entre_espacios,om,ae_d8,24,0.5933269371320877
entre_espacios,om,ae_d16,24,0.6338729892005757
entre_espacios,onehot,pca8,24,0.6342074802082696
entre_espacios,onehot,ae_d3,24,0.5899634361864813
entre_espacios,onehot,ae_d8,24,0.5871753606996614
entre_espacios,onehot,ae_d16,24,0.5666888864831997
entre_espacios,pca8,ae_d3,24,0.5309095699827863
entre_espacios,pca8,ae_d8,24,0.6468470424400027
entre_espacios,pca8,ae_d16,24,0.580466952933311
entre_espacios,ae_d3,ae_d8,24,0.5704789290940268
entre_espacios,ae_d3,ae_d16,24,0.5326987390290961
entre_espacios,ae_d8,ae_d16,24,0.5964117650388241
completo_vs_sin_costura,om,om,24,0.6642025511778789
px_vs_tipo,om,om,24,0.6322142990304708
completo_vs_sin_costura,onehot,onehot,24,0.589059309604763
px_vs_tipo,onehot,onehot,24,0.47295831178317355
completo_vs_sin_costura,pca8,pca8,24,0.7244566546194028
px_vs_tipo,pca8,pca8,24,0.6479820069341494
completo_vs_sin_costura,ae_d3,ae_d3,24,0.6389815824573798
px_vs_tipo,ae_d3,ae_d3,24,0.5873902093051786
completo_vs_sin_costura,ae_d8,ae_d8,24,0.7446817602721058
px_vs_tipo,ae_d8,ae_d8,24,0.6013914638441246
completo_vs_sin_costura,ae_d16,ae_d16,24,0.701455440322462
px_vs_tipo,ae_d16,ae_d16,24,0.5589073588880763
entre_semillas,ae_d3_s0,ae_d3_s1,6,0.4734550442034498
entre_semillas,ae_d3_s0,ae_d3_s2,6,0.3951977843717119
entre_semillas,ae_d3_s1,ae_d3_s2,6,0.6572950237319107
entre_semillas,ae_d3_s0,ae_d3_s1,12,0.4238508372951377
entre_semillas,ae_d3_s0,ae_d3_s2,12,0.46627469705197044
entre_semillas,ae_d3_s1,ae_d3_s2,12,0.6292415707933483
entre_semillas,ae_d3_s0,ae_d3_s1,24,0.46453404921817104
entre_semillas,ae_d3_s0,ae_d3_s2,24,0.5720891454996125
entre_semillas,ae_d3_s1,ae_d3_s2,24,0.5856649475937977
entre_semillas,ae_d8_s0,ae_d8_s1,6,0.514907811165045
entre_semillas,ae_d8_s0,ae_d8_s2,6,0.5342827354673736
entre_semillas,ae_d8_s1,ae_d8_s2,6,0.3763491659602788
entre_semillas,ae_d8_s0,ae_d8_s1,12,0.6652892169210972
entre_semillas,ae_d8_s0,ae_d8_s2,12,0.739860138061789
entre_semillas,ae_d8_s1,ae_d8_s2,12,0.6466755049995201
entre_semillas,ae_d8_s0,ae_d8_s1,24,0.5791244255225438
entre_semillas,ae_d8_s0,ae_d8_s2,24,0.6373723521549146
entre_semillas,ae_d8_s1,ae_d8_s2,24,0.5442180903730448
entre_semillas,ae_d16_s0,ae_d16_s1,6,0.533131094584985
entre_semillas,ae_d16_s0,ae_d16_s2,6,0.4597416895269814
entre_semillas,ae_d16_s1,ae_d16_s2,6,0.44896142827547203
entre_semillas,ae_d16_s0,ae_d16_s1,12,0.7011876934831885
entre_semillas,ae_d16_s0,ae_d16_s2,12,0.612789256009392
entre_semillas,ae_d16_s1,ae_d16_s2,12,0.6506273742451274
entre_semillas,ae_d16_s0,ae_d16_s1,24,0.7323925273444869
entre_semillas,ae_d16_s0,ae_d16_s2,24,0.6742729679519107
entre_semillas,ae_d16_s1,ae_d16_s2,24,0.6750025273892861
