cluster,n_tipos,n_px,share_px,etiqueta,dss_dominante,dss_dominante_share,n_dss,anio_1er_cambio_mediana,anio_1er_cambio_q25,anio_1er_cambio_q75,n_cambios_medio,share_costura,top3,medoide
6,386,289553,0.1719229641100058,F»A · monotónica · ~2001 · deforestación para agricultura,F»A,0.4366143676632603,67,2003.0,2002.0,2013.0,1.0218129323474459,0.06996991915124347,F-F-F-F-A-A-A-A-A-A-A-A-A-A-A-A-A-A-A-A-A-A-A (14%) | F-F-F-A-A-A-A-A-A-A-A-A-A-A-A-A-A-A-A-A-A-A-A (12%) | Sh-A-A-A-A-A-A-A-A-A-A-A-A-A-A-A-A-A-A-A-A-A-A (11%),F-F-A-A-A-A-A-A-A-A-A-A-A-A-A-A-A-A-A-A-A-A-A
0,327,262544,0.15588628917433894,F»Sh · monotónica · ~2004 · degradación forestal,F»Sh,0.7492801206654884,63,2004.0,2003.0,2006.0,1.0141880979950026,0.0036070144432933148,F-F-F-F-Sh-Sh-Sh-Sh-Sh-Sh-Sh-Sh-Sh-Sh-Sh-Sh-Sh-Sh-Sh-Sh-Sh-Sh-Sh (20%) | F-Sh-Sh-Sh-Sh-Sh-Sh-Sh-Sh-Sh-Sh-Sh-Sh-Sh-Sh-Sh-Sh-Sh-Sh-Sh-Sh-Sh-Sh (13%) | F-F-F-Sh-Sh-Sh-Sh-Sh-Sh-Sh-Sh-Sh-Sh-Sh-Sh-Sh-Sh-Sh-Sh-Sh-Sh-Sh-Sh (13%),F-F-F-F-Sh-Sh-Sh-Sh-Sh-Sh-Sh-Sh-Sh-Sh-Sh-Sh-Sh-Sh-Sh-Sh-Sh-Sh-Sh
8,811,217067,0.1288841837261801,F · estable · F sin cambio neto,F»Sh,0.3271248047837764,100,2016.0,2006.0,2019.0,1.0298341065201067,0.04810035611124676,F-F-F-F-F-F-F-F-F-F-F-F-F-F-F-F-F-F-Sh-Sh-Sh-Sh-Sh (10%) | F-F-F-F-F-F-F-F-F-F-F-F-F-F-F-F-F-F-F-Sh-Sh-Sh-Sh (10%) | Sh-Sh-Sh-Sh-F-F-F-F-F-F-F-F-F-F-F-F-F-F-F-F-F-F-F (5%),F-F-F-F-F-F-F-F-F-F-F-F-F-F-F-F-F-F-F-F-Sh-Sh-Sh
2,176,201944,0.11990485701833865,F»Sh · monotónica · ~2008 · degradación forestal,F»Sh,0.9710365249772214,27,2009.0,2008.0,2011.0,1.018723012320247,0.0025403082042546447,F-F-F-F-F-F-F-F-Sh-Sh-Sh-Sh-Sh-Sh-Sh-Sh-Sh-Sh-Sh-Sh-Sh-Sh-Sh (22%) | F-F-F-F-F-F-F-F-F-F-Sh-Sh-Sh-Sh-Sh-Sh-Sh-Sh-Sh-Sh-Sh-Sh-Sh (19%) | F-F-F-F-F-F-F-Sh-Sh-Sh-Sh-Sh-Sh-Sh-Sh-Sh-Sh-Sh-Sh-Sh-Sh-Sh-Sh (18%),F-F-F-F-F-F-F-F-F-Sh-Sh-Sh-Sh-Sh-Sh-Sh-Sh-Sh-Sh-Sh-Sh-Sh-Sh
10,459,136501,0.08104787905488771,Sh»F · monotónica · ~2016 · recuperación forestal desde arbustal,Sh»F,0.847268518179354,57,2016.0,2011.0,2018.0,1.0867978989164915,0.2954264071325485,Sh-Sh-Sh-Sh-Sh-Sh-Sh-Sh-Sh-Sh-Sh-Sh-Sh-Sh-Sh-Sh-F-F-F-F-F-F-F (22%) | Sh-Sh-Sh-Sh-Sh-Sh-Sh-Sh-Sh-Sh-Sh-Sh-Sh-Sh-Sh-Sh-Sh-Sh-Sh-F-F-F-F (14%) | Sh-Sh-Sh-Sh-Sh-Sh-Sh-Sh-Sh-Sh-F-F-F-F-F-F-F-F-F-F-F-F-F (9%),Sh-Sh-Sh-Sh-Sh-Sh-Sh-Sh-Sh-Sh-Sh-Sh-Sh-Sh-Sh-Sh-F-F-F-F-F-F-F
3,432,135971,0.08073318996177418,B»Sp · monotónica · ~2019 · revegetación de suelo desnudo,B»Sp,0.6255892800670732,61,2018.0,2008.0,2019.0,1.034654448375021,0.0340219605651205,B-B-B-B-B-B-B-B-B-B-B-B-B-B-B-B-B-B-B-Sp-Sp-Sp-Sp (26%) | B-B-B-B-B-B-B-B-B-B-B-B-B-B-B-B-B-B-B-B-Sp-Sp-Sp (8%) | B-B-B-B-B-B-B-B-B-B-B-B-B-B-B-B-B-B-Sp-Sp-Sp-Sp-Sp (8%),B-B-B-B-B-B-B-B-B-B-B-B-B-B-B-B-B-B-B-Sp-Sp-Sp-Sp
4,292,127444,0.07567025808068154,F»A · monotónica · ~2005 · deforestación para agricultura,F»A,0.7430636200998085,42,2008.0,2006.0,2010.0,1.0389112080600107,0.00924327547785694,F-F-F-F-F-A-A-A-A-A-A-A-A-A-A-A-A-A-A-A-A-A-A (19%) | F-F-F-F-F-F-F-F-A-A-A-A-A-A-A-A-A-A-A-A-A-A-A (12%) | F-F-F-F-F-F-F-A-A-A-A-A-A-A-A-A-A-A-A-A-A-A-A (10%),F-F-F-F-F-F-F-A-A-A-A-A-A-A-A-A-A-A-A-A-A-A-A
7,303,113510,0.06739690369682497,F»Wt · monotónica · ~2001 · anegamiento de bosque,F»Wt,0.5423663113382081,42,2006.0,2002.0,2011.0,1.0199718086512202,0.06440842216544798,F-Wt-Wt-Wt-Wt-Wt-Wt-Wt-Wt-Wt-Wt-Wt-Wt-Wt-Wt-Wt-Wt-Wt-Wt-Wt-Wt-Wt-Wt (17%) | F-F-F-Wt-Wt-Wt-Wt-Wt-Wt-Wt-Wt-Wt-Wt-Wt-Wt-Wt-Wt-Wt-Wt-Wt-Wt-Wt-Wt (9%) | F-F-F-F-F-F-F-F-Wt-Wt-Wt-Wt-Wt-Wt-Wt-Wt-Wt-Wt-Wt-Wt-Wt-Wt-Wt (6%),F-F-F-Wt-Wt-Wt-Wt-Wt-Wt-Wt-Wt-Wt-Wt-Wt-Wt-Wt-Wt-Wt-Wt-Wt-Wt-Wt-Wt
9,499,102142,0.0606471195260426,G»Sp · monotónica · ~2008 · G → Sp,G»Sp,0.32968808129858435,78,2008.0,2006.0,2013.0,1.0342072800610915,0.06495858706506628,G-G-G-G-G-G-G-G-Sp-Sp-Sp-Sp-Sp-Sp-Sp-Sp-Sp-Sp-Sp-Sp-Sp-Sp-Sp (6%) | B-B-B-B-B-B-B-B-Sp-Sp-Sp-Sp-Sp-Sp-Sp-Sp-Sp-Sp-Sp-Sp-Sp-Sp-Sp (6%) | G-G-G-G-G-G-Sp-Sp-Sp-Sp-Sp-Sp-Sp-Sp-Sp-Sp-Sp-Sp-Sp-Sp-Sp-Sp-Sp (5%),G-G-G-G-Sp-Sp-Sp-Sp-Sp-Sp-Sp-Sp-Sp-Sp-Sp-Sp-Sp-Sp-Sp-Sp-Sp-Sp-Sp
5,442,55338,0.032857103839088186,G · estable · G sin cambio neto,Sp»G,0.2684954280964256,79,2008.0,2003.0,2017.0,1.030214319274278,0.095811196646066,Sp-G-G-G-G-G-G-G-G-G-G-G-G-G-G-G-G-G-G-G-G-G-G (8%) | G-G-G-G-G-G-G-G-G-G-G-G-G-G-G-G-Sp-Sp-Sp-Sp-Sp-Sp-Sp (6%) | Sh-G-G-G-G-G-G-G-G-G-G-G-G-G-G-G-G-G-G-G-G-G-G (5%),Sp-G-G-G-G-G-G-G-G-G-G-G-G-G-G-G-G-G-G-G-G-G-Sp
11,159,23530,0.013971008228229156,A»U · monotónica · ~2013 · urbanización sobre área agrícola,A»U,0.8019549511262218,21,2010.0,2006.0,2013.0,1.005142371440714,0.0,A-A-A-A-A-A-A-A-A-A-A-A-A-U-U-U-U-U-U-U-U-U-U (18%) | A-A-A-A-A-A-A-A-A-A-A-A-A-A-U-U-U-U-U-U-U-U-U (8%) | A-A-A-A-A-A-A-A-A-A-A-A-U-U-U-U-U-U-U-U-U-U-U (8%),A-A-A-A-A-A-A-A-A-U-U-U-U-U-U-U-U-U-U-U-U-U-U
1,259,18658,0.011078243583608142,Wa · estable · Wa sin cambio neto,Wa»Wt,0.21534998392110624,70,2011.0,2008.0,2016.0,1.05482902776289,0.1647550648515382,Wa-Wa-Wa-Wa-Wa-Wa-Wa-Wa-Wa-Wa-Wa-Wa-Wa-Wa-Wa-Wa-Wt-Wt-Wt-Wt-Wt-Wt-Wt (8%) | Wa-Wa-Wa-Wa-Wa-Wa-Wa-Wa-Wa-Wa-Wa-Wa-Wa-Wa-Wa-Wa-Wa-Wa-Wa-Wa-Sp-Sp-Sp (6%) | Wt-Wt-Wt-Wt-Wt-Wt-Wt-Wt-Wt-Wt-Wa-Wa-Wa-Wa-Wa-Wa-Wa-Wa-Wa-Wa-Wa-Wa-Wa (5%),Wa-Wa-Wa-Wa-Wa-Wa-Wa-Wa-Wa-Wa-Wa-Wa-Wa-Wa-Wa-Wa-Wa-Wa-Wa-Wa-Wt-Wt-Wt
