cluster_om,share_px,mejor_ae_d8,fraccion_en_mejor,segundo_ae_d8,fraccion_en_segundo
0,0.15588628917433894,0,0.7588175696264245,1,0.11698229630081053
1,0.011078243583608142,5,0.364722907063994,6,0.19798477864722908
2,0.11990485701833865,2,0.9435338509685853,5,0.04092718773521372
3,0.08073318996177418,11,0.8852917166160431,3,0.05191548197777467
4,0.07567025808068154,7,0.7606870468597973,8,0.1685838485923229
5,0.032857103839088186,4,0.4070078427120604,10,0.34450106617514187
6,0.1719229641100058,8,0.8867046792815132,6,0.10871584822122375
7,0.06739690369682497,10,0.8419170117170294,2,0.08748127918245088
8,0.1288841837261801,5,0.5467298115328447,9,0.30782661574536896
9,0.0606471195260426,4,0.5438702982122927,3,0.4544359812809618
10,0.08104787905488771,1,0.7821920718529535,6,0.1772661006146475
11,0.013971008228229156,7,0.5956226094347641,8,0.3628984275393115
