zona,universo,espacio,peso,k,n_clases,u_adj,u_ratio,mcc_cv,mcc_cv_ratio_techo,mcc_sem,mcc_sem_lo,mcc_sem_hi,mcc_sem_menos_r0p,dif_lo,dif_hi
chaco_santiago_frontier,completo,ae_d16,px,6,14,0.379016157225355,0.9365462512939635,0.6262180832028166,0.9784912218617358,0.6251353477961304,0.611604185747989,0.6380491205383492,-0.012846135221932231,-0.016322972263860355,-0.009497774085957643
chaco_santiago_frontier,completo,ae_d16,px,12,19,0.38969263942190435,0.9629277635001565,0.6337598866797087,0.9902755965022797,0.6333505774881184,0.6201018057020011,0.6463307148193164,-0.004630905529944274,-0.007403452879988062,-0.0020021010162011776
chaco_santiago_frontier,completo,ae_d16,px,24,29,0.3966102251830566,0.9800210691260683,0.6379790128477564,0.9968681527220665,0.6327644908233191,0.6196853324742279,0.6453269111396858,-0.005216992194743586,-0.006662490645804636,-0.003933314236358049
chaco_santiago_frontier,completo,ae_d16,tipo,6,14,0.37390898107813975,0.9239264550552284,0.624054341124555,0.9751102868700101,0.3994393880098934,0.3854893366981483,0.4127663894561369,-0.23854209500816925,-0.24953577151163545,-0.22809404449312373
chaco_santiago_frontier,completo,ae_d16,tipo,12,19,0.38378013331903377,0.9483180026210082,0.6314140783134495,0.9866101755313381,0.2155100443321285,0.20045331847208445,0.23004911525780677,-0.4224714386859342,-0.441613492780174,-0.40348043196172967
chaco_santiago_frontier,completo,ae_d16,tipo,24,28,0.39226285058383115,0.9692787371535178,0.6363347339618642,0.9942989000937982,0.47447728189316546,0.4597009648513886,0.48893523539752665,-0.16350420112489722,-0.1753774963557886,-0.1516697275193388
chaco_santiago_frontier,completo,ae_d3,px,6,14,0.36952961338100987,0.9131050683634041,0.6173433302070996,0.9646240593900195,0.578571144953137,0.5647357800025847,0.5921129987435605,-0.05941033806492568,-0.06525798255910227,-0.05342677771943533
chaco_santiago_frontier,completo,ae_d3,px,12,20,0.38668217001716715,0.9554889148339626,0.6215545186721086,0.9712042126260003,0.5952322901567574,0.5821046056987601,0.6076600860007138,-0.042749192861305296,-0.04756595299697803,-0.03847386949546931
chaco_santiago_frontier,completo,ae_d3,px,24,31,0.3949044832431073,0.9758061928230917,0.6302372418377495,0.9847713206788087,0.5987001677990215,0.5856365702928472,0.6111628532346087,-0.03928131521904121,-0.04383356820695301,-0.03513345276790295
chaco_santiago_frontier,completo,ae_d3,tipo,6,14,0.3715213370234384,0.9180266034361713,0.6182500841527858,0.9660408993057634,0.4416882817392607,0.42867531149563937,0.4551201178900362,-0.19629320127880195,-0.20688304679752434,-0.1856238890243212
chaco_santiago_frontier,completo,ae_d3,tipo,12,19,0.37989889171113883,0.9387274819823883,0.6178230702290134,0.9653736726841893,0.40689578055678616,0.3914533343695123,0.42195505153054147,-0.23108570246127652,-0.24459421666118564,-0.21740915088364648
chaco_santiago_frontier,completo,ae_d3,tipo,24,30,0.38933966794714586,0.9620555734755445,0.628998814092797,0.9828362269632962,0.2773273420518942,0.2619046465105251,0.292998023125924,-0.3606541409661685,-0.37908471087839085,-0.3428741096641509
chaco_santiago_frontier,completo,ae_d8,px,6,13,0.37583911374603746,0.9286957992643325,0.6242105239345679,0.9753543288622528,0.6212143222327654,0.6076494496792281,0.6344970992294178,-0.016767160785297275,-0.020102957543413697,-0.013496779754730506
chaco_santiago_frontier,completo,ae_d8,px,12,19,0.38482489986316504,0.9508996133827935,0.6304434019805643,0.9850934542860182,0.6272738353417135,0.6142144557772715,0.6403977059372566,-0.01070764767634913,-0.013669001309233273,-0.007839743979945519
chaco_santiago_frontier,completo,ae_d8,px,24,30,0.3924830168598433,0.9698227664687059,0.6300475954299986,0.984474990454212,0.6277116502604246,0.6145301674553775,0.6402566940820774,-0.010269832757638042,-0.012580788869434072,-0.008088534647960055
chaco_santiago_frontier,completo,ae_d8,tipo,6,14,0.3761447606201922,0.9294510505346343,0.6226164093379873,0.9728634599761007,0.49428770562902746,0.48056751166337636,0.5081319412568596,-0.14369377738903522,-0.15562443047081712,-0.1319797339620125
chaco_santiago_frontier,completo,ae_d8,tipo,12,20,0.38043821292563684,0.9400601408995677,0.6265893786262637,0.9790713860606076,0.6212879145743853,0.6078325755910667,0.6346084548127503,-0.01669356844367742,-0.02016822812361994,-0.01321402628572223
chaco_santiago_frontier,completo,ae_d8,tipo,24,29,0.38765910466136816,0.9579029134494402,0.6318709304724844,0.9873240256089626,0.4208588857870279,0.40840173348726644,0.4322044197932613,-0.21712259723103478,-0.23042360393958272,-0.20531813505127602
chaco_santiago_frontier,completo,om,px,6,13,0.36862517087429336,0.9108701973083619,0.6189831727701658,0.9671863800834573,0.6142694314368566,0.6007172828009617,0.6274075870283756,-0.02371205158120604,-0.027870932858386956,-0.019725066582023932
chaco_santiago_frontier,completo,om,px,12,19,0.38107976673329247,0.9416454158333907,0.6271897263887145,0.9800094538542076,0.6219968135533217,0.6086609839477644,0.6351263034384995,-0.015984669464740975,-0.019344041209720827,-0.012554332453354355
chaco_santiago_frontier,completo,om,px,24,27,0.3871192473003665,0.9565689297180318,0.6338148235391465,0.9903614375793076,0.6287427062141793,0.6157016632663543,0.6418077933810503,-0.009238776803883408,-0.012173086901541471,-0.006299849213579925
chaco_santiago_frontier,completo,om,tipo,6,14,0.36913078280360045,0.9121195608195869,0.6193912829640101,0.9678240688582472,0.24945158529070716,0.23440043776549838,0.26351900345375334,-0.3885298977273555,-0.40735391851497743,-0.3706607067024107
chaco_santiago_frontier,completo,om,tipo,12,19,0.3810560294743564,0.9415867612339791,0.6306164521721037,0.9853638522478542,0.4400174747534041,0.4258814825828013,0.45427162509645264,-0.1979640082646586,-0.20848104739741033,-0.18751924832872766
chaco_santiago_frontier,completo,om,tipo,24,28,0.3829755531297663,0.9463298906480513,0.6271864165489145,0.9800042820949164,0.43952490390266385,0.42208023648262055,0.45576018503816607,-0.19845657911539882,-0.2117862553518233,-0.1852542869505867
chaco_santiago_frontier,completo,onehot,px,6,14,0.3784733271034225,0.9352049218912621,0.6277288171931358,0.9808518051597059,0.6270369122953601,0.6135320788045804,0.6401557001027243,-0.010944570722702607,-0.014324017257233774,-0.00767118919291569
chaco_santiago_frontier,completo,onehot,px,12,19,0.3900201060798631,0.9637369313023425,0.6323268564283728,0.9880364284565042,0.6165178936182295,0.60328330317475,0.6298137508816029,-0.02146358939983317,-0.02499612976348866,-0.018197561025342437
chaco_santiago_frontier,completo,onehot,px,24,29,0.3969032313781604,0.9807450853675903,0.6378752222599848,0.9967059757077477,0.6315093501910236,0.6185724479920653,0.6442153169694955,-0.006472132827039068,-0.007897410661014853,-0.0050811957492045675
chaco_santiago_frontier,completo,onehot,tipo,6,14,0.3683991355276419,0.9103116655610188,0.6186089898059872,0.9666017039847628,0.5381599350620568,0.522652178500993,0.5539849879836011,-0.09982154795600584,-0.1091840032875287,-0.0906723256614056
chaco_santiago_frontier,completo,onehot,tipo,12,19,0.37972532744273924,0.9382986058993258,0.6291988457144047,0.9831487845068867,0.6240595928705396,0.6107981636214443,0.6370183581331907,-0.013921890147523097,-0.017310877675627993,-0.010756612210640625
chaco_santiago_frontier,completo,onehot,tipo,24,29,0.38215126531089383,0.9442930812613388,0.6201251238943936,0.9689707251556038,0.2430556021596592,0.22784784480115544,0.25754469891102827,-0.39492588085840347,-0.41362568845176045,-0.37730191317308925
chaco_santiago_frontier,completo,pca8,px,6,13,0.36868096358192476,0.9110080606954118,0.6190377915839181,0.9672717242011675,0.6148622693827471,0.6012964379038851,0.6280748586422971,-0.02311921363531555,-0.027277062557249526,-0.019260188467146545
chaco_santiago_frontier,completo,pca8,px,12,19,0.3901933636581145,0.9641650495562121,0.6292163974911771,0.9831762098718843,0.6166352751029488,0.603389367174985,0.6295790614741834,-0.02134620791511388,-0.02488818544191427,-0.017981698059997418
chaco_santiago_frontier,completo,pca8,px,24,30,0.39343726862312484,0.9721807158454143,0.632789728127,0.9887596843095425,0.6152428108565584,0.6017976057564796,0.62828444116369,-0.02273867216150427,-0.026180610490191426,-0.019425176851844396
chaco_santiago_frontier,completo,pca8,tipo,6,14,0.36960935860779703,0.9133021182563502,0.6194231428130442,0.9678738511680303,0.6140982026186204,0.6004942661405972,0.6273419309634857,-0.02388328039944232,-0.028046979499129446,-0.019918453396436296
chaco_santiago_frontier,completo,pca8,tipo,12,19,0.3818674798412996,0.9435918493675172,0.6270411725099302,0.9797773323772605,-0.0207506285392505,-0.02598293879966041,-0.015131677109465563,-0.6587321115573131,-0.6727767492786921,-0.6450243749535586
chaco_santiago_frontier,completo,pca8,tipo,24,28,0.3873897801989036,0.957237414602242,0.6348085465163812,0.9919141701436778,0.4742531833561591,0.4598113841876992,0.48713120694474726,-0.16372829966190355,-0.1770268049966552,-0.15187168594087536
chaco_santiago_frontier,sin_costura,ae_d16,px,6,14,0.38139546742830266,0.9455880082080556,0.6288210631628754,0.9840189928994666,0.6281038153054146,0.6145953030518237,0.6410225009374416,-0.009021364318817171,-0.012080398421508706,-0.006130895647874022
chaco_santiago_frontier,sin_costura,ae_d16,px,12,19,0.3930895455961048,0.9745809591654501,0.6370551923905332,0.9969042793897906,0.6319433212730324,0.6187860469534087,0.6445080277712693,-0.005181858351199331,-0.006927020558715189,-0.0035197966400675133
chaco_santiago_frontier,sin_costura,ae_d16,px,24,30,0.3954654430001105,0.9804714856289896,0.6387127994531807,0.9994982078186591,0.6323051265167521,0.6195212605628466,0.644791113179381,-0.004820053107479683,-0.006197417090686347,-0.003636933468326198
chaco_santiago_frontier,sin_costura,ae_d16,tipo,6,14,0.3774072446269124,0.9357000677967933,0.6274461211749798,0.9818673966672744,0.23091529113933926,0.21564159723461715,0.24656212351988097,-0.4062098884848925,-0.4254449129532722,-0.38777671875921893
chaco_santiago_frontier,sin_costura,ae_d16,tipo,12,18,0.3812923119285458,0.9453322563392447,0.6242084631696753,0.9768009045340308,0.20484754446979775,0.1899771010116259,0.21970539040995352,-0.432277635154434,-0.45108419951653467,-0.41305524079299977
chaco_santiago_frontier,sin_costura,ae_d16,tipo,24,28,0.39195123663451953,0.9717587669905702,0.635410381411396,0.9943303750821653,-0.023024001905994778,-0.02668651480848058,-0.019209039046812943,-0.6601491815302265,-0.6734946196098467,-0.6462158413605201
chaco_santiago_frontier,sin_costura,ae_d3,px,6,14,0.37226736423846646,0.9229568401656157,0.6200103281376861,0.9702313971682065,0.6191972260415973,0.6054615807309556,0.6325557490913442,-0.017927953582634437,-0.02162972264539218,-0.014361293494669695
chaco_santiago_frontier,sin_costura,ae_d3,px,12,19,0.3832033556413811,0.950070278083979,0.6237208205492362,0.9760378105024062,0.6043864731962918,0.5908088125145654,0.6178562541121279,-0.03273870642793997,-0.03679588083373182,-0.028745461317077364
chaco_santiago_frontier,sin_costura,ae_d3,px,24,30,0.3942772987599072,0.9775257376023198,0.6340324713980957,0.9921741342959963,0.6248595139995201,0.6120751601601484,0.6376573719434837,-0.012265665624711652,-0.014813060653935181,-0.009654412608270845
chaco_santiago_frontier,sin_costura,ae_d3,tipo,6,14,0.3738361881468354,0.9268464015302186,0.6214619229484915,0.972502944588457,0.44448326879831124,0.43106117002566746,0.45796818388738175,-0.19264191082592053,-0.20297103430956706,-0.181935435667687
chaco_santiago_frontier,sin_costura,ae_d3,tipo,12,19,0.3788443638747388,0.9392630957904731,0.6253626735009546,0.9786070859015361,0.37729230655867724,0.3598795134684661,0.39377312318677826,-0.2598328730655545,-0.27700769762954586,-0.24280602735178206
chaco_santiago_frontier,sin_costura,ae_d3,tipo,24,27,0.3876745750872034,0.9611557047633903,0.6250385453702333,0.9780998696909999,0.4712235872114571,0.457307320194799,0.4845689896200542,-0.1659015924127747,-0.17693582691527843,-0.15521991281248418
chaco_santiago_frontier,sin_costura,ae_d8,px,6,13,0.37793251444143716,0.937002361295553,0.6267147697713539,0.9807229317092595,0.6233208336873706,0.6097903634582276,0.6365665544208837,-0.013804345936861195,-0.017240222592777868,-0.010681838074524653
chaco_santiago_frontier,sin_costura,ae_d8,px,12,19,0.38385267959622826,0.9516801371347061,0.6292697453374267,0.9847211191598579,0.6261287881024531,0.6123046480944674,0.6392751411064078,-0.01099639152177867,-0.014039006369481249,-0.008131452467212322
chaco_santiago_frontier,sin_costura,ae_d8,px,24,29,0.3939298751585857,0.9766643755274288,0.6298313256814144,0.9855999156202427,0.6259410385235813,0.6128299069832782,0.6386625509033467,-0.011184141100650469,-0.013226509385679208,-0.009012078012357237
chaco_santiago_frontier,sin_costura,ae_d8,tipo,6,14,0.3797015442584876,0.9413882901385062,0.622966368010902,0.9748571954269063,0.5156771718695319,0.5009501412723121,0.5296420994415617,-0.12144800775469988,-0.13232104287617977,-0.11155631744723059
chaco_santiago_frontier,sin_costura,ae_d8,tipo,12,20,0.3812943956578903,0.9453374224978616,0.6265932326953321,0.9805327428015512,0.5326192313268867,0.5179010565782673,0.5462780855723394,-0.10450594829734505,-0.11430877589509239,-0.09553438412207817
chaco_santiago_frontier,sin_costura,ae_d8,tipo,24,30,0.38596368766370215,0.9569139274765093,0.6299398425074098,0.9857697296167578,0.4246682914799087,0.41125354461560026,0.436960633706064,-0.21245688814432306,-0.22588587229786058,-0.19955762401017824
chaco_santiago_frontier,sin_costura,om,px,6,13,0.37155202216972333,0.9211833034045964,0.6215216791177014,0.9725964548235463,0.6167980957320458,0.6029909308227901,0.6299440075118089,-0.02032708389218596,-0.023998816639246565,-0.01668335595450885
chaco_santiago_frontier,sin_costura,om,px,12,18,0.37905028250585726,0.9397736267350728,0.6263429581150987,0.9801410973004433,0.6173384651852494,0.6034400767705297,0.6305021958311982,-0.01978671443898239,-0.02285296152009224,-0.016817854682170726
chaco_santiago_frontier,sin_costura,om,px,24,28,0.38714128772019446,0.9598335334681395,0.6326885172608242,0.9900710298134443,0.6238532117477436,0.6106319571016975,0.6369519469918673,-0.013271967876488211,-0.01602545392934009,-0.010731141579623422
chaco_santiago_frontier,sin_costura,om,tipo,6,14,0.372070701505825,0.9224692572299791,0.6219368846864726,0.9732461947727353,0.26072486158813246,0.24573436813386038,0.27493675500879194,-0.3764003180360993,-0.39555524616203197,-0.3596785567322119
chaco_santiago_frontier,sin_costura,om,tipo,12,19,0.3783573989880313,0.9380557711193283,0.6282688566926878,0.9831548652700047,0.24833728922406934,0.23372324572546535,0.2616796836587312,-0.38878789040016243,-0.4077102489202106,-0.37132042718478825
chaco_santiago_frontier,sin_costura,om,tipo,24,28,0.38451354551515116,0.953318612002225,0.6286194091875916,0.983703431997809,0.4413577727558861,0.4241026867167498,0.45811897885012465,-0.19576740686834565,-0.20849685763214326,-0.1827994442002331
chaco_santiago_frontier,sin_costura,onehot,px,6,14,0.3717972125508629,0.9217912002044636,0.6218362444292632,0.9730887065295042,0.6165207916946925,0.6027185476271848,0.6296843141174151,-0.020604387929539225,-0.024303306453784958,-0.01694990369051339
chaco_santiago_frontier,sin_costura,onehot,px,12,19,0.3863690512664357,0.957918939319711,0.6265620853997128,0.9804840015422928,0.6126795801529576,0.5993846884198429,0.625724024224594,-0.024445599471274115,-0.027902384830061487,-0.02097598842517564
chaco_santiago_frontier,sin_costura,onehot,px,24,28,0.393601695175091,0.9758507238628746,0.6348491298059042,0.9934520930525822,0.6273251473094301,0.6140002305781044,0.6404153658748031,-0.009800032314801643,-0.012353514833989016,-0.007482869919088973
chaco_santiago_frontier,sin_costura,onehot,tipo,6,13,0.3712309550850391,0.9203872866423762,0.6210902527297868,0.9719213315100703,0.3423230679936163,0.3273064649027891,0.3564713593788741,-0.2948021116306155,-0.309520621330454,-0.2803728563066966
chaco_santiago_frontier,sin_costura,onehot,tipo,12,18,0.38292844838892265,0.9493887046949534,0.6296162765717938,0.9852633931646995,0.38736292016010404,0.37046344503659134,0.4031083057500654,-0.24976225946412772,-0.2647063483256826,-0.23532998126987345
chaco_santiago_frontier,sin_costura,onehot,tipo,24,29,0.38963110469743834,0.966006499004908,0.6282629518368613,0.9831456249779343,0.4437630172729972,0.42970955946912226,0.4581505575125804,-0.19336216235123455,-0.20503135676742193,-0.18137453935269995
chaco_santiago_frontier,sin_costura,pca8,px,6,13,0.3714890146212249,0.9210270897435153,0.6215766333544749,0.9726824506908816,0.6173951405320811,0.6033715149815064,0.6305143471320125,-0.019730039092150653,-0.023253327218642993,-0.01615629296184989
chaco_santiago_frontier,sin_costura,pca8,px,12,19,0.38600465487540164,0.9570154968642474,0.6311476111864498,0.9876597224761361,0.6259874595576184,0.6124791538061919,0.6390390038831375,-0.011137720066613399,-0.014335402323191193,-0.008111464112514503
chaco_santiago_frontier,sin_costura,pca8,px,24,30,0.39512763822753644,0.9796339713705866,0.6326569990305244,0.9900217080921241,0.6158991609991472,0.6025870675456806,0.6289315748350401,-0.021226018625084553,-0.0245247058851148,-0.01790396783257273
chaco_santiago_frontier,sin_costura,pca8,tipo,6,14,0.37209419315494857,0.9225274997199963,0.6219109108154799,0.9732055492157189,0.6165725809278219,0.6027605609895632,0.6297115741060936,-0.020552598696409907,-0.0242498324826221,-0.016908599007239386
chaco_santiago_frontier,sin_costura,pca8,tipo,12,19,0.38169910684532166,0.9463408168176818,0.6274118097541329,0.9818137039846265,0.4062711528498789,0.39326632296883685,0.4191022787593685,-0.23085402677435285,-0.24482580033705628,-0.21826041706272917
chaco_santiago_frontier,sin_costura,pca8,tipo,24,28,0.38613084737938974,0.957328364028877,0.6298762077586921,0.9856701499350092,0.20799268880546548,0.19253310491261663,0.22269782529335957,-0.42913249081876625,-0.4484298230342536,-0.409899159940955
yungas,completo,ae_d16,px,6,9,0.480999219489686,1.0160490662719295,0.652026759601019,1.0052746959707612,0.6745758916232292,0.6184196346680592,0.7248028987081574,0.00438246403369047,-0.002401340636011717,0.011182545327557254
yungas,completo,ae_d16,px,12,16,0.4877775494787228,1.0303674176895279,0.6593271927962934,1.016530278127121,0.6796059050663491,0.6238099157632354,0.7283376640899588,0.0094124774768104,0.004105413349584003,0.015138580968417165
yungas,completo,ae_d16,px,24,21,0.4892359100538946,1.0334480170764941,0.6611023291494318,1.0192671284655948,0.6698108251277686,0.6135375798159629,0.7183653276606832,-0.0003826024617701318,-0.003675180782131529,0.002814585064597391
yungas,completo,ae_d16,tipo,6,11,0.4834587759762612,1.0212445634169751,0.6560981158606594,1.0115517871573303,0.43141104994028057,0.3814856695156457,0.4787417576705733,-0.23878237764925814,-0.2725816625329033,-0.200026946971661
yungas,completo,ae_d16,tipo,12,15,0.48822354599870577,1.0313095280492288,0.6593603883449651,1.0165814579975898,0.18469500079064524,0.1328758558704663,0.23244495046083702,-0.48549842679889343,-0.5521401116800201,-0.41944977335906636
yungas,completo,ae_d16,tipo,24,19,0.4877071292787882,1.0302186640627213,0.6570691199262412,1.0130488512002407,0.43848116069588905,0.3904649541870666,0.48085450480106684,-0.23171226689364965,-0.2725955690231905,-0.19105710229910192
yungas,completo,ae_d3,px,6,11,0.4783361239009574,1.0104236189184155,0.6683786676749028,1.0304855622051075,0.6328165369728722,0.5784231144121013,0.6814696489798722,-0.03737689061666649,-0.05315581128692972,-0.02190578750228964
yungas,completo,ae_d3,px,12,16,0.4875582636243199,1.0299042044896207,0.6562594834576845,1.0118005787286122,0.631635631464437,0.5751214116642142,0.6829819938750131,-0.038557796125101684,-0.0532908694829823,-0.02621220803175209
yungas,completo,ae_d3,px,24,22,0.49016727891220824,1.0354154141542862,0.6602696114391446,1.0179832700491847,0.6342505698165114,0.5782985537467094,0.6856456229734593,-0.035942857773027304,-0.05031019920840654,-0.02340575560561587
yungas,completo,ae_d3,tipo,6,11,0.47805804151405495,1.0098362055960848,0.6678565891579639,1.0296806376914114,0.45054909785028346,0.400160639369913,0.49884419511746275,-0.21964432973925524,-0.2566688430655245,-0.18243071815798526
yungas,completo,ae_d3,tipo,12,12,0.48332760090133803,1.0209674729207883,0.6561847602877174,1.011685372855748,0.43694517351649326,0.38633368569916177,0.4863882967687501,-0.23324825407304545,-0.26896548101177825,-0.19710715272213675
yungas,completo,ae_d3,tipo,24,19,0.48442126581414796,1.02327769956659,0.658010419293195,1.0145001174573358,0.31159334437420844,0.25473322156735984,0.3669498755593287,-0.35860008321533027,-0.41865289159279107,-0.30105531426816895
yungas,completo,ae_d8,px,6,10,0.4809222717948445,1.0158865241505963,0.657061255706451,1.0130367263893458,0.6734022842580534,0.6174931965867126,0.7217052550356876,0.0032088566685146702,-0.0028258750181839485,0.009599464446613358
yungas,completo,ae_d8,px,12,15,0.4851640341177617,1.0248467021985357,0.6580630354432145,1.0145812394104383,0.6756081430302469,0.6199897094606923,0.7241433101324734,0.005414715440708151,-0.0003059578824222836,0.011627646992526443
yungas,completo,ae_d8,px,24,21,0.48779609529528767,1.03040659334479,0.6593580183338722,1.0165778039877724,0.6632801321674313,0.6072001058297186,0.7121736815923669,-0.0069132954221073906,-0.012394316476178158,-0.0021524297355324934
yungas,completo,ae_d8,tipo,6,11,0.480370683053352,1.0147213637863983,0.6564152021684764,1.0120406610217745,0.5324498042437574,0.48449375436000497,0.5756035097098813,-0.13774362334578127,-0.17466149495545558,-0.10542567403587626
yungas,completo,ae_d8,tipo,12,16,0.486035660355329,1.0266879006640093,0.6592153400042376,1.0163578269510434,0.6752567382145391,0.6199539418054284,0.7237706853878964,0.005063310625000428,-0.0009092577832123138,0.011062105030767795
yungas,completo,ae_d8,tipo,24,20,0.486236427472936,1.027111995411188,0.6578108636891968,1.014192448797753,0.4667929289863797,0.4202471726162014,0.507029758344164,-0.203400498603159,-0.2417417991261439,-0.16884791798413154
yungas,completo,om,px,6,9,0.48013924729264085,1.0142324854700842,0.668234634893626,1.0302634969167188,0.6706831304032232,0.6145756249539662,0.7196812178588888,0.0004897028136845449,-0.006200285401982941,0.007126755647194477
yungas,completo,om,px,12,14,0.48738035023474097,1.0295283853073136,0.6592234425018507,1.0163703191313178,0.6755684743779528,0.6198153851018714,0.723687239456897,0.005375046788414051,-0.0007825024015558651,0.011591955450568332
yungas,completo,om,px,24,18,0.48824795890821937,1.03136109718471,0.659310600905321,1.0165046972626746,0.6763880665906133,0.6202602347521008,0.7246840973189599,0.006194639001074642,0.0006141735954305367,0.012230810482092623
yungas,completo,om,tipo,6,10,0.4792785302070543,1.012414331186877,0.6683786676749028,1.0304855622051075,0.2412349078266515,0.18752236708995487,0.29489779485761897,-0.42895851976288724,-0.4950986153303047,-0.3655084594281475
yungas,completo,om,tipo,12,14,0.48841126785155414,1.0317060663502842,0.6603074762588648,1.0180416488573725,0.48633597903070275,0.4336000423606546,0.538271314198702,-0.18385744855883596,-0.21810821622635515,-0.1491331458300373
yungas,completo,om,tipo,24,19,0.4885376462697996,1.0319730245253753,0.6596343521883041,1.0170038469797356,0.5174161196411731,0.46105566940247256,0.5734203675073116,-0.15277730794836564,-0.1855036625686745,-0.11935022716282023
yungas,completo,onehot,px,6,10,0.48513936562182525,1.0247945931695666,0.6565018963503505,1.012174323430629,0.6760915669715969,0.6210550103645872,0.7248664889373942,0.005898139382058187,2.7550801302797545e-05,0.011799683279964168
yungas,completo,onehot,px,12,15,0.4899971710768259,1.035056083202587,0.6601062731722627,1.0177314401600546,0.6590486878325336,0.6021830643240612,0.7090705179270399,-0.01114473975700514,-0.01890420974312745,-0.005071653159650988
yungas,completo,onehot,px,24,23,0.4901980260597278,1.035480363553915,0.6603714309343784,1.018140252198472,0.6689942301241593,0.613710648921937,0.7170768356509563,-0.0011991974653794424,-0.00465011704411393,0.0018670154155969614
yungas,completo,onehot,tipo,6,10,0.4800266547585599,1.013994648204478,0.6683786676749028,1.0304855622051075,0.6197023728526195,0.5617833248574038,0.672684260725227,-0.05049105473691917,-0.08096214354213722,-0.024516072853806324
yungas,completo,onehot,tipo,12,14,0.4845343600798817,1.0235165966758648,0.6590098320771194,1.0160409811837319,0.6753824507531049,0.6199068247022339,0.7238027167865977,0.0051890231635661754,-0.0007559862702124164,0.011439220804062096
yungas,completo,onehot,tipo,24,20,0.48412959873003053,1.0226615903163627,0.6556678181584232,1.0108883674656952,0.20857411397896625,0.15565805410562075,0.2624125372049158,-0.46161931361057246,-0.529427951575761,-0.3945255301632415
yungas,completo,pca8,px,6,9,0.48002972274781525,1.0140011289376933,0.668234634893626,1.0302634969167188,0.6708730172797415,0.6147474567374014,0.7197524229319214,0.0006795896902027643,-0.006181823683564747,0.007268088084476147
yungas,completo,pca8,px,12,15,0.48846679399927695,1.0318233582049514,0.6585072203800569,1.0152660700109681,0.6561147145941778,0.598725968339843,0.7064843826892167,-0.014078712995360898,-0.02458222361201505,-0.006500255743261688
yungas,completo,pca8,px,24,22,0.4874719373022996,1.0297218512230677,0.660496859927223,1.0183336347411223,0.6561017476956995,0.5987253385595275,0.7061567480001136,-0.014091679893839193,-0.024378213329569572,-0.006539803720265384
yungas,completo,pca8,tipo,6,10,0.4781420810869028,1.0100137283987467,0.6683786676749028,1.0304855622051075,0.6698214062654815,0.6140070259955096,0.7185993066516124,-0.00037202132405722566,-0.007247352043295912,0.006243666383982158
yungas,completo,pca8,tipo,12,14,0.48402201555581426,1.0224343346800127,0.6571915719746851,1.0132376439820674,-0.007030995877010263,-0.015110534602007694,0.003317149384850374,-0.677224423466549,-0.7261215902187081,-0.6201817796872297
yungas,completo,pca8,tipo,24,20,0.48603395665945404,1.0266843018253151,0.6603500948949429,1.0181073569526236,0.5037731657486875,0.4561881600137352,0.543278503725564,-0.16642026184085124,-0.2037107579917513,-0.13056667890213924
yungas,sin_costura,ae_d16,px,6,11,0.486646959931965,1.0260664195817337,0.6573289802696313,1.0150228769428262,0.6760755715157848,0.621740713560009,0.7289778228634819,0.006906555422418137,0.0008630189628411528,0.01276423686910256
yungas,sin_costura,ae_d16,px,12,14,0.48661193641519845,1.0259925745618146,0.6573642871319606,1.0150773964818287,0.6638098294371063,0.6075403919548402,0.7175398208646099,-0.00535918665626034,-0.010661117969637998,-0.0010849213954379217
yungas,sin_costura,ae_d16,px,24,22,0.4906368451191586,1.034478857232918,0.659573850078632,1.0184893211135355,0.6686299787441173,0.6123453686045354,0.7211160177544523,-0.0005390373492493161,-0.003541054418935688,0.002195107175039628
yungas,sin_costura,ae_d16,tipo,6,10,0.4868837305617949,1.0265656364934055,0.658468406387067,1.0167823362250095,0.21223410402117773,0.15384533526970798,0.26899348679321233,-0.45693491207218895,-0.5260838650563466,-0.38883819610604475
yungas,sin_costura,ae_d16,tipo,12,14,0.48702571917525905,1.0268650111124495,0.6578561385687182,1.0158368951124253,0.17839785433555985,0.1282798855558083,0.23027037748581847,-0.4907711617578068,-0.5579887602050786,-0.42626684740587834
yungas,sin_costura,ae_d16,tipo,24,20,0.48709906546894577,1.027019657447779,0.6559837452046907,1.0129456151655953,-0.014665433344040808,-0.019444590155012566,-0.009772474085599054,-0.6838344494374075,-0.7361110744622165,-0.62703893598602
yungas,sin_costura,ae_d3,px,6,11,0.4804585250325399,1.0130184695011344,0.6558110488921561,1.0126789439655604,0.6746535049348256,0.6200963779827782,0.727281130279331,0.005484488841458912,-0.0012007929892164535,0.011771670014603218
yungas,sin_costura,ae_d3,px,12,15,0.48773394022287425,1.0283582534306601,0.6551731234863758,1.0116938833641176,0.6483396642754585,0.5886050366253849,0.7029207036406122,-0.020829351817908126,-0.03150108473880826,-0.011964510640024545
yungas,sin_costura,ae_d3,px,24,21,0.49070114717101754,1.0346144343176529,0.6577803789121752,1.015719909878473,0.6585314937889782,0.600111373270203,0.7121348977838066,-0.010637522304388414,-0.018753672942171642,-0.0036156574917697057
yungas,sin_costura,ae_d3,tipo,6,11,0.4813878808926125,1.0149779615320622,0.6551731234863758,1.0116938833641176,0.4545681652891131,0.40504528441597937,0.5046018561251117,-0.21460085080425356,-0.24950871025454857,-0.1797859985509558
yungas,sin_costura,ae_d3,tipo,12,15,0.4837570595823461,1.0199732350992992,0.6589177980982005,1.0174762701320796,0.41812617204602515,0.3615616084372387,0.4741741122149841,-0.2510428440473415,-0.2993735293118151,-0.20393617175637138
yungas,sin_costura,ae_d3,tipo,24,19,0.48461631919410164,1.0217849333239186,0.6593737547613304,1.01818034139299,0.47881223612623297,0.42708026974404834,0.5306406765036339,-0.19035677996713368,-0.22586380276056275,-0.15551800373673885
yungas,sin_costura,ae_d8,px,6,10,0.482973668063067,1.018321500274058,0.6579617647004091,1.0159999990425537,0.6750514576642656,0.621674690530463,0.7275799424031336,0.0058824415708989,-0.0004821216431083824,0.012150587400302268
yungas,sin_costura,ae_d8,px,12,15,0.4875493395318695,1.027969033758769,0.6585705519867874,1.0169400656475776,0.6766049465442393,0.6231785369448715,0.7288917198955346,0.007435930450872652,0.0014151514046503444,0.013779714441289398
yungas,sin_costura,ae_d8,px,24,25,0.48804301119867044,1.0290099113585678,0.6583634187560112,1.0166202182437303,0.6624645960414217,0.6035171209402648,0.7153033346011448,-0.006704420051944937,-0.012342888816232375,-0.0020459272668507697
yungas,sin_costura,ae_d8,tipo,6,11,0.4836765591561064,1.0198035046973295,0.6574323273762969,1.0151824616875738,0.5517459957007118,0.49574870521313774,0.6078855356560604,-0.11742302039265484,-0.1498647202659783,-0.08552083722532541
yungas,sin_costura,ae_d8,tipo,12,14,0.48950490780632633,1.0320922341541852,0.6590361693171612,1.0176590545502677,0.5867922361798787,0.5265155651566071,0.6415113412383312,-0.08237677991348791,-0.11110951398828471,-0.05712052993536968
yungas,sin_costura,ae_d8,tipo,24,21,0.4880889146653341,1.0291066961113022,0.6586862976408854,1.0171187957665022,0.47723547475169165,0.4318888342508188,0.5195023385552778,-0.191933541341675,-0.22783397297055075,-0.1569964770427831
yungas,sin_costura,om,px,6,9,0.4823410525389027,1.0169876677439178,0.655660602823816,1.012446630762134,0.6725460240593736,0.6182534713340455,0.7253280305847353,0.0033770079660069285,-0.003582029630762837,0.009946455032275649
yungas,sin_costura,om,px,12,13,0.4860257931709356,1.0247567260935802,0.6572812024257103,1.0149491001795214,0.6692555475902773,0.6154110730262579,0.7212011588243277,8.653149691062456e-05,-0.006116408601926562,0.006213742024171569
yungas,sin_costura,om,px,24,21,0.48951788725442463,1.0321196005551594,0.6584973406710144,1.016827015466327,0.671390236792033,0.6177766673785785,0.7223274146593466,0.0022212206986663707,-0.0030924473843147865,0.007594115258784388
yungas,sin_costura,om,tipo,6,10,0.4814659644077349,1.0151425960194558,0.6558110488921561,1.0126789439655604,0.2634341770032112,0.21185857656661994,0.3134903408650694,-0.40573483909015545,-0.46811695308741946,-0.3454605436405568
yungas,sin_costura,om,tipo,12,13,0.48665765846940545,1.0260889768170813,0.659297721893805,1.0180629342768361,0.23582542223797656,0.183797355891632,0.288016791715912,-0.4333435938553901,-0.4976437965360296,-0.36946393030663405
yungas,sin_costura,om,tipo,24,18,0.4887032813875487,1.0304020521185833,0.6588418614023415,1.0173590115206235,0.5195117639540879,0.46153763554168176,0.5726539943123851,-0.14965725213927872,-0.1825887117386451,-0.1162841378769937
yungas,sin_costura,onehot,px,6,9,0.4832607077014992,1.0189267064262248,0.655660602823816,1.012446630762134,0.6716831321487954,0.6173997769026588,0.7243324442966428,0.002514116055428728,-0.004495168491803453,0.00896890599125506
yungas,sin_costura,onehot,px,12,15,0.4870038356305743,1.0268188709488584,0.6570108348983911,1.0145316087351324,0.6580025056376774,0.5992472532302878,0.7123589526406119,-0.011166510455689282,-0.01832822840513115,-0.004900346768258099
yungas,sin_costura,onehot,px,24,21,0.48884141872562686,1.0306933065505686,0.6586708430096557,1.0170949313017916,0.6716021895346408,0.6178796824199715,0.7225007844641087,0.002433173441274139,-0.002760670787373695,0.007776106037601513
yungas,sin_costura,onehot,tipo,6,10,0.4822492810142927,1.0167941728956416,0.6558110488921561,1.0126789439655604,0.42918417132783215,0.37855810797474865,0.47568503605374274,-0.2399848447655345,-0.28679580601095683,-0.1954875065845596
yungas,sin_costura,onehot,tipo,12,13,0.48810609603006766,1.0291429220057333,0.6581801535566799,1.0163372269631807,0.44986402377329193,0.4018021914932934,0.49538268660825063,-0.21930499232007472,-0.2639795009228502,-0.17521274116917163
yungas,sin_costura,onehot,tipo,24,20,0.4879555116740539,1.0288254237703767,0.6582267755150296,1.0164092188511291,0.45792114024292085,0.4090813684295114,0.5040327385508191,-0.2112478758504458,-0.24691111844673397,-0.17618120543769356
yungas,sin_costura,pca8,px,6,9,0.4830003196899743,1.0183776936578626,0.655660602823816,1.012446630762134,0.6727352626707754,0.6184130328527974,0.725664316495972,0.0035662465774087826,-0.003285371672479187,0.010220297028418743
yungas,sin_costura,pca8,px,12,15,0.4873066632058872,1.027457365034993,0.6575392638284174,1.0153475889656027,0.674147076897755,0.6213353198053775,0.7267076853278182,0.00497806080438834,-0.0014246325936645848,0.011252709566530038
yungas,sin_costura,pca8,px,24,23,0.48873413590178283,1.0304671070424907,0.6591547002894989,1.0178420856536576,0.6549409053461727,0.595768344649871,0.7094868375853803,-0.01422811074719399,-0.023715931335580802,-0.0062949450757817235
yungas,sin_costura,pca8,tipo,6,10,0.48164061935267266,1.0155108456722217,0.6558110488921561,1.0126789439655604,0.6716831321487954,0.6173997769026588,0.7243324442966428,0.002514116055428728,-0.004495168491803453,0.00896890599125506
yungas,sin_costura,pca8,tipo,12,14,0.4871448448762863,1.0271161806287459,0.657704728094401,1.015603092709285,0.461274387045423,0.4142184073032083,0.5021518265251077,-0.20789462904794365,-0.24758599766796383,-0.17089808930021813
yungas,sin_costura,pca8,tipo,24,19,0.48621566974623104,1.0251570696564025,0.657839202428528,1.0158107429568743,0.17897492154463088,0.12892955752141722,0.23107930218957776,-0.49019409454873575,-0.5569006031170617,-0.4259730823442413
