zona,universo,linea,mcc,ic_lo,ic_hi,u_adj,n_eval,prevalencia
chaco_santiago_frontier,completo,r0,0.39946330446706907,0.3860809291701844,0.4111702376979261,,,
chaco_santiago_frontier,completo,r0p,0.6379814830180627,0.6248009976921033,0.6495306773129484,,,
chaco_santiago_frontier,completo,f2000_no_f2022,0.6374581369031889,0.6242477035324087,0.6489316528906057,,,
chaco_santiago_frontier,completo,alguna_transicion,0.6164939300841515,0.6020114308636991,0.6286704450737628,,,
chaco_santiago_frontier,completo,techo_tabla_secuencia_cv,0.6399833429382603,0.6266251360503744,0.6517578084269149,0.40469561081654387,793112.0,0.26037684463228394
chaco_santiago_frontier,sin_costura,r0,0.3991292296187172,0.38562622896538945,0.41092968008890185,,,
chaco_santiago_frontier,sin_costura,r0p,0.6371251796242318,0.6237079637473232,0.6485285550238907,,,
chaco_santiago_frontier,sin_costura,f2000_no_f2022,0.6366185386776925,0.6231629901852715,0.6480026331500455,,,
chaco_santiago_frontier,sin_costura,alguna_transicion,0.6190357210301791,0.6044998962075685,0.6312777072926471,,,
chaco_santiago_frontier,sin_costura,techo_tabla_secuencia_cv,0.6390334614477504,0.6253840158195741,0.6505977391241219,0.4033421152950843,789498.0,0.259225482521805
yungas,completo,r0,0.46164034290923855,0.41055984995980616,0.5068507406173247,,,
yungas,completo,r0p,0.6701934275895387,0.6152947450410706,0.7155568601166606,,,
yungas,completo,f2000_no_f2022,0.6701934275895387,0.6152947450410706,0.7155568601166606,,,
yungas,completo,alguna_transicion,0.67300073144969,0.615502464358151,0.7201430462604457,,,
yungas,completo,techo_tabla_secuencia_cv,0.6486055624541289,0.578920480547054,0.7093733852314908,0.47340156637765574,11777.0,0.1785735450725909
yungas,sin_costura,r0,0.4608419750667038,0.4128338793938049,0.5092474411366714,,,
yungas,sin_costura,r0p,0.6691690160933667,0.6104463064133941,0.7194464354047637,,,
yungas,sin_costura,f2000_no_f2022,0.6691690160933667,0.6104463064133941,0.7194464354047637,,,
yungas,sin_costura,alguna_transicion,0.6747506911247687,0.6160225681527712,0.7237863226862834,,,
yungas,sin_costura,techo_tabla_secuencia_cv,0.64760016271698,0.576284429746647,0.7154742931594213,0.47428407230239733,11624.0,0.1779377510568543
