zona,semilla,espacio,k,mcc_seq,mcc_cv,ratio
chaco_santiago_frontier,0,ae_d16,6,0.64084974285927,0.6262180832028166,0.9771683459040312
chaco_santiago_frontier,0,ae_d16,12,0.64084974285927,0.6345446569720239,0.9901613662835927
chaco_santiago_frontier,0,ae_d16,24,0.64084974285927,0.639719783236604,0.9982367791588329
chaco_santiago_frontier,0,ae_d3,6,0.64084974285927,0.6173433302070996,0.9633199312099399
chaco_santiago_frontier,0,ae_d3,12,0.64084974285927,0.623025153341285,0.9721860081608877
chaco_santiago_frontier,0,ae_d3,24,0.64084974285927,0.6323412840752816,0.9867231611172591
chaco_santiago_frontier,0,ae_d8,6,0.64084974285927,0.6242105239345679,0.9740356938422677
chaco_santiago_frontier,0,ae_d8,12,0.64084974285927,0.6304434019805643,0.9837616524081356
chaco_santiago_frontier,0,ae_d8,24,0.64084974285927,0.6320121954807582,0.9862096419995716
chaco_santiago_frontier,0,om,6,0.64084974285927,0.6189831727701658,0.9658787877614767
chaco_santiago_frontier,0,om,12,0.64084974285927,0.6271897263887145,0.9786845253153902
chaco_santiago_frontier,0,om,24,0.64084974285927,0.6334970848891708,0.9885267052815002
chaco_santiago_frontier,0,onehot,6,0.64084974285927,0.6277288171931358,0.9795257377999518
chaco_santiago_frontier,0,onehot,12,0.64084974285927,0.6323268564283728,0.9867006478104045
chaco_santiago_frontier,0,onehot,24,0.64084974285927,0.6394829388578285,0.9978672005151422
chaco_santiago_frontier,0,pca8,6,0.64084974285927,0.6190377915839181,0.9659640164977927
chaco_santiago_frontier,0,pca8,12,0.64084974285927,0.6292163974911771,0.9818470000218951
chaco_santiago_frontier,0,pca8,24,0.64084974285927,0.6335772306456655,0.9886517669787043
chaco_santiago_frontier,1,ae_d16,6,0.6395506614525209,0.6250988034104933,0.9774031067230777
chaco_santiago_frontier,1,ae_d16,12,0.6395506614525209,0.6334442541578189,0.9904520350571863
chaco_santiago_frontier,1,ae_d16,24,0.6395506614525209,0.6379490916210576,0.9974957889530973
chaco_santiago_frontier,1,ae_d3,6,0.6395506614525209,0.6162042256138971,0.963495564549022
chaco_santiago_frontier,1,ae_d3,12,0.6395506614525209,0.6249938056247929,0.9772389324175397
chaco_santiago_frontier,1,ae_d3,24,0.6395506614525209,0.6304315354758558,0.985741354788135
chaco_santiago_frontier,1,ae_d8,6,0.6395506614525209,0.6230853066431635,0.974254807630154
chaco_santiago_frontier,1,ae_d8,12,0.6395506614525209,0.6293282077536028,0.9840161940014238
chaco_santiago_frontier,1,ae_d8,24,0.6395506614525209,0.6301798473095992,0.9853478157279376
chaco_santiago_frontier,1,om,6,0.6395506614525209,0.6178470065578843,0.9660642132003363
chaco_santiago_frontier,1,om,12,0.6395506614525209,0.6260681572130586,0.9789187861852235
chaco_santiago_frontier,1,om,24,0.6395506614525209,0.6327051397170705,0.989296357352046
chaco_santiago_frontier,1,onehot,6,0.6395506614525209,0.626612087690047,0.9797692746762415
chaco_santiago_frontier,1,onehot,12,0.6395506614525209,0.6312142654699459,0.9869652296760325
chaco_santiago_frontier,1,onehot,24,0.6395506614525209,0.6379635297735806,0.997518364416455
chaco_santiago_frontier,1,pca8,6,0.6395506614525209,0.6179016550955702,0.9661496615330168
chaco_santiago_frontier,1,pca8,12,0.6395506614525209,0.6280976078829555,0.9820920307649222
chaco_santiago_frontier,1,pca8,24,0.6395506614525209,0.6324738777528456,0.9889347566561766
chaco_santiago_frontier,2,ae_d16,6,0.6408782904282553,0.6262180832028166,0.9771248184805226
chaco_santiago_frontier,2,ae_d16,12,0.6408782904282553,0.6338912501289172,0.9890977110573225
chaco_santiago_frontier,2,ae_d16,24,0.6408782904282553,0.6390463074671778,0.9971414494944847
chaco_santiago_frontier,2,ae_d3,6,0.6408782904282553,0.6173433302070996,0.9632770206564044
chaco_santiago_frontier,2,ae_d3,12,0.6408782904282553,0.6261049980278375,0.9769483650467458
chaco_santiago_frontier,2,ae_d3,24,0.6408782904282553,0.6315361226595486,0.985422867480089
chaco_santiago_frontier,2,ae_d8,6,0.6408782904282553,0.6242105239345679,0.9739923059610126
chaco_santiago_frontier,2,ae_d8,12,0.6408782904282553,0.6304434019805643,0.9837178312894355
chaco_santiago_frontier,2,ae_d8,24,0.6408782904282553,0.6312949939842573,0.9850466202598404
chaco_santiago_frontier,2,om,6,0.6408782904282553,0.6189831727701658,0.9658357632250915
chaco_santiago_frontier,2,om,12,0.6408782904282553,0.6271897263887145,0.9786409303545083
chaco_santiago_frontier,2,om,24,0.6408782904282553,0.6338148235391465,0.9889784581649836
chaco_santiago_frontier,2,onehot,6,0.6408782904282553,0.6277288171931358,0.979482105367725
chaco_santiago_frontier,2,onehot,12,0.6408782904282553,0.6323268564283728,0.9866566957757796
chaco_santiago_frontier,2,onehot,24,0.6408782904282553,0.6390327694624903,0.9971203253514302
chaco_santiago_frontier,2,pca8,6,0.6408782904282553,0.6190377915839181,0.9659209881649407
chaco_santiago_frontier,2,pca8,12,0.6408782904282553,0.6292163974911771,0.9818032641903265
chaco_santiago_frontier,2,pca8,24,0.6408782904282553,0.6335772306456655,0.9886077280325551
chaco_santiago_frontier,3,ae_d16,6,0.6406020204292575,0.6262180832028166,0.977546219387815
chaco_santiago_frontier,3,ae_d16,12,0.6406020204292575,0.6335153552604422,0.9889374916987201
chaco_santiago_frontier,3,ae_d16,24,0.6406020204292575,0.638925603446687,0.9973830601073548
chaco_santiago_frontier,3,ae_d3,6,0.6406020204292575,0.6173433302070996,0.9636924494765524
chaco_santiago_frontier,3,ae_d3,12,0.6406020204292575,0.6230136976875537,0.9725440723244704
chaco_santiago_frontier,3,ae_d3,24,0.6406020204292575,0.631836775070607,0.9863171749711669
chaco_santiago_frontier,3,ae_d8,6,0.6406020204292575,0.6242105239345679,0.9744123559215346
chaco_santiago_frontier,3,ae_d8,12,0.6406020204292575,0.6304434019805643,0.984142075540308
chaco_santiago_frontier,3,ae_d8,24,0.6406020204292575,0.6314733242584288,0.9857498167665601
chaco_santiago_frontier,3,om,6,0.6406020204292575,0.6189831727701658,0.9662522955444236
chaco_santiago_frontier,3,om,12,0.6406020204292575,0.6271897263887145,0.9790629851096073
chaco_santiago_frontier,3,om,24,0.6406020204292575,0.6338148235391465,0.9894049711464179
chaco_santiago_frontier,3,onehot,6,0.6406020204292575,0.6277288171931358,0.9799045228931754
chaco_santiago_frontier,3,onehot,12,0.6406020204292575,0.6323268564283728,0.9870822074595712
chaco_santiago_frontier,3,onehot,24,0.6406020204292575,0.638777438520542,0.997151769974917
chaco_santiago_frontier,3,pca8,6,0.6406020204292575,0.6190377915839181,0.9663375572389086
chaco_santiago_frontier,3,pca8,12,0.6406020204292575,0.6292163974911771,0.9822266827531216
chaco_santiago_frontier,3,pca8,24,0.6406020204292575,0.6324908512963953,0.9873382086315821
chaco_santiago_frontier,4,ae_d16,6,0.6404111443045933,0.6262180832028166,0.9778375794550098
chaco_santiago_frontier,4,ae_d16,12,0.6404111443045933,0.6327711318499638,0.9880701444336581
chaco_santiago_frontier,4,ae_d16,24,0.6404111443045933,0.6376134179625242,0.9956313590621427
chaco_santiago_frontier,4,ae_d3,6,0.6404111443045933,0.6173464961011983,0.9639846239271174
chaco_santiago_frontier,4,ae_d3,12,0.6404111443045933,0.6237731705344969,0.9740198559658683
chaco_santiago_frontier,4,ae_d3,24,0.6404111443045933,0.6320115341727928,0.9868840350351469
chaco_santiago_frontier,4,ae_d8,6,0.6404111443045933,0.6242105239345679,0.9747027819329763
chaco_santiago_frontier,4,ae_d8,12,0.6404111443045933,0.6304434019805643,0.984435401518734
chaco_santiago_frontier,4,ae_d8,24,0.6404111443045933,0.6317525638733441,0.986479653722061
chaco_santiago_frontier,4,om,6,0.6404111443045933,0.6189831727701658,0.966540289429698
chaco_santiago_frontier,4,om,12,0.6404111443045933,0.6271897263887145,0.9793547972525749
chaco_santiago_frontier,4,om,24,0.6404111443045933,0.6338148235391465,0.9896998657438892
chaco_santiago_frontier,4,onehot,6,0.6404111443045933,0.6277288171931358,0.9801965858585597
chaco_santiago_frontier,4,onehot,12,0.6404111443045933,0.6323268564283728,0.9873764097515838
chaco_santiago_frontier,4,onehot,24,0.6404111443045933,0.6375064151019348,0.9954642744298077
chaco_santiago_frontier,4,pca8,6,0.6404111443045933,0.6190377915839181,0.9666255765366419
chaco_santiago_frontier,4,pca8,12,0.6404111443045933,0.6292163974911771,0.9825194378439926
chaco_santiago_frontier,4,pca8,24,0.6404111443045933,0.6318696646703083,0.9866625062504806
chaco_santiago_frontier,5,ae_d16,6,0.6398954396806609,0.6262180832028166,0.978625638456386
chaco_santiago_frontier,5,ae_d16,12,0.6398954396806609,0.6336202824058299,0.9901934646104642
chaco_santiago_frontier,5,ae_d16,24,0.6398954396806609,0.6394552144439211,0.9993120356710785
chaco_santiago_frontier,5,ae_d3,6,0.6398954396806609,0.6173464961011983,0.9647615185526004
chaco_santiago_frontier,5,ae_d3,12,0.6398954396806609,0.6261049980278375,0.9784489139980346
chaco_santiago_frontier,5,ae_d3,24,0.6398954396806609,0.6327923133566764,0.9888995515774744
chaco_santiago_frontier,5,ae_d8,6,0.6398954396806609,0.6242105239345679,0.9754883145378868
chaco_santiago_frontier,5,ae_d8,12,0.6398954396806609,0.6304434019805643,0.9852287778378079
chaco_santiago_frontier,5,ae_d8,24,0.6398954396806609,0.6325260257999533,0.9884834092826396
chaco_santiago_frontier,5,om,6,0.6398954396806609,0.6189831727701658,0.9673192437174871
chaco_santiago_frontier,5,om,12,0.6398954396806609,0.6271897263887145,0.9801440790103346
chaco_santiago_frontier,5,om,24,0.6398954396806609,0.6338148235391465,0.9904974848007218
chaco_santiago_frontier,5,onehot,6,0.6398954396806609,0.6277288171931358,0.9809865460307127
chaco_santiago_frontier,5,onehot,12,0.6398954396806609,0.6323268564283728,0.9881721562884318
chaco_santiago_frontier,5,onehot,24,0.6398954396806609,0.6384103829343647,0.9976792196752686
chaco_santiago_frontier,5,pca8,6,0.6398954396806609,0.6190377915839181,0.9674045995590284
chaco_santiago_frontier,5,pca8,12,0.6398954396806609,0.6292163974911771,0.9833112700493487
chaco_santiago_frontier,5,pca8,24,0.6398954396806609,0.6325358418652722,0.9884987493908982
chaco_santiago_frontier,6,ae_d16,6,0.6399318748329993,0.6252725820821624,0.9770924166659732
chaco_santiago_frontier,6,ae_d16,12,0.6399318748329993,0.6336267810914177,0.9901472422463297
chaco_santiago_frontier,6,ae_d16,24,0.6399318748329993,0.6382648677280867,0.9973950241104217
chaco_santiago_frontier,6,ae_d3,6,0.6399318748329993,0.616368322627417,0.9631780301430811
chaco_santiago_frontier,6,ae_d3,12,0.6399318748329993,0.6251734585970355,0.9769375197323696
chaco_santiago_frontier,6,ae_d3,24,0.6399318748329993,0.6316335578726573,0.9870324994164299
chaco_santiago_frontier,6,ae_d8,6,0.6399318748329993,0.6232558925658961,0.9739410038428621
chaco_santiago_frontier,6,ae_d8,12,0.6399318748329993,0.6295026039560143,0.9837025294611139
chaco_santiago_frontier,6,ae_d8,24,0.6399318748329993,0.6312692709409456,0.9864632404905377
chaco_santiago_frontier,6,om,6,0.6399318748329993,0.6180124001001218,0.9657471746682447
chaco_santiago_frontier,6,om,12,0.6399318748329993,0.6262397609402114,0.9786037945111562
chaco_santiago_frontier,6,om,24,0.6399318748329993,0.6328816053715006,0.9889827812322389
chaco_santiago_frontier,6,onehot,6,0.6399318748329993,0.6267868656494331,0.9794587366241186
chaco_santiago_frontier,6,onehot,12,0.6399318748329993,0.6313894886908893,0.9866511007217147
chaco_santiago_frontier,6,onehot,24,0.6399318748329993,0.6378981205920853,0.996821920706099
chaco_santiago_frontier,6,pca8,6,0.6399318748329993,0.6180670409485082,0.9658325600827478
chaco_santiago_frontier,6,pca8,12,0.6399318748329993,0.6282701099672693,0.9817765525919875
chaco_santiago_frontier,6,pca8,24,0.6399318748329993,0.6320405593651878,0.9876685069486953
chaco_santiago_frontier,7,ae_d16,6,0.6411955078696772,0.6262180832028166,0.9766414073663399
chaco_santiago_frontier,7,ae_d16,12,0.6411955078696772,0.6333352566571547,0.9877412565807931
chaco_santiago_frontier,7,ae_d16,24,0.6411955078696772,0.6382482701253219,0.9954035271486115
chaco_santiago_frontier,7,ae_d3,6,0.6411955078696772,0.6173464961011983,0.9628053979234581
chaco_santiago_frontier,7,ae_d3,12,0.6411955078696772,0.6261049980278375,0.9764650412290368
chaco_santiago_frontier,7,ae_d3,24,0.6411955078696772,0.633101506992565,0.9873767037077289
chaco_santiago_frontier,7,ae_d8,6,0.6411955078696772,0.6242105239345679,0.9735104445888266
chaco_santiago_frontier,7,ae_d8,12,0.6411955078696772,0.6304434019805643,0.98323115842649
chaco_santiago_frontier,7,ae_d8,24,0.6411955078696772,0.6325889574973267,0.986577338320811
chaco_santiago_frontier,7,om,6,0.6411955078696772,0.6189831727701658,0.9653579371238733
chaco_santiago_frontier,7,om,12,0.6411955078696772,0.6271897263887145,0.9781567691771644
chaco_santiago_frontier,7,om,24,0.6411955078696772,0.6338148235391465,0.9884891827220493
chaco_santiago_frontier,7,onehot,6,0.6411955078696772,0.6277288171931358,0.9789975280374571
chaco_santiago_frontier,7,onehot,12,0.6411955078696772,0.6323268564283728,0.9861685689739628
chaco_santiago_frontier,7,onehot,24,0.6411955078696772,0.6380831904511236,0.9951460710807317
chaco_santiago_frontier,7,pca8,6,0.6411955078696772,0.6190377915839181,0.965443119900549
chaco_santiago_frontier,7,pca8,12,0.6411955078696772,0.6292163974911771,0.9813175385175424
chaco_santiago_frontier,7,pca8,24,0.6411955078696772,0.6316220352800175,0.9850693392699104
chaco_santiago_frontier,8,ae_d16,6,0.640464246558059,0.6262180832028166,0.9777565048606488
chaco_santiago_frontier,8,ae_d16,12,0.640464246558059,0.6339382450068265,0.9898105138791055
chaco_santiago_frontier,8,ae_d16,24,0.640464246558059,0.63905949168347,0.9978066615238269
chaco_santiago_frontier,8,ae_d3,6,0.640464246558059,0.6173433302070996,0.9638997547869155
chaco_santiago_frontier,8,ae_d3,12,0.640464246558059,0.623592972062225,0.9736577418856672
chaco_santiago_frontier,8,ae_d3,24,0.640464246558059,0.6315529737397586,0.9860862290655712
chaco_santiago_frontier,8,ae_d8,6,0.640464246558059,0.6242105239345679,0.9746219672513481
chaco_santiago_frontier,8,ae_d8,12,0.640464246558059,0.6304434019805643,0.9843537798849068
chaco_santiago_frontier,8,ae_d8,24,0.640464246558059,0.631554376579648,0.9860884194140518
chaco_santiago_frontier,8,om,6,0.640464246558059,0.6189831727701658,0.9664601515176915
chaco_santiago_frontier,8,om,12,0.640464246558059,0.6271897263887145,0.9792735968624579
chaco_santiago_frontier,8,om,24,0.640464246558059,0.6338148235391465,0.9896178076221314
chaco_santiago_frontier,8,onehot,6,0.640464246558059,0.6277288171931358,0.9801153156739582
chaco_santiago_frontier,8,onehot,12,0.640464246558059,0.6323268564283728,0.9872945442725061
chaco_santiago_frontier,8,onehot,24,0.640464246558059,0.6389413181458248,0.9976221492137638
chaco_santiago_frontier,8,pca8,6,0.640464246558059,0.6190377915839181,0.9665454315532997
chaco_santiago_frontier,8,pca8,12,0.640464246558059,0.6292163974911771,0.9824379750667904
chaco_santiago_frontier,8,pca8,24,0.640464246558059,0.6329684268022829,0.9882962713437017
chaco_santiago_frontier,9,ae_d16,6,0.6409253488695498,0.6262180832028166,0.9770530753812849
chaco_santiago_frontier,9,ae_d16,12,0.6409253488695498,0.6345446569720239,0.9900445630543713
chaco_santiago_frontier,9,ae_d16,24,0.6409253488695498,0.6399495178674828,0.9984774654274665
chaco_santiago_frontier,9,ae_d3,6,0.6409253488695498,0.6173464961011983,0.963211233866878
chaco_santiago_frontier,9,ae_d3,12,0.6409253488695498,0.6261049980278375,0.9768766349031879
chaco_santiago_frontier,9,ae_d3,24,0.6409253488695498,0.6311537777535139,0.9847539637287388
chaco_santiago_frontier,9,ae_d8,6,0.6409253488695498,0.6242105239345679,0.9739207928591636
chaco_santiago_frontier,9,ae_d8,12,0.6409253488695498,0.6304434019805643,0.9836456041136876
chaco_santiago_frontier,9,ae_d8,24,0.6409253488695498,0.6313465922001898,0.9850548013333305
chaco_santiago_frontier,9,om,6,0.6409253488695498,0.6189831727701658,0.9657648489982724
chaco_santiago_frontier,9,om,12,0.6409253488695498,0.6271897263887145,0.9785690759383103
chaco_santiago_frontier,9,om,24,0.6409253488695498,0.6338148235391465,0.9889058447400393
chaco_santiago_frontier,9,onehot,6,0.6409253488695498,0.6277288171931358,0.9794101891902236
chaco_santiago_frontier,9,onehot,12,0.6409253488695498,0.6323268564283728,0.9865842528207961
chaco_santiago_frontier,9,onehot,24,0.6409253488695498,0.6389822480303764,0.9969682883621305
chaco_santiago_frontier,9,pca8,6,0.6409253488695498,0.6190377915839181,0.96585006768068
chaco_santiago_frontier,9,pca8,12,0.6409253488695498,0.6292163974911771,0.9817311775871798
chaco_santiago_frontier,9,pca8,24,0.6409253488695498,0.6335772306456655,0.9885351418276017
chaco_santiago_frontier,10,ae_d16,6,0.6397945201558375,0.6254339204895376,0.9775543565724789
chaco_santiago_frontier,10,ae_d16,12,0.6397945201558375,0.6337931581306072,0.9906198602267358
chaco_santiago_frontier,10,ae_d16,24,0.6397945201558375,0.6378032405820783,0.9968876264003103
chaco_santiago_frontier,10,ae_d3,6,0.6397945201558375,0.6165272139333874,0.9636331580070695
chaco_santiago_frontier,10,ae_d3,12,0.6397945201558375,0.621968255201982,0.9721375154174289
chaco_santiago_frontier,10,ae_d3,24,0.6397945201558375,0.6297433699655991,0.9842900339506031
chaco_santiago_frontier,10,ae_d8,6,0.6397945201558375,0.6234153528571162,0.9743993316874117
chaco_santiago_frontier,10,ae_d8,12,0.6397945201558375,0.6296641845860301,0.9841662670581488
chaco_santiago_frontier,10,ae_d8,24,0.6397945201558375,0.6295779062616113,0.9840314138799786
chaco_santiago_frontier,10,om,6,0.6397945201558375,0.6181688592697367,0.9661990526570416
chaco_santiago_frontier,10,om,12,0.6397945201558375,0.6263997476157434,0.979063946129405
chaco_santiago_frontier,10,om,24,0.6397945201558375,0.6330443348582656,0.9894494480885399
chaco_santiago_frontier,10,onehot,6,0.6397945201558375,0.6269487633680401,0.9799220587499429
chaco_santiago_frontier,10,onehot,12,0.6397945201558375,0.6315515119104285,0.9871161631028018
chaco_santiago_frontier,10,onehot,24,0.6397945201558375,0.6376360729359485,0.9966263430650152
chaco_santiago_frontier,10,pca8,6,0.6397945201558375,0.6182234937808455,0.9662844464973882
chaco_santiago_frontier,10,pca8,12,0.6397945201558375,0.628430579399915,0.9822381399059896
chaco_santiago_frontier,10,pca8,24,0.6397945201558375,0.6328203757561269,0.9890993996040919
chaco_santiago_frontier,11,ae_d16,6,0.6411365789953858,0.6262180832028166,0.9767311735419224
chaco_santiago_frontier,11,ae_d16,12,0.6411365789953858,0.6345446569720239,0.9897183810137756
chaco_santiago_frontier,11,ae_d16,24,0.6411365789953858,0.6393088047504201,0.9971491655524791
chaco_santiago_frontier,11,ae_d3,6,0.6411365789953858,0.6173433302070996,0.9628889544477895
chaco_santiago_frontier,11,ae_d3,12,0.6411365789953858,0.6223189587181972,0.9706495918441054
chaco_santiago_frontier,11,ae_d3,24,0.6411365789953858,0.6305277581070852,0.9834531030737259
chaco_santiago_frontier,11,ae_d8,6,0.6411365789953858,0.6242105239345679,0.9735999229877981
chaco_santiago_frontier,11,ae_d8,12,0.6411365789953858,0.6304434019805643,0.9833215302867652
chaco_santiago_frontier,11,ae_d8,24,0.6411365789953858,0.6305097015497801,0.9834249397183714
chaco_santiago_frontier,11,om,6,0.6411365789953858,0.6189831727701658,0.9654466662003083
chaco_santiago_frontier,11,om,12,0.6411365789953858,0.6271897263887145,0.9782466746344047
chaco_santiago_frontier,11,om,24,0.6411365789953858,0.6335081276991401,0.9881016751404219
chaco_santiago_frontier,11,onehot,6,0.6411365789953858,0.6277288171931358,0.9790875107714818
chaco_santiago_frontier,11,onehot,12,0.6411365789953858,0.6323268564283728,0.9862592108208563
chaco_santiago_frontier,11,onehot,24,0.6411365789953858,0.6390863834283214,0.9968022483286214
chaco_santiago_frontier,11,pca8,6,0.6411365789953858,0.6190377915839181,0.9655318568064002
chaco_santiago_frontier,11,pca8,12,0.6411365789953858,0.6292163974911771,0.9814077344910085
chaco_santiago_frontier,11,pca8,24,0.6411365789953858,0.6335772306456655,0.98820945708391
chaco_santiago_frontier,12,ae_d16,6,0.6404848138860901,0.6255309979298327,0.9766523489206147
chaco_santiago_frontier,12,ae_d16,12,0.6404848138860901,0.6329484385775025,0.9882333270903626
chaco_santiago_frontier,12,ae_d16,24,0.6404848138860901,0.6383968995296412,0.9967401032605586
chaco_santiago_frontier,12,ae_d3,6,0.6404848138860901,0.6173464961011983,0.9638737448831894
chaco_santiago_frontier,12,ae_d3,12,0.6404848138860901,0.6224269480084915,0.9718059421767802
chaco_santiago_frontier,12,ae_d3,24,0.6404848138860901,0.6310623892721523,0.9852886057410667
chaco_santiago_frontier,12,ae_d8,6,0.6404848138860901,0.6235123344110176,0.973500574709815
chaco_santiago_frontier,12,ae_d8,12,0.6404848138860901,0.629761092916856,0.9832568692703754
chaco_santiago_frontier,12,ae_d8,24,0.6404848138860901,0.6306127023992356,0.984586501861057
chaco_santiago_frontier,12,om,6,0.6404848138860901,0.6189831727701658,0.9664291164290612
chaco_santiago_frontier,12,om,12,0.6404848138860901,0.6264966475954636,0.978160034418686
chaco_santiago_frontier,12,om,24,0.6404848138860901,0.6331411991359126,0.9885342874788541
chaco_santiago_frontier,12,onehot,6,0.6404848138860901,0.6270458266022576,0.9790174770853777
chaco_santiago_frontier,12,onehot,12,0.6404848138860901,0.6316483770108712,0.9862035185165365
chaco_santiago_frontier,12,onehot,24,0.6404848138860901,0.6379735697460638,0.9960791511592764
chaco_santiago_frontier,12,pca8,6,0.6404848138860901,0.6190377915839181,0.9665143937261464
chaco_santiago_frontier,12,pca8,12,0.6404848138860901,0.6285274355139313,0.9813307386640311
chaco_santiago_frontier,12,pca8,24,0.6404848138860901,0.6320035256959735,0.9867580182913985
chaco_santiago_frontier,13,ae_d16,6,0.6393830031552097,0.6250796454712733,0.9776294371083488
chaco_santiago_frontier,13,ae_d16,12,0.6393830031552097,0.6331434694548344,0.9902413206644771
chaco_santiago_frontier,13,ae_d16,24,0.6393830031552097,0.6382313702418012,0.9981988371481171
chaco_santiago_frontier,13,ae_d3,6,0.6393830031552097,0.6161794288233252,0.9637094289066489
chaco_santiago_frontier,13,ae_d3,12,0.6393830031552097,0.6249777465289846,0.9774700663684546
chaco_santiago_frontier,13,ae_d3,24,0.6393830031552097,0.6312872945809782,0.987338248695569
chaco_santiago_frontier,13,ae_d8,6,0.6393830031552097,0.6230643382610629,0.9744774809251765
chaco_santiago_frontier,13,ae_d8,12,0.6393830031552097,0.6293096405024076,0.9842451823037329
chaco_santiago_frontier,13,ae_d8,24,0.6393830031552097,0.6310311153979576,0.9869375824567789
chaco_santiago_frontier,13,om,6,0.6393830031552097,0.6178229880911741,0.9662799684107306
chaco_santiago_frontier,13,om,12,0.6393830031552097,0.6260479097087891,0.9791438099220421
chaco_santiago_frontier,13,om,24,0.6393830031552097,0.6326878820590461,0.9895287784268199
chaco_santiago_frontier,13,onehot,6,0.6393830031552097,0.6265935530653644,0.9799972003842262
chaco_santiago_frontier,13,onehot,12,0.6393830031552097,0.6311962544187022,0.987195861172243
chaco_santiago_frontier,13,onehot,24,0.6393830031552097,0.6378929885350606,0.9976696055215791
chaco_santiago_frontier,13,pca8,6,0.6393830031552097,0.617877635874049,0.9663654379690473
chaco_santiago_frontier,13,pca8,12,0.6393830031552097,0.6280779605943736,0.9823188253284052
chaco_santiago_frontier,13,pca8,24,0.6393830031552097,0.6324590229914222,0.9891708410614307
chaco_santiago_frontier,14,ae_d16,6,0.6405286805986246,0.6262180832028166,0.9776581473565967
chaco_santiago_frontier,14,ae_d16,12,0.6405286805986246,0.6338286647962345,0.9895398660429563
chaco_santiago_frontier,14,ae_d16,24,0.6405286805986246,0.6383448505249832,0.996590581905559
chaco_santiago_frontier,14,ae_d3,6,0.6405286805986246,0.6173433302070996,0.9638027912038906
chaco_santiago_frontier,14,ae_d3,12,0.6405286805986246,0.6224335886510638,0.9717497553261011
chaco_santiago_frontier,14,ae_d3,24,0.6405286805986246,0.6309416842852429,0.9850326822142892
chaco_santiago_frontier,14,ae_d8,6,0.6405286805986246,0.6242105239345679,0.9745239250663904
chaco_santiago_frontier,14,ae_d8,12,0.6405286805986246,0.6304434019805643,0.9842547587273769
chaco_santiago_frontier,14,ae_d8,24,0.6405286805986246,0.630499312266871,0.9843420464445396
chaco_santiago_frontier,14,om,6,0.6405286805986246,0.6189831727701658,0.9663629303713258
chaco_santiago_frontier,14,om,12,0.6405286805986246,0.6271897263887145,0.9791750867463987
chaco_santiago_frontier,14,om,24,0.6405286805986246,0.6338148235391465,0.9895182569292551
chaco_santiago_frontier,14,onehot,6,0.6405286805986246,0.6277288171931358,0.980016720885119
chaco_santiago_frontier,14,onehot,12,0.6405286805986246,0.6323268564283728,0.9871952272885166
chaco_santiago_frontier,14,onehot,24,0.6405286805986246,0.6383133452547497,0.9965413955518675
chaco_santiago_frontier,14,pca8,6,0.6405286805986246,0.6190377915839181,0.9664482018281813
chaco_santiago_frontier,14,pca8,12,0.6405286805986246,0.6292163974911771,0.9823391466298195
chaco_santiago_frontier,14,pca8,24,0.6405286805986246,0.6322354205990175,0.9870524767261688
chaco_santiago_frontier,15,ae_d16,6,0.6406613456821778,0.6253824665057592,0.9761513953051911
chaco_santiago_frontier,15,ae_d16,12,0.6406613456821778,0.6325819213429031,0.9873889311510254
chaco_santiago_frontier,15,ae_d16,24,0.6406613456821778,0.6379958827799354,0.9958395134649426
chaco_santiago_frontier,15,ae_d3,6,0.6406613456821778,0.616491761348022,0.9622740087301194
chaco_santiago_frontier,15,ae_d3,12,0.6406613456821778,0.6252760642138802,0.9759853133453598
chaco_santiago_frontier,15,ae_d3,24,0.6406613456821778,0.6309661509348384,0.9848668960400352
chaco_santiago_frontier,15,ae_d8,6,0.6406613456821778,0.6233701029218504,0.9730103230406141
chaco_santiago_frontier,15,ae_d8,12,0.6406613456821778,0.6296109468831704,0.9827515755812599
chaco_santiago_frontier,15,ae_d8,24,0.6406613456821778,0.6310837243647217,0.9850504148845475
chaco_santiago_frontier,15,om,6,0.6406613456821778,0.618133955706468,0.9648372886431558
chaco_santiago_frontier,15,om,12,0.6406613456821778,0.6263521710615683,0.9776649945918415
chaco_santiago_frontier,15,om,24,0.6406613456821778,0.6329867455139462,0.9880208159584536
chaco_santiago_frontier,15,onehot,6,0.6406613456821778,0.6268952300606416,0.978512648352652
chaco_santiago_frontier,15,onehot,12,0.6406613456821778,0.6314964554357269,0.9856946414697578
chaco_santiago_frontier,15,onehot,24,0.6406613456821778,0.6380089110143314,0.9958598490673383
chaco_santiago_frontier,15,pca8,6,0.6406613456821778,0.6181885964086531,0.9649225766077776
chaco_santiago_frontier,15,pca8,12,0.6406613456821778,0.6283810367990263,0.9808318248542444
chaco_santiago_frontier,15,pca8,24,0.6406613456821778,0.6316613184191798,0.9859519739661916
chaco_santiago_frontier,16,ae_d16,6,0.640616838694076,0.6262180832028166,0.9775236075270642
chaco_santiago_frontier,16,ae_d16,12,0.640616838694076,0.6345446569720239,0.9905213516796865
chaco_santiago_frontier,16,ae_d16,24,0.640616838694076,0.6389492477473556,0.997396898042643
chaco_santiago_frontier,16,ae_d3,6,0.640616838694076,0.6173433302070996,0.9636701580707425
chaco_santiago_frontier,16,ae_d3,12,0.640616838694076,0.6261049980278375,0.9773470820782333
chaco_santiago_frontier,16,ae_d3,24,0.640616838694076,0.6322123182940607,0.9868805815077413
chaco_santiago_frontier,16,ae_d8,6,0.640616838694076,0.6242105239345679,0.9743898165509463
chaco_santiago_frontier,16,ae_d8,12,0.640616838694076,0.6304434019805643,0.9841193111091947
chaco_santiago_frontier,16,ae_d8,24,0.640616838694076,0.6320244003594732,0.9865872424581924
chaco_santiago_frontier,16,om,6,0.640616838694076,0.6189831727701658,0.9662299449261881
chaco_santiago_frontier,16,om,12,0.640616838694076,0.6271897263887145,0.9790403381641775
chaco_santiago_frontier,16,om,24,0.640616838694076,0.6338148235391465,0.9893820849779789
chaco_santiago_frontier,16,onehot,6,0.640616838694076,0.6277288171931358,0.9798818564819292
chaco_santiago_frontier,16,onehot,12,0.640616838694076,0.6323268564283728,0.9870593750195473
chaco_santiago_frontier,16,onehot,24,0.640616838694076,0.6380542715135114,0.995999844172394
chaco_santiago_frontier,16,pca8,6,0.640616838694076,0.6190377915839181,0.966315204648464
chaco_santiago_frontier,16,pca8,12,0.640616838694076,0.6292163974911771,0.9822039626274276
chaco_santiago_frontier,16,pca8,24,0.640616838694076,0.6328949448229702,0.9879461584449649
chaco_santiago_frontier,17,ae_d16,6,0.640428136618383,0.6262180832028166,0.977811634743909
chaco_santiago_frontier,17,ae_d16,12,0.640428136618383,0.6336416686080867,0.9894032325841732
chaco_santiago_frontier,17,ae_d16,24,0.640428136618383,0.6385318263329833,0.997038995982574
chaco_santiago_frontier,17,ae_d3,6,0.640428136618383,0.6173496620177729,0.9639639902105642
chaco_santiago_frontier,17,ae_d3,12,0.640428136618383,0.6230158873964596,0.9728115486713867
chaco_santiago_frontier,17,ae_d3,24,0.640428136618383,0.6309400470845234,0.9851847709503223
chaco_santiago_frontier,17,ae_d8,6,0.640428136618383,0.6242105239345679,0.9746769203966458
chaco_santiago_frontier,17,ae_d8,12,0.640428136618383,0.6304434019805643,0.9844092817493301
chaco_santiago_frontier,17,ae_d8,24,0.640428136618383,0.6306796189948534,0.9847781240921046
chaco_santiago_frontier,17,om,6,0.640428136618383,0.6189831727701658,0.9665146444666658
chaco_santiago_frontier,17,om,12,0.640428136618383,0.6271897263887145,0.9793288122855274
chaco_santiago_frontier,17,om,24,0.640428136618383,0.6338148235391465,0.9896736062938202
chaco_santiago_frontier,17,onehot,6,0.640428136618383,0.6277288171931358,0.9801705785565532
chaco_santiago_frontier,17,onehot,12,0.640428136618383,0.6323268564283728,0.9873502119491705
chaco_santiago_frontier,17,onehot,24,0.640428136618383,0.6383712559703683,0.9967882725158272
chaco_santiago_frontier,17,pca8,6,0.640428136618383,0.6190377915839181,0.966599929310709
chaco_santiago_frontier,17,pca8,12,0.640428136618383,0.6292163974911771,0.9824933689103563
chaco_santiago_frontier,17,pca8,24,0.640428136618383,0.6329251066649897,0.9882843530376239
chaco_santiago_frontier,18,ae_d16,6,0.6390074094854571,0.6262180832028166,0.9799856369538207
chaco_santiago_frontier,18,ae_d16,12,0.6390074094854571,0.6329887005416354,0.9905811593817541
chaco_santiago_frontier,18,ae_d16,24,0.6390074094854571,0.6386761371617486,0.9994815829694758
chaco_santiago_frontier,18,ae_d3,6,0.6390074094854571,0.6173433302070996,0.9660972956545185
chaco_santiago_frontier,18,ae_d3,12,0.6390074094854571,0.6213478477574641,0.9723640736150261
chaco_santiago_frontier,18,ae_d3,24,0.6390074094854571,0.6301399790195583,0.986123117925911
chaco_santiago_frontier,18,ae_d8,6,0.6390074094854571,0.6242105239345679,0.9768439530884251
chaco_santiago_frontier,18,ae_d8,12,0.6390074094854571,0.6304434019805643,0.9865979527345563
chaco_santiago_frontier,18,ae_d8,24,0.6390074094854571,0.6295244449438591,0.985159851981632
chaco_santiago_frontier,18,om,6,0.6390074094854571,0.6189831727701658,0.9686635296898743
chaco_santiago_frontier,18,om,12,0.6390074094854571,0.6271897263887145,0.981506187688405
chaco_santiago_frontier,18,om,24,0.6390074094854571,0.6330653257696532,0.9907010722761594
chaco_santiago_frontier,18,onehot,6,0.6390074094854571,0.6269699687357473,0.9811622829860414
chaco_santiago_frontier,18,onehot,12,0.6390074094854571,0.6315726069922635,0.9883650762372532
chaco_santiago_frontier,18,onehot,24,0.6390074094854571,0.6383855581344194,0.9990268479804665
chaco_santiago_frontier,18,pca8,6,0.6390074094854571,0.6190377915839181,0.9687490041506421
chaco_santiago_frontier,18,pca8,12,0.6390074094854571,0.6292163974911771,0.9846777801807276
chaco_santiago_frontier,18,pca8,24,0.6390074094854571,0.6328410870048795,0.9903501549605773
chaco_santiago_frontier,19,ae_d16,6,0.6395427567648414,0.6253618682112794,0.9778265199573258
chaco_santiago_frontier,19,ae_d16,12,0.6395427567648414,0.6337152283066041,0.9908879767668449
chaco_santiago_frontier,19,ae_d16,24,0.6395427567648414,0.638892114025708,0.9989826438775967
chaco_santiago_frontier,19,ae_d3,6,0.6395427567648414,0.6173433302070996,0.9652885966998693
chaco_santiago_frontier,19,ae_d3,12,0.6395427567648414,0.6252625076703336,0.9776711581149865
chaco_santiago_frontier,19,ae_d3,24,0.6395427567648414,0.6313827981304193,0.9872409490247381
chaco_santiago_frontier,19,ae_d8,6,0.6395427567648414,0.6233454170844778,0.9746735624646917
chaco_santiago_frontier,19,ae_d8,12,0.6395427567648414,0.6295916351313138,0.9844402559042872
chaco_santiago_frontier,19,ae_d8,24,0.6395427567648414,0.6309029746224079,0.9864906887756211
chaco_santiago_frontier,19,om,6,0.6395427567648414,0.6181024041136354,0.9664754976513797
chaco_santiago_frontier,19,om,12,0.6395427567648414,0.6263290846588462,0.97933887614827
chaco_santiago_frontier,19,om,24,0.6395427567648414,0.6329703638339876,0.9897232939293996
chaco_santiago_frontier,19,onehot,6,0.6395427567648414,0.6268760279560613,0.9801940860485149
chaco_santiago_frontier,19,onehot,12,0.6395427567648414,0.6314783823624391,0.9873904061658109
chaco_santiago_frontier,19,onehot,24,0.6395427567648414,0.6383553323133442,0.9981433228053369
chaco_santiago_frontier,19,pca8,6,0.6395427567648414,0.6181570424053962,0.9665609310194897
chaco_santiago_frontier,19,pca8,12,0.6395427567648414,0.6283592877636569,0.9825133364690789
chaco_santiago_frontier,19,pca8,24,0.6395427567648414,0.6327434561981949,0.9893684972666393
yungas,0,ae_d16,6,0.653906359075263,0.666094428856612,1.0186388610726849
yungas,0,ae_d16,12,0.653906359075263,0.6731198542447955,1.0293826400414636
yungas,0,ae_d16,24,0.653906359075263,0.6745936260016686,1.0316364363785375
yungas,0,ae_d3,6,0.653906359075263,0.6683786676749028,1.022132081144013
yungas,0,ae_d3,12,0.653906359075263,0.6699306043186914,1.0245054127720818
yungas,0,ae_d3,24,0.653906359075263,0.6731155075848015,1.0293759928205983
yungas,0,ae_d8,6,0.653906359075263,0.6706710192705404,1.0256377078500745
yungas,0,ae_d8,12,0.653906359075263,0.6716282562775593,1.0271015825987044
yungas,0,ae_d8,24,0.653906359075263,0.6727575527017056,1.0288285828158965
yungas,0,om,6,0.653906359075263,0.668234634893626,1.0219118159955283
yungas,0,om,12,0.653906359075263,0.6727882160829122,1.0288754754340537
yungas,0,om,24,0.653906359075263,0.6726800526582921,1.0287100642507567
yungas,0,onehot,6,0.653906359075263,0.6701035074675435,1.0247698285350615
yungas,0,onehot,12,0.653906359075263,0.6736350447760672,1.0301705059554767
yungas,0,onehot,24,0.653906359075263,0.6738376613920729,1.0304803616606455
yungas,0,pca8,6,0.653906359075263,0.668234634893626,1.0219118159955283
yungas,0,pca8,12,0.653906359075263,0.6720952351445588,1.0278157198150177
yungas,0,pca8,24,0.653906359075263,0.6740165097125883,1.030753869201952
yungas,1,ae_d16,6,0.6293922256033049,0.6835039345046842,1.0859745429005108
yungas,1,ae_d16,12,0.6293922256033049,0.6888665451050726,1.09449484293321
yungas,1,ae_d16,24,0.6293922256033049,0.6665500013604332,1.0590375512209587
yungas,1,ae_d3,6,0.6293922256033049,0.6844706985726514,1.0875105708789952
yungas,1,ae_d3,12,0.6293922256033049,0.6470529957248427,1.0280600385627723
yungas,1,ae_d3,24,0.6293922256033049,0.6521938765683498,1.0362280467369744
yungas,1,ae_d8,6,0.6293922256033049,0.6867125792306747,1.0910725479210128
yungas,1,ae_d8,12,0.6293922256033049,0.6876493480837238,1.0925609184711116
yungas,1,ae_d8,24,0.6293922256033049,0.6887611672508684,1.0943274149766553
yungas,1,om,6,0.6293922256033049,0.6843291178310046,1.0872856225305927
yungas,1,om,12,0.6293922256033049,0.6888009092057052,1.0943905583604152
yungas,1,om,24,0.6293922256033049,0.6886865705702376,1.0942088932066107
yungas,1,onehot,6,0.6293922256033049,0.6841252133444958,1.086961652074311
yungas,1,onehot,12,0.6293922256033049,0.6896306186596488,1.095708829257626
yungas,1,onehot,24,0.6293922256033049,0.6509109173449275,1.0341896370280008
yungas,1,pca8,6,0.6293922256033049,0.6843291178310046,1.0872856225305927
yungas,1,pca8,12,0.6293922256033049,0.6881199920940634,1.0933086938505872
yungas,1,pca8,24,0.6293922256033049,0.6900065553937886,1.096306130461624
yungas,2,ae_d16,6,0.6657117578535264,0.6818636666199938,1.0242626160285142
yungas,2,ae_d16,12,0.6657117578535264,0.6888665451050726,1.034782001336742
yungas,2,ae_d16,24,0.6657117578535264,0.6905707816896005,1.0373420230945414
yungas,2,ae_d3,6,0.6657117578535264,0.6844706985726514,1.0281787733171635
yungas,2,ae_d3,12,0.6657117578535264,0.6680213915163026,1.003469419963714
yungas,2,ae_d3,24,0.6657117578535264,0.6741350319628281,1.0126530349057692
yungas,2,ae_d8,6,0.6657117578535264,0.6867125792306747,1.0315464179945715
yungas,2,ae_d8,12,0.6657117578535264,0.6876493480837238,1.032953586851059
yungas,2,ae_d8,24,0.6657117578535264,0.6888879480395945,1.034814151789651
yungas,2,om,6,0.6657117578535264,0.6843291178310046,1.0279660975757836
yungas,2,om,12,0.6657117578535264,0.6888009092057052,1.0346834062637347
yungas,2,om,24,0.6657117578535264,0.6888131939213975,1.0347018597693958
yungas,2,onehot,6,0.6657117578535264,0.6861466497088627,1.0306963060427612
yungas,2,onehot,12,0.6657117578535264,0.6896306186596488,1.035929755669698
yungas,2,onehot,24,0.6657117578535264,0.6742394289592669,1.0128098550237967
yungas,2,pca8,6,0.6657117578535264,0.6843291178310046,1.0279660975757836
yungas,2,pca8,12,0.6657117578535264,0.6881199920940634,1.0336605655168063
yungas,2,pca8,24,0.6657117578535264,0.6900065553937886,1.0364944696464378
yungas,3,ae_d16,6,0.6374835517754387,0.6538806679008415,1.0257216301185115
yungas,3,ae_d16,12,0.6374835517754387,0.6598926253661767,1.0351523949572143
yungas,3,ae_d16,24,0.6374835517754387,0.6616781087534794,1.0379532254764177
yungas,3,ae_d3,6,0.6374835517754387,0.6553916145854384,1.0280918037181106
yungas,3,ae_d3,12,0.6374835517754387,0.6569605247071201,1.0305529027022526
yungas,3,ae_d3,24,0.6374835517754387,0.660871184636252,1.0366874294963015
yungas,3,ae_d8,6,0.6374835517754387,0.6577129102420682,1.031733145757705
yungas,3,ae_d8,12,0.6374835517754387,0.6586821546534851,1.0332535683767945
yungas,3,ae_d8,24,0.6374835517754387,0.66051044803168,1.0361215535555541
yungas,3,om,6,0.6374835517754387,0.6552460140949613,1.027863404898923
yungas,3,om,12,0.6374835517754387,0.6598509831737605,1.0350870721856695
yungas,3,om,24,0.6374835517754387,0.6604315928183743,1.03599785591177
yungas,3,onehot,6,0.6374835517754387,0.6571419031588184,1.0308374252616084
yungas,3,onehot,12,0.6374835517754387,0.6607081353325209,1.0364316592834435
yungas,3,onehot,24,0.6374835517754387,0.6610762100124159,1.037009046227577
yungas,3,pca8,6,0.6374835517754387,0.6552460140949613,1.027863404898923
yungas,3,pca8,12,0.6374835517754387,0.6591502603386066,1.0339878707502719
yungas,3,pca8,24,0.6374835517754387,0.6610934876558802,1.0370361491126885
yungas,4,ae_d16,6,0.6268777610779862,0.644366901083355,1.027898804346312
yungas,4,ae_d16,12,0.6268777610779862,0.6504820023460738,1.037653658709311
yungas,4,ae_d16,24,0.6268777610779862,0.6522795545320506,1.0405211271339139
yungas,4,ae_d3,6,0.6268777610779862,0.6457259231180771,1.0300667262588472
yungas,4,ae_d3,12,0.6268777610779862,0.6473533202650784,1.0326627621179003
yungas,4,ae_d3,24,0.6268777610779862,0.6501970708708475,1.0371991339312487
yungas,4,ae_d8,6,0.6268777610779862,0.6481810615218548,1.0339831810387328
yungas,4,ae_d8,12,0.6268777610779862,0.649202943582366,1.0356132947928942
yungas,4,ae_d8,24,0.6268777610779862,0.6504001540982013,1.03752309378429
yungas,4,om,6,0.6268777610779862,0.6455749134242099,1.0298258344881654
yungas,4,om,12,0.6268777610779862,0.650366786417065,1.037469865414729
yungas,4,om,24,0.6268777610779862,0.6503502094887269,1.0374434217771216
yungas,4,onehot,6,0.6268777610779862,0.6460381002582415,1.030564713521352
yungas,4,onehot,12,0.6268777610779862,0.6512660972326104,1.0389044526203732
yungas,4,onehot,24,0.6268777610779862,0.6363885907257467,1.0151717451762934
yungas,4,pca8,6,0.6268777610779862,0.6455749134242099,1.0298258344881654
yungas,4,pca8,12,0.6268777610779862,0.6496395309422813,1.0363097421499747
yungas,4,pca8,24,0.6268777610779862,0.6516613301062277,1.0395349309977489
yungas,5,ae_d16,6,0.6318660732252745,0.648360184709065,1.026103809308195
yungas,5,ae_d16,12,0.6318660732252745,0.65438931827538,1.0356455996048952
yungas,5,ae_d16,24,0.6318660732252745,0.6501292801945977,1.028903604328843
yungas,5,ae_d3,6,0.6318660732252745,0.6496848178269548,1.0282001920291857
yungas,5,ae_d3,12,0.6318660732252745,0.6338415206019745,1.0031263703819648
yungas,5,ae_d3,24,0.6318660732252745,0.6380390453458921,1.0097694311851695
yungas,5,ae_d8,6,0.6318660732252745,0.6519696756271338,1.031816239633255
yungas,5,ae_d8,12,0.6318660732252745,0.6529251130822951,1.033328328184369
yungas,5,ae_d8,24,0.6318660732252745,0.6540975552587283,1.0351838514132847
yungas,5,om,6,0.6318660732252745,0.6495403707143883,1.0279715880279783
yungas,5,om,12,0.6318660732252745,0.6541032983049898,1.03519294043785
yungas,5,om,24,0.6318660732252745,0.6539849178232532,1.035005589847665
yungas,5,onehot,6,0.6318660732252745,0.6513899611262456,1.0308987754340315
yungas,5,onehot,12,0.6318660732252745,0.6549499632224834,1.0365328840641503
yungas,5,onehot,24,0.6318660732252745,0.6347824222456989,1.004615454356551
yungas,5,pca8,6,0.6318660732252745,0.6495403707143883,1.0279715880279783
yungas,5,pca8,12,0.6318660732252745,0.6534081772400921,1.0340928322118306
yungas,5,pca8,24,0.6318660732252745,0.6553340388967888,1.0371407275464644
yungas,6,ae_d16,6,0.6168014906512034,0.6427157908714691,1.0420140038781458
yungas,6,ae_d16,12,0.6168014906512034,0.642930085488899,1.042361432703591
yungas,6,ae_d16,24,0.6168014906512034,0.6444879425813691,1.0448871352449798
yungas,6,ae_d3,6,0.6168014906512034,0.6440342162867702,1.044151523704677
yungas,6,ae_d3,12,0.6168014906512034,0.6301366692600523,1.0216198871289528
yungas,6,ae_d3,24,0.6168014906512034,0.6291111550425366,1.0199572546076972
yungas,6,ae_d8,6,0.6168014906512034,0.6464685570474282,1.048098240432109
yungas,6,ae_d8,12,0.6168014906512034,0.6413503128194136,1.0398001991569317
yungas,6,ae_d8,24,0.6168014906512034,0.6426934025813912,1.0419777064787112
yungas,6,om,6,0.6168014906512034,0.6438839198578977,1.0439078530405324
yungas,6,om,12,0.6168014906512034,0.6486502644727395,1.0516353710298447
yungas,6,om,24,0.6168014906512034,0.6426375824481445,1.041887207129905
yungas,6,onehot,6,0.6168014906512034,0.6459066803769933,1.0471872882393027
yungas,6,onehot,12,0.6168014906512034,0.6434423169545366,1.043191896756291
yungas,6,onehot,24,0.6168014906512034,0.6288217729368961,1.0194880889036146
yungas,6,pca8,6,0.6168014906512034,0.6438839198578977,1.0439078530405324
yungas,6,pca8,12,0.6168014906512034,0.6479264888876002,1.0504619374436592
yungas,6,pca8,24,0.6168014906512034,0.6438450439373885,1.043844824787361
yungas,7,ae_d16,6,0.6612951981836562,0.6649697125877444,1.0055565417897798
yungas,7,ae_d16,12,0.6612951981836562,0.672349737512139,1.0167164971995044
yungas,7,ae_d16,24,0.6612951981836562,0.6738289491075176,1.0189533372664539
yungas,7,ae_d3,6,0.6612951981836562,0.6675743809441158,1.0094952795328112
yungas,7,ae_d3,12,0.6612951981836562,0.6691348938018574,1.0118550620656768
yungas,7,ae_d3,24,0.6612951981836562,0.6723443193737534,1.0167083039774751
yungas,7,ae_d8,6,0.6612951981836562,0.6698871435205055,1.012992602033779
yungas,7,ae_d8,12,0.6612951981836562,0.670852348037416,1.01445216883475
yungas,7,ae_d8,24,0.6612951981836562,0.6719864392091413,1.0161671233283562
yungas,7,om,6,0.6612951981836562,0.6674295545864495,1.0092762754359055
yungas,7,om,12,0.6612951981836562,0.6720107553002261,1.0162038937315767
yungas,7,om,24,0.6612951981836562,0.6719074561726921,1.0160476864465129
yungas,7,onehot,6,0.6612951981836562,0.6693221530819196,1.0121382325477495
yungas,7,onehot,12,0.6612951981836562,0.672863907725358,1.0174940171552385
yungas,7,onehot,24,0.6612951981836562,0.6730679278298984,1.017802533087459
yungas,7,pca8,6,0.6612951981836562,0.6674295545864495,1.0092762754359055
yungas,7,pca8,12,0.6612951981836562,0.671313892391932,1.0151501088103974
yungas,7,pca8,24,0.6612951981836562,0.6732467374918351,1.0180729261924257
yungas,8,ae_d16,6,0.6514123428575628,0.6652732088934447,1.021278175318383
yungas,8,ae_d16,12,0.6514123428575628,0.6723128603190625,1.0320849269908134
yungas,8,ae_d16,24,0.6514123428575628,0.6738289491075176,1.03441231425186
yungas,8,ae_d3,6,0.6514123428575628,0.6675743809441158,1.0248107642782063
yungas,8,ae_d3,12,0.6514123428575628,0.6691348938018574,1.0272063480813869
yungas,8,ae_d3,24,0.6514123428575628,0.6718245607330127,1.0313353256186508
yungas,8,ae_d8,6,0.6514123428575628,0.6698871435205055,1.0283611461549822
yungas,8,ae_d8,12,0.6514123428575628,0.670852348037416,1.02984285666829
yungas,8,ae_d8,24,0.6514123428575628,0.6719693522523309,1.0315575988391474
yungas,8,om,6,0.6514123428575628,0.6674295545864495,1.024588437576457
yungas,8,om,12,0.6514123428575628,0.6720107553002261,1.03162115773291
yungas,8,om,24,0.6514123428575628,0.6719271769515784,1.031492854439974
yungas,8,onehot,6,0.6514123428575628,0.6675044733326608,1.0247034472888652
yungas,8,onehot,12,0.6514123428575628,0.672863907725358,1.0329308541709437
yungas,8,onehot,24,0.6514123428575628,0.6731047920876527,1.0333006420095316
yungas,8,pca8,6,0.6514123428575628,0.6674295545864495,1.024588437576457
yungas,8,pca8,12,0.6514123428575628,0.671313892391932,1.0305513853898849
yungas,8,pca8,24,0.6514123428575628,0.6732467374918351,1.03351854608479
yungas,9,ae_d16,6,0.6364500203076046,0.6479416888540047,1.0180558852694295
yungas,9,ae_d16,12,0.6364500203076046,0.6536805906833921,1.027072935542464
yungas,9,ae_d16,24,0.6364500203076046,0.6554680309552917,1.0298813890185683
yungas,9,ae_d3,6,0.6364500203076046,0.6489652457976806,1.019664113584327
yungas,9,ae_d3,12,0.6364500203076046,0.6505813160754774,1.0222033079063193
yungas,9,ae_d3,24,0.6364500203076046,0.6538829070231671,1.027390818067909
yungas,9,ae_d8,6,0.6364500203076046,0.6513959883765464,1.0234833334779663
yungas,9,ae_d8,12,0.6364500203076046,0.6524081705441351,1.025073689570813
yungas,9,ae_d8,24,0.6364500203076046,0.6536857865629829,1.0270810993878956
yungas,9,om,6,0.6364500203076046,0.6488152831359831,1.0194284899580996
yungas,9,om,12,0.6364500203076046,0.6535713866661628,1.0269013525214175
yungas,9,om,24,0.6364500203076046,0.6535990751109101,1.0269448570290205
yungas,9,onehot,6,0.6364500203076046,0.6508367709690829,1.0226046825397617
yungas,9,onehot,12,0.6364500203076046,0.6544628182664244,1.0283019834772162
yungas,9,onehot,24,0.6364500203076046,0.6547301723453968,1.0287220542925857
yungas,9,pca8,6,0.6364500203076046,0.6488152831359831,1.0194284899580996
yungas,9,pca8,12,0.6364500203076046,0.652849280979561,1.0257667690292953
yungas,9,pca8,24,0.6364500203076046,0.654855977626856,1.028919721473739
yungas,10,ae_d16,6,0.6688507992085851,0.6825916229035094,1.0205439295447998
yungas,10,ae_d16,12,0.6688507992085851,0.689118655872843,1.0303025079557948
yungas,10,ae_d16,24,0.6688507992085851,0.6905707816896005,1.0324735838048118
yungas,10,ae_d3,6,0.6688507992085851,0.6844706985726514,1.023353338865033
yungas,10,ae_d3,12,0.6688507992085851,0.6678772214457944,0.9985444021836518
yungas,10,ae_d3,24,0.6688507992085851,0.6737690266202837,1.0073532504072926
yungas,10,ae_d8,6,0.6688507992085851,0.6867125792306747,1.0267051785588421
yungas,10,ae_d8,12,0.6688507992085851,0.6876493480837238,1.0281057433098413
yungas,10,ae_d8,24,0.6688507992085851,0.6887798558601413,1.0297959674641
yungas,10,om,6,0.6688507992085851,0.6843291178310046,1.0231416612505122
yungas,10,om,12,0.6688507992085851,0.6888009092057052,1.0298274443578836
yungas,10,om,24,0.6688507992085851,0.6886692037870022,1.0296305313559724
yungas,10,onehot,6,0.6688507992085851,0.6861466497088627,1.0258590563407308
yungas,10,onehot,12,0.6688507992085851,0.6896306186596488,1.0310679444139879
yungas,10,onehot,24,0.6688507992085851,0.6744896246330884,1.008430617756868
yungas,10,pca8,6,0.6688507992085851,0.6843291178310046,1.0231416612505122
yungas,10,pca8,12,0.6688507992085851,0.6881199920940634,1.0288094039930555
yungas,10,pca8,24,0.6688507992085851,0.6900065553937886,1.0316300080828729
yungas,11,ae_d16,6,0.6361836700679405,0.6378533555343846,1.0026245336763608
yungas,11,ae_d16,12,0.6361836700679405,0.6737503989407254,1.059050130709537
yungas,11,ae_d16,24,0.6361836700679405,0.6754924109170628,1.0617883524814844
yungas,11,ae_d3,6,0.6361836700679405,0.6403666923712943,1.0065751802508653
yungas,11,ae_d3,12,0.6361836700679405,0.625370966381859,0.9830038018974507
yungas,11,ae_d3,24,0.6361836700679405,0.6607105521087754,1.0385531461978827
yungas,11,ae_d8,6,0.6361836700679405,0.671535885653152,1.0555691968349896
yungas,11,ae_d8,12,0.6361836700679405,0.6725083128666056,1.0570977290171342
yungas,11,ae_d8,24,0.6361836700679405,0.6734438011418119,1.058568197875768
yungas,11,om,6,0.6361836700679405,0.640233283712063,1.0063654787676175
yungas,11,om,12,0.6361836700679405,0.6736631090983891,1.0589129221541413
yungas,11,om,24,0.6361836700679405,0.6737906936995036,1.0591134689570811
yungas,11,onehot,6,0.6361836700679405,0.6709746149249219,1.0546869504733845
yungas,11,onehot,12,0.6361836700679405,0.6745218383290535,1.0602627355351935
yungas,11,onehot,24,0.6361836700679405,0.6748886975999449,1.0608393917559544
yungas,11,pca8,6,0.6361836700679405,0.640233283712063,1.0063654787676175
yungas,11,pca8,12,0.6361836700679405,0.6729630990769783,1.0578125952291575
yungas,11,pca8,24,0.6361836700679405,0.6749055455225341,1.060865874552326
yungas,12,ae_d16,6,0.6312338692645653,0.6665150336605367,1.0558923817523869
yungas,12,ae_d16,12,0.6312338692645653,0.6495083553886691,1.0289504207773184
yungas,12,ae_d16,24,0.6312338692645653,0.6512930336042595,1.0317777060395454
yungas,12,ae_d3,6,0.6312338692645653,0.6676350337360312,1.0576666846376226
yungas,12,ae_d3,12,0.6312338692645653,0.6692201992529957,1.0601779021025715
yungas,12,ae_d3,24,0.6312338692645653,0.6498038490696864,1.0294185415411192
yungas,12,ae_d8,6,0.6312338692645653,0.6700088271189959,1.0614272454987346
yungas,12,ae_d8,12,0.6312338692645653,0.6709977172190916,1.062993844105441
yungas,12,ae_d8,24,0.6312338692645653,0.6494793208592661,1.0289044243078371
yungas,12,om,6,0.6312338692645653,0.6674879257945981,1.0574336363989334
yungas,12,om,12,0.6312338692645653,0.6721492044001188,1.0648180288285591
yungas,12,om,24,0.6312338692645653,0.6494490419249213,1.0288564564534188
yungas,12,onehot,6,0.6312338692645653,0.669452831209985,1.060546437392448
yungas,12,onehot,12,0.6312338692645653,0.6502927871551233,1.0301931167172051
yungas,12,onehot,24,0.6312338692645653,0.6384696911436237,1.0114629810461355
yungas,12,pca8,6,0.6312338692645653,0.6674879257945981,1.0574336363989334
yungas,12,pca8,12,0.6312338692645653,0.6714411907520388,1.0636963943875795
yungas,12,pca8,24,0.6312338692645653,0.6506855336001398,1.0308153052025506
yungas,13,ae_d16,6,0.6525411857721112,0.6705567020887847,1.0276082440610348
yungas,13,ae_d16,12,0.6525411857721112,0.6637569796818976,1.0171878712858797
yungas,13,ae_d16,24,0.6525411857721112,0.6655551814275228,1.019943562091047
yungas,13,ae_d3,6,0.6525411857721112,0.6708414396323319,1.0280445958956095
yungas,13,ae_d3,12,0.6525411857721112,0.6724159657992695,1.0304575105150517
yungas,13,ae_d3,24,0.6525411857721112,0.6640675442186831,1.017663802221056
yungas,13,ae_d8,6,0.6525411857721112,0.673192087780102,1.0316468944156465
yungas,13,ae_d8,12,0.6525411857721112,0.6741718037807187,1.033148280108961
yungas,13,ae_d8,24,0.6525411857721112,0.6637642047335294,1.0171989434630684
yungas,13,om,6,0.6525411857721112,0.6706953155277794,1.0278206650422954
yungas,13,om,12,0.6525411857721112,0.6753229469928328,1.0349123729159952
yungas,13,om,24,0.6525411857721112,0.6636252795626663,1.0169860447619716
yungas,13,onehot,6,0.6525411857721112,0.6726345765624259,1.0307925250212973
yungas,13,onehot,12,0.6525411857721112,0.6761873034643967,1.0362369735548669
yungas,13,onehot,24,0.6525411857721112,0.6765552579735636,1.0368008529194033
yungas,13,pca8,6,0.6525411857721112,0.6706953155277794,1.0278206650422954
yungas,13,pca8,12,0.6525411857721112,0.6746197626180724,1.033834763731943
yungas,13,pca8,24,0.6525411857721112,0.6765718946721128,1.0368263481661584
yungas,14,ae_d16,6,0.6521913206779689,0.6568811598065153,1.0071908947265216
yungas,14,ae_d16,12,0.6521913206779689,0.6615000463339958,1.0142729983685619
yungas,14,ae_d16,24,0.6521913206779689,0.6632344908174724,1.0169324089256875
yungas,14,ae_d3,6,0.6521913206779689,0.6570277687947508,1.007415689175002
yungas,14,ae_d3,12,0.6521913206779689,0.6585793815589976,1.0097947652452477
yungas,14,ae_d3,24,0.6521913206779689,0.6624402976492636,1.015714678571068
yungas,14,ae_d8,6,0.6521913206779689,0.6593081162461966,1.0109121286079514
yungas,14,ae_d8,12,0.6521913206779689,0.660261359124833,1.0123737286759276
yungas,14,ae_d8,24,0.6521913206779689,0.6617009295352699,1.014581011055798
yungas,14,om,6,0.6521913206779689,0.6568837687216708,1.0071948949563203
yungas,14,om,12,0.6521913206779689,0.661433089384985,1.0141703337870382
yungas,14,om,24,0.6521913206779689,0.6613535058226339,1.0140483089151517
yungas,14,onehot,6,0.6521913206779689,0.658732186737014,1.0100290602644721
yungas,14,onehot,12,0.6521913206779689,0.6622775253631051,1.015465101060608
yungas,14,onehot,24,0.6521913206779689,0.6626424986141097,1.0160247117751837
yungas,14,pca8,6,0.6521913206779689,0.6568837687216708,1.0071948949563203
yungas,14,pca8,12,0.6521913206779689,0.6607401992531569,1.013107930608922
yungas,14,pca8,24,0.6521913206779689,0.6626601010937508,1.0160517015235642
yungas,15,ae_d16,6,0.6285350459390393,0.6603259817359103,1.0505794163782465
yungas,15,ae_d16,12,0.6285350459390393,0.6664332523885225,1.0602960911954604
yungas,15,ae_d16,24,0.6285350459390393,0.6682191454220148,1.0631374491197811
yungas,15,ae_d3,6,0.6285350459390393,0.6619113585474057,1.0531017527566848
yungas,15,ae_d3,12,0.6285350459390393,0.6479633207831592,1.0309104082097662
yungas,15,ae_d3,24,0.6285350459390393,0.6542938922398555,1.040982354869858
yungas,15,ae_d8,6,0.6285350459390393,0.6642484036103486,1.0568199942104313
yungas,15,ae_d8,12,0.6285350459390393,0.6652233699187011,1.058371166757852
yungas,15,ae_d8,24,0.6285350459390393,0.6666626018848537,1.060660986514843
yungas,15,om,6,0.6285350459390393,0.6617654128613049,1.052869552997827
yungas,15,om,12,0.6285350459390393,0.6663843169518548,1.0602182348579596
yungas,15,om,24,0.6285350459390393,0.6665818534722517,1.0605325156950796
yungas,15,onehot,6,0.6285350459390393,0.6636836110424847,1.0559214085682893
yungas,15,onehot,12,0.6285350459390393,0.6672455317966259,1.0615884286925523
yungas,15,onehot,24,0.6285350459390393,0.6467480584889149,1.0289769244651508
yungas,15,pca8,6,0.6285350459390393,0.6617654128613049,1.052869552997827
yungas,15,pca8,12,0.6285350459390393,0.6656819483581587,1.0591007655963265
yungas,15,pca8,24,0.6285350459390393,0.6676307592772871,1.0622013260689995
yungas,16,ae_d16,6,0.6347081877059205,0.6583118892167564,1.0371882732380509
yungas,16,ae_d16,12,0.6347081877059205,0.6550375285128359,1.0320294289575709
yungas,16,ae_d16,24,0.6347081877059205,0.6567904676527118,1.0347912322142954
yungas,16,ae_d3,6,0.6347081877059205,0.6602937837597281,1.0403108019549643
yungas,16,ae_d3,12,0.6347081877059205,0.6520636367417477,1.0273439816469936
yungas,16,ae_d3,24,0.6347081877059205,0.6559821339724111,1.0335176805318722
yungas,16,ae_d8,6,0.6347081877059205,0.6528158810634689,1.028529163020563
yungas,16,ae_d8,12,0.6347081877059205,0.6537866693811586,1.0300586663994284
yungas,16,ae_d8,24,0.6347081877059205,0.6550398553540011,1.0320330949590661
yungas,16,om,6,0.6347081877059205,0.6601507155527637,1.0400853941065458
yungas,16,om,12,0.6347081877059205,0.6549598475365421,1.0319070404681856
yungas,16,om,24,0.6347081877059205,0.6549609899767729,1.0319088404138188
yungas,16,onehot,6,0.6347081877059205,0.6522423355502157,1.0276255264764589
yungas,16,onehot,12,0.6347081877059205,0.655818554511647,1.0332599566456317
yungas,16,onehot,24,0.6347081877059205,0.656187558979091,1.033841333212992
yungas,16,pca8,6,0.6347081877059205,0.6601507155527637,1.0400853941065458
yungas,16,pca8,12,0.6347081877059205,0.6542575876371262,1.030800610910448
yungas,16,pca8,24,0.6347081877059205,0.656204930891051,1.0338687031324238
yungas,17,ae_d16,6,0.6464067509648904,0.6638323083872703,1.0269575733798706
yungas,17,ae_d16,12,0.6464067509648904,0.6578144918815171,1.0176479297278351
yungas,17,ae_d16,24,0.6464067509648904,0.6596430283063242,1.0204767003464552
yungas,17,ae_d3,6,0.6464067509648904,0.6652038716008127,1.029079400250483
yungas,17,ae_d3,12,0.6464067509648904,0.6667908053544851,1.031534408264096
yungas,17,ae_d3,24,0.6464067509648904,0.658284963180437,1.0183757552002914
yungas,17,ae_d8,6,0.6464067509648904,0.6675795934253261,1.0327546740946487
yungas,17,ae_d8,12,0.6464067509648904,0.6565791653894842,1.0157368629108676
yungas,17,ae_d8,24,0.6464067509648904,0.6578322283685338,1.0176753683135094
yungas,17,om,6,0.6464067509648904,0.6650566006413666,1.0288515700812801
yungas,17,om,12,0.6464067509648904,0.6697229233640721,1.0360704345435403
yungas,17,om,24,0.6464067509648904,0.6578749358784791,1.0177414374099127
yungas,17,onehot,6,0.6464067509648904,0.6670224279545689,1.0318927315639967
yungas,17,onehot,12,0.6464067509648904,0.6586328493777253,1.0189139398599798
yungas,17,onehot,24,0.6464067509648904,0.6590102324226716,1.019497756542561
yungas,17,pca8,6,0.6464067509648904,0.6650566006413666,1.0288515700812801
yungas,17,pca8,12,0.6464067509648904,0.6690140969933287,1.0349738705462037
yungas,17,pca8,24,0.6464067509648904,0.6590264216535725,1.0195228015020645
yungas,18,ae_d16,6,0.6373754920884428,0.6600003264515659,1.0354968690261215
yungas,18,ae_d16,12,0.6373754920884428,0.6663316675561436,1.0454303245529917
yungas,18,ae_d16,24,0.6373754920884428,0.6680983085365597,1.0482020674303771
yungas,18,ae_d3,6,0.6373754920884428,0.6619038473461728,1.038483367437552
yungas,18,ae_d3,12,0.6373754920884428,0.6468205996164237,1.0148187491442962
yungas,18,ae_d3,24,0.6373754920884428,0.6526964214256177,1.0240375250183749
yungas,18,ae_d8,6,0.6373754920884428,0.6641810323989693,1.0420561202042689
yungas,18,ae_d8,12,0.6373754920884428,0.6651327596558263,1.0435493173363684
yungas,18,ae_d8,24,0.6373754920884428,0.6662439152900153,1.045292647050142
yungas,18,om,6,0.6373754920884428,0.6617601467234363,1.0382579106628247
yungas,18,om,12,0.6373754920884428,0.6663003150576468,1.0453811345560653
yungas,18,om,24,0.6373754920884428,0.6661313377963131,1.0451160204068217
yungas,18,onehot,6,0.6373754920884428,0.6636075324997257,1.0411563367856054
yungas,18,onehot,12,0.6373754920884428,0.6671432319088882,1.0467036153569502
yungas,18,onehot,24,0.6373754920884428,0.6533379709474197,1.0250440737949835
yungas,18,pca8,6,0.6373754920884428,0.6617601467234363,1.0382579106628247
yungas,18,pca8,12,0.6373754920884428,0.6656089178781311,1.0442963781007297
yungas,18,pca8,24,0.6373754920884428,0.6671228246318816,1.0466715976887782
yungas,19,ae_d16,6,0.6402553436025393,0.654305099224257,1.0219439880699215
yungas,19,ae_d16,12,0.6402553436025393,0.6615000463339958,1.033181609405895
yungas,19,ae_d16,24,0.6402553436025393,0.6632344908174722,1.0358905980942472
yungas,19,ae_d3,6,0.6402553436025393,0.657027768794751,1.0261964626454156
yungas,19,ae_d3,12,0.6402553436025393,0.6585793815589976,1.0286198907038464
yungas,19,ae_d3,24,0.6402553436025393,0.6624402976492636,1.034650166169478
yungas,19,ae_d8,6,0.6402553436025393,0.6593081162461967,1.029758084542415
yungas,19,ae_d8,12,0.6402553436025393,0.6602613591248331,1.031246932528084
yungas,19,ae_d8,24,0.6402553436025393,0.6616686112710539,1.033444887079002
yungas,19,om,6,0.6402553436025393,0.6568837687216709,1.0259715522647075
yungas,19,om,12,0.6402553436025393,0.6614330893849851,1.0330770308972113
yungas,19,om,24,0.6402553436025393,0.6616466459215629,1.0334105799081046
yungas,19,onehot,6,0.6402553436025393,0.6587321867370141,1.0288585535741266
yungas,19,onehot,12,0.6402553436025393,0.6622775253631051,1.0343959359037178
yungas,19,onehot,24,0.6402553436025393,0.6625339942876466,1.0347965087799993
yungas,19,pca8,6,0.6402553436025393,0.6568837687216709,1.0259715522647075
yungas,19,pca8,12,0.6402553436025393,0.6607401992531569,1.0319948218399162
yungas,19,pca8,24,0.6402553436025393,0.6626601010937508,1.0349934720812264
