zona,universo,metodo,espacio,peso,k,n_clases,u_adj,u_ratio,mcc_cv,mcc_cv_ratio_techo,mcc_sem,mcc_sem_lo,mcc_sem_hi,mcc_sem_menos_r0p,dif_lo,dif_hi
chaco_santiago_frontier,completo,kmeans,ae_d16,px,2,10,0.3670280335847722,0.906923682330602,0.6173471876842486,0.9646300868549395,0.6164939300841515,0.6025793388633779,0.6285992312770728,-0.021487552933911136,-0.025638189346828103,-0.017514782740715235
chaco_santiago_frontier,completo,kmeans,ae_d16,px,3,11,0.36714211013522824,0.9072055646821944,0.6173471876842486,0.9646300868549395,0.5179383294259914,0.5015794753600125,0.5334341537890991,-0.1200431535920713,-0.13078309926896475,-0.10932269882640905
chaco_santiago_frontier,completo,kmeans,ae_d16,px,4,12,0.36842831037311136,0.910383756398403,0.6183298495747976,0.9661655360215342,0.6175006969126191,0.6037746479015618,0.6295483256494041,-0.02048078610544357,-0.024409227966427895,-0.016586113087221088
chaco_santiago_frontier,completo,kmeans,ae_d16,px,5,13,0.37781021367059503,0.9335663732757,0.6263865648070612,0.9787544812201295,0.6256323260316837,0.611433966626891,0.6377974459580527,-0.01234915698637895,-0.015673823057731358,-0.008905538016941791
chaco_santiago_frontier,completo,kmeans,ae_d16,px,6,14,0.3795855366245797,0.9379531837736016,0.6278478763394665,0.9810378399177109,0.6263866252324946,0.6127016344476373,0.638431849875182,-0.011594857785568125,-0.01475549264773791,-0.008605442759569478
chaco_santiago_frontier,completo,kmeans,ae_d16,px,8,16,0.3910975056186879,0.9663991779638543,0.6344214937873842,0.9913093845140706,0.6339665905086963,0.6216434198352112,0.6445375913356555,-0.0040148925093663745,-0.005464124529310091,-0.0029387292079456864
chaco_santiago_frontier,completo,kmeans,ae_d16,px,10,17,0.3913193047583013,0.9669472420734845,0.6339652307040576,0.9905964548911966,0.6342177886396154,0.6220655662889466,0.64485617886436,-0.0037636943784472576,-0.0048825709889867425,-0.002815018226252086
chaco_santiago_frontier,completo,kmeans,ae_d16,px,12,20,0.3876931954483336,0.9579871515435886,0.6326874719678474,0.9885999049023424,0.628836773217203,0.6165242889942965,0.6405540496089386,-0.009144709800859685,-0.012015528889366389,-0.006968937819233541
chaco_santiago_frontier,completo,kmeans,ae_d16,px,16,23,0.3939042050628135,0.9733345124945713,0.636866184856142,0.9951293137289996,0.6298627137772153,0.6182342393021578,0.6407341188201546,-0.008118769240847423,-0.00997686176997013,-0.006472890200439172
chaco_santiago_frontier,completo,kmeans,ae_d16,px,20,25,0.3937219355300406,0.9728841257646408,0.6375568487045228,0.9962085040798138,0.6305654916433028,0.6186849088797879,0.6413329559148119,-0.0074159913747599004,-0.009224567155372343,-0.005933850883593571
chaco_santiago_frontier,completo,kmeans,ae_d16,px,24,29,0.3969694717219382,0.9809087647898704,0.6375642971992589,0.9962201426557522,0.6316706431631912,0.619782297859671,0.64232351835828,-0.006310839854871464,-0.008036701031860813,-0.004811264671378229
chaco_santiago_frontier,completo,kmeans,ae_d16,px,32,37,0.3969588209690476,0.9808824468545978,0.6397386288296822,0.9996176242533836,0.6324421579896721,0.6204162043520889,0.6432638596114456,-0.005539325028390607,-0.007318524109937044,-0.0040982474290177096
chaco_santiago_frontier,completo,kmeans,ae_d16,px,40,43,0.39846322936852063,0.9845998293990678,0.6366035284112029,0.9947189023521454,0.6313038134839895,0.6193130334289816,0.6419095497403705,-0.006677669534073227,-0.008422058969399609,-0.0052599235257202665
chaco_santiago_frontier,completo,kmeans,ae_d16,px,60,55,0.40056368605101483,0.9897900430469405,0.6393215176089045,0.998965871007959,0.6319381511708007,0.6199757988037115,0.6423300399891343,-0.0060433318472620234,-0.00757031475933932,-0.004813848340015555
chaco_santiago_frontier,completo,kmeans,ae_d3,px,2,10,0.36707450736412595,0.9070385187116045,0.6173471876842486,0.9646300868549395,0.6164939300841515,0.6025793388633779,0.6285992312770728,-0.021487552933911136,-0.025638189346828103,-0.017514782740715235
chaco_santiago_frontier,completo,kmeans,ae_d3,px,3,11,0.36715011132024356,0.9072253355539346,0.6173471876842486,0.9646300868549395,0.6159577908571172,0.6021350329660984,0.6282004195329999,-0.022023692160945463,-0.026008003578308805,-0.017887893668986445
chaco_santiago_frontier,completo,kmeans,ae_d3,px,4,12,0.36716866485976857,0.9072711812192424,0.6173471876842486,0.9646300868549395,0.5851861819080512,0.5713688503428604,0.5981072530986558,-0.05279530111001152,-0.05887014987596534,-0.04708812062085141
chaco_santiago_frontier,completo,kmeans,ae_d3,px,5,13,0.3695739458705902,0.913214613632479,0.6173876547698911,0.9646933183219598,0.5781625325866293,0.5642692474510139,0.5903041545939587,-0.05981895043143337,-0.06609305165289098,-0.0542737351842969
chaco_santiago_frontier,completo,kmeans,ae_d3,px,6,14,0.36880101441763097,0.9113047054637204,0.6173433302070996,0.9646240593900195,0.5785226355158771,0.5646238849316199,0.5905994863524184,-0.05945884750218555,-0.06585132318891906,-0.0538390507712687
chaco_santiago_frontier,completo,kmeans,ae_d3,px,8,16,0.37015010690161315,0.9146383034764594,0.6164841819707294,0.9632816053310971,0.6092869941412935,0.595972664935842,0.6209077634062697,-0.028694488876769175,-0.03308921623716344,-0.024693569423127906
chaco_santiago_frontier,completo,kmeans,ae_d3,px,10,18,0.37290803143884543,0.9214531155562536,0.6192404415022076,0.9675883729398035,0.61077433678233,0.5972169005717181,0.6227877304351493,-0.027207146235732727,-0.03157026421911181,-0.02339548311007247
chaco_santiago_frontier,completo,kmeans,ae_d3,px,12,20,0.3853248754420251,0.9521350495118172,0.6292607526914024,0.9832455166760607,0.5891617866343791,0.5756054687337682,0.6014602063717754,-0.04881969638368355,-0.053923355242351735,-0.045073336548983586
chaco_santiago_frontier,completo,kmeans,ae_d3,px,16,24,0.39141588130092264,0.9671858820291451,0.6314500813318987,0.9866664317118253,0.6148846858171023,0.6027955176176182,0.6263861784616364,-0.02309679720096036,-0.02663450995430612,-0.019433066289552717
chaco_santiago_frontier,completo,kmeans,ae_d3,px,20,27,0.3909049672308173,0.9659234169654038,0.6295238346143934,0.9836565928796744,0.6089532841901332,0.5967825304822836,0.6212653814959772,-0.029028198827929508,-0.03398837967116403,-0.02357608305044681
chaco_santiago_frontier,completo,kmeans,ae_d3,px,24,30,0.3940758975888983,0.9737587635155756,0.6352081116427359,0.9925385069030069,0.6164065793884795,0.6043280102163441,0.6275337952471163,-0.021574903629583142,-0.02477858502510407,-0.018055577394457754
chaco_santiago_frontier,completo,kmeans,ae_d3,px,32,36,0.39608312446823457,0.9787186069773969,0.6390170467391642,0.9984901228918557,0.6260703192727476,0.6140862088259635,0.6372768017901791,-0.01191116374531509,-0.013809213062531054,-0.01003866801286504
chaco_santiago_frontier,completo,kmeans,ae_d3,px,40,44,0.39655761733160316,0.9798910754961714,0.629881326969277,0.9842151892225766,0.6228142770139994,0.6110344589801547,0.63397854759508,-0.015167206004063294,-0.017615782492787217,-0.012827468130730284
chaco_santiago_frontier,completo,kmeans,ae_d3,px,60,58,0.39995477489174625,0.9882854278670525,0.6391896223213549,0.998759779257283,0.6307879622630046,0.6183727519612279,0.6414472099205619,-0.00719352075505808,-0.008975139179695443,-0.00583525162718166
chaco_santiago_frontier,completo,kmeans,ae_d8,px,2,10,0.3710363775669294,0.916828272039568,0.6173471876842486,0.9646300868549395,0.6164939300841515,0.6025793388633779,0.6285992312770728,-0.021487552933911136,-0.025638189346828103,-0.017514782740715235
chaco_santiago_frontier,completo,kmeans,ae_d8,px,3,11,0.3709776355575191,0.9166831209486239,0.6173471876842486,0.9646300868549395,0.6164939300841515,0.6025793388633779,0.6285992312770728,-0.021487552933911136,-0.025638189346828103,-0.017514782740715235
chaco_santiago_frontier,completo,kmeans,ae_d8,px,4,12,0.37601929816460195,0.9291410336917604,0.6253318727990018,0.9771064820656248,0.6245924989725199,0.6112991997294502,0.6363849788743093,-0.013388984045542784,-0.0168172192880129,-0.010196843400349764
chaco_santiago_frontier,completo,kmeans,ae_d8,px,5,12,0.3753584453712505,0.9275080711003993,0.6246528612413018,0.9760454988928713,0.6239042999433871,0.6102974221630346,0.6356266963158039,-0.014077183074675537,-0.017672134865013296,-0.010815482062329773
chaco_santiago_frontier,completo,kmeans,ae_d8,px,6,13,0.37562540687355683,0.9281677310897125,0.6239841419241272,0.9750005977645007,0.621425756285728,0.6081037301679765,0.6338362081523171,-0.01655572673233463,-0.020007803806173688,-0.01318884867637193
chaco_santiago_frontier,completo,kmeans,ae_d8,px,8,15,0.378507726609787,0.9352899228288681,0.6268592294594808,0.9794930389617256,0.6235678647088679,0.6105652880718292,0.6361825334167368,-0.014413618309194742,-0.01829028353048586,-0.011310329445638841
chaco_santiago_frontier,completo,kmeans,ae_d8,px,10,17,0.380393406536555,0.939949424628167,0.6264764831536057,0.9788949822933788,0.6239327334569443,0.6106518100988241,0.6360363449547711,-0.014048749561118345,-0.017863439800932968,-0.011125050191911873
chaco_santiago_frontier,completo,kmeans,ae_d8,px,12,19,0.3853122366575445,0.9521038191645073,0.6300667448259616,0.9845049121641665,0.6269701597662914,0.6142813163976224,0.6395364804506142,-0.011011323251771232,-0.014216736639507666,-0.008119324209261477
chaco_santiago_frontier,completo,kmeans,ae_d8,px,16,23,0.38836570276069116,0.9596489123692142,0.6312484252258603,0.9863513358452477,0.6281516246717629,0.6157786515188495,0.6404773310519454,-0.009829858346299791,-0.013056631967154439,-0.007092472229233151
chaco_santiago_frontier,completo,kmeans,ae_d8,px,20,26,0.39054423629087226,0.9650320533570435,0.6347207111772077,0.9917769238541568,0.6273635603741055,0.6146681639353847,0.6390623592899751,-0.010617922643957223,-0.01343853378468278,-0.0082719135491527
chaco_santiago_frontier,completo,kmeans,ae_d8,px,24,29,0.3931804267087395,0.9715460612864802,0.6337655890256855,0.9902845066497696,0.6272872396888548,0.6147760039615723,0.6391791267564342,-0.010694243329207875,-0.013808824798574398,-0.00828259091645191
chaco_santiago_frontier,completo,kmeans,ae_d8,px,32,37,0.39520696822026813,0.9765536310682225,0.6382377901320775,0.9972725027526986,0.6312770884931381,0.6195876687337081,0.6425520128742244,-0.006704394524924551,-0.008706977599816345,-0.00514126422248361
chaco_santiago_frontier,completo,kmeans,ae_d8,px,40,44,0.39746276904535155,0.9821276989967872,0.6390652587518952,0.9985654561224203,0.6353549482082502,0.6232606094442112,0.6464539512303178,-0.002626534809812453,-0.003748805071608624,-0.0017114365916172844
chaco_santiago_frontier,completo,kmeans,ae_d8,px,60,60,0.3994069418333404,0.9869317362436112,0.6385308026510657,0.9977303467297667,0.6360312737110172,0.6237266656090533,0.6467208527051955,-0.0019502093070454807,-0.0028378012512423945,-0.0010959339808823297
chaco_santiago_frontier,completo,kmeans,onehot,px,2,10,0.367086809110814,0.9070689162409061,0.6173471876842486,0.9646300868549395,0.6164939300841515,0.6025793388633779,0.6285992312770728,-0.021487552933911136,-0.025638189346828103,-0.017514782740715235
chaco_santiago_frontier,completo,kmeans,onehot,px,3,11,0.36727166532162386,0.9075256946340221,0.6173471876842486,0.9646300868549395,0.6164939300841515,0.6025793388633779,0.6285992312770728,-0.021487552933911136,-0.025638189346828103,-0.017514782740715235
chaco_santiago_frontier,completo,kmeans,onehot,px,4,12,0.3679078124010411,0.9090976095805018,0.6173471876842486,0.9646300868549395,0.6141380938275239,0.600671016169714,0.6267533255204735,-0.023843389190538744,-0.02839146220866542,-0.019561459981190583
chaco_santiago_frontier,completo,kmeans,onehot,px,5,13,0.3686079548365684,0.9108276566005686,0.6189799893041503,0.9671814057883438,0.6142868433299297,0.6008352240611632,0.6269137406150028,-0.023694639688133012,-0.028158957040452563,-0.019491983879805476
chaco_santiago_frontier,completo,kmeans,onehot,px,6,14,0.3763640987811826,0.9299930335834443,0.6265311636932953,0.9789804228603763,0.6219855904567264,0.608485701898787,0.6342404982838996,-0.015995892561336267,-0.019317645424932542,-0.012344588675140308
chaco_santiago_frontier,completo,kmeans,onehot,px,8,15,0.382493447663455,0.9451386114410973,0.6328598710214651,0.9888692854346954,0.6283711754140461,0.6155819498856905,0.6407552865368713,-0.009610307604016599,-0.012974594631059055,-0.006327042763602246
chaco_santiago_frontier,completo,kmeans,onehot,px,10,17,0.38420053322203096,0.9493568078162239,0.6331704873120105,0.9893546360207268,0.628068085411324,0.6153271424405187,0.6403505471660907,-0.009913397606738705,-0.013241481840804353,-0.006639044032104106
chaco_santiago_frontier,completo,kmeans,onehot,px,12,18,0.38762473646869144,0.9578179898877357,0.6347799419855441,0.991869474400964,0.6305355688904517,0.6182847572953928,0.6429377271845357,-0.007445914127610975,-0.01052678996703162,-0.004621067353452465
chaco_santiago_frontier,completo,kmeans,onehot,px,16,22,0.3898615255475755,0.9633450799255322,0.6355941143206247,0.9931416517850543,0.6277663717093676,0.6151894668150143,0.6392779051530003,-0.010215111308695124,-0.01326088655577021,-0.007990305664043641
chaco_santiago_frontier,completo,kmeans,onehot,px,20,27,0.39349802755888535,0.9723308507471444,0.6353336944956655,0.9927347352178767,0.6275032656029931,0.614999798555447,0.6390238009033277,-0.010478217415069602,-0.013784110894913739,-0.008133439761984123
chaco_santiago_frontier,completo,kmeans,onehot,px,24,30,0.39494599597112157,0.9759087704812247,0.6301929336946058,0.9847020874032358,0.6263837118088998,0.6144654835682999,0.6374511980017569,-0.011597771209162833,-0.01402588126712706,-0.009510752331041733
chaco_santiago_frontier,completo,kmeans,onehot,px,32,36,0.39634543005929573,0.9793667622428615,0.6321360708440402,0.9877383182221711,0.6273301862813088,0.6154373484471938,0.638316057368371,-0.010651296736753912,-0.0129198796187717,-0.008572009147452639
chaco_santiago_frontier,completo,kmeans,onehot,px,40,45,0.3969028963927984,0.9807442576211234,0.6358857693059191,0.9935973745605181,0.6274730242491271,0.615035917814136,0.6393162953064612,-0.01050845876893558,-0.01274467816857007,-0.00847507753352117
chaco_santiago_frontier,completo,kmeans,onehot,px,60,58,0.39946134896724256,0.9870661758877486,0.6381323458530339,0.9971077417785154,0.6344689451037022,0.6225225313742404,0.6449757371187487,-0.0035125379143604585,-0.004627750616636614,-0.0026381045812304046
chaco_santiago_frontier,completo,kmeans,pca8,px,2,10,0.36703810018456706,0.9069485568276952,0.6173471876842486,0.9646300868549395,0.6164939300841515,0.6025793388633779,0.6285992312770728,-0.021487552933911136,-0.025638189346828103,-0.017514782740715235
chaco_santiago_frontier,completo,kmeans,pca8,px,3,11,0.3672050139669062,0.9073609996066083,0.6173471876842486,0.9646300868549395,0.5539938043087607,0.5375118082746795,0.5696754648918716,-0.08398767870930202,-0.0940718361741974,-0.07592288265777446
chaco_santiago_frontier,completo,kmeans,pca8,px,4,12,0.36766067633334143,0.9084869381002724,0.6173471876842486,0.9646300868549395,0.5457629543432617,0.5287529397205661,0.5613545493695559,-0.09221852867480096,-0.10111744199077645,-0.0836319018462691
chaco_santiago_frontier,completo,kmeans,pca8,px,5,13,0.3686012384548232,0.910811060468647,0.6189831727701658,0.9671863800834573,0.6142161856398809,0.6007242275844811,0.6268730597516017,-0.023765297378181782,-0.028226024345339273,-0.019571963443384764
chaco_santiago_frontier,completo,kmeans,pca8,px,6,13,0.3686007957229294,0.9108099664812601,0.6189831727701658,0.9671863800834573,0.6140530357129748,0.6005823027991996,0.6266267007184314,-0.02392844730508792,-0.028449992549781974,-0.019713333993541075
chaco_santiago_frontier,completo,kmeans,pca8,px,8,15,0.3758186890077924,0.9286453298801852,0.6193143775217562,0.9677039009771571,0.609438752788437,0.5966778300595148,0.6227223710726748,-0.028542730229625723,-0.033308209085311485,-0.024166886377923767
chaco_santiago_frontier,completo,kmeans,pca8,px,10,17,0.38247150967187543,0.9450844028186334,0.6240861744753138,0.9751600277751602,0.6138109825395547,0.6013181272855495,0.6269372387670649,-0.024170500478507995,-0.028784340773260628,-0.020077304676790704
chaco_santiago_frontier,completo,kmeans,pca8,px,12,19,0.38931840244748567,0.9620030265758702,0.629081972850661,0.9829661659043352,0.616352046100142,0.604532708434559,0.627546084828019,-0.02162943691792063,-0.025179472762638846,-0.018176360332272275
chaco_santiago_frontier,completo,kmeans,pca8,px,16,23,0.39031166059875716,0.9644573604621889,0.6318297024311764,0.9872596051177687,0.6155039069911393,0.6037449506915576,0.6265070739181977,-0.02247757602692335,-0.026006263352589164,-0.018955201276241368
chaco_santiago_frontier,completo,kmeans,pca8,px,20,26,0.3941061531163172,0.9738335247104346,0.6280410702816708,0.9813397133091609,0.6266621621375119,0.6148097987971923,0.6376757577021573,-0.011319320880550765,-0.013531410204588215,-0.009437580924126589
chaco_santiago_frontier,completo,kmeans,pca8,px,24,30,0.3967079624972035,0.9802625773399818,0.6324801183468298,0.988275906436905,0.6295524384787397,0.6178887015749748,0.6405027943435728,-0.008429044539323027,-0.010894390373414841,-0.006117086743697164
chaco_santiago_frontier,completo,kmeans,pca8,px,32,37,0.39479658876307994,0.9755395863239265,0.6323566895059821,0.9880830438535118,0.599431101945119,0.5875448882232807,0.6111809581826625,-0.03855038107294373,-0.04376177835446335,-0.03450274954526236
chaco_santiago_frontier,completo,kmeans,pca8,px,40,45,0.39670825748709415,0.980263306257921,0.6367925858341458,0.9950143122640266,0.6192822941850965,0.6072482189031271,0.6304225914986267,-0.018699188832966174,-0.021955813579028392,-0.015309902465852331
chaco_santiago_frontier,completo,kmeans,pca8,px,60,58,0.39827656715537996,0.9841385883869301,0.6305932082361271,0.985327532652613,0.627623752246112,0.6160656619798903,0.6385708173037977,-0.01035773077195068,-0.012280304832467542,-0.0085290005335035
chaco_santiago_frontier,completo,kmedoides,ae_d16,px,2,10,0.3670294160829887,0.9069270984739443,0.6173471876842486,0.9646300868549395,0.6164939300841515,0.6025793388633779,0.6285992312770728,-0.021487552933911136,-0.025638189346828103,-0.017514782740715235
chaco_santiago_frontier,completo,kmedoides,ae_d16,px,3,11,0.3691650104614504,0.9122041371207256,0.6173471876842486,0.9646300868549395,0.5762996009201456,0.5614792080608101,0.5907939549405499,-0.06168188209791703,-0.0700928532446304,-0.05505024007876856
chaco_santiago_frontier,completo,kmedoides,ae_d16,px,4,12,0.3690050583970595,0.9118088966977613,0.6190022145562493,0.9672161336485986,0.6181726894442514,0.6043592529746389,0.6300912950457058,-0.019808793573811267,-0.023759337055251066,-0.015923079743836877
chaco_santiago_frontier,completo,kmedoides,ae_d16,px,5,13,0.3784497446843806,0.9351466499001369,0.6263805323068468,0.9787450551932164,0.6256416342980315,0.6120166724482667,0.6377287036045518,-0.012339848720031132,-0.015853194636466443,-0.009179461953799846
chaco_santiago_frontier,completo,kmedoides,ae_d16,px,6,14,0.3786272214618045,0.9355851937654034,0.6284012926633582,0.981902575429968,0.6273088369274309,0.613686200351132,0.6390774819418216,-0.010672646090631788,-0.013788100071431447,-0.007527712575277689
chaco_santiago_frontier,completo,kmedoides,ae_d16,px,8,16,0.390054815223519,0.9638226973515118,0.6354249288913818,0.9928772926714777,0.6359055808947076,0.6234270716355839,0.64689722465795,-0.0020759021233550667,-0.003560874561495453,-0.000950587533945543
chaco_santiago_frontier,completo,kmedoides,ae_d16,px,10,17,0.39141126526166337,0.9671744758286925,0.6322171776091223,0.9878650508410386,0.6349586949766792,0.6226890207401204,0.6453344201040526,-0.0030227880413834507,-0.004193783937279314,-0.0022490056799158433
chaco_santiago_frontier,completo,kmedoides,ae_d16,px,12,18,0.39408484408239863,0.9737808702379149,0.638376898624926,0.9974898654299986,0.6355138926821354,0.6232387652297829,0.6464685211685329,-0.00246759033592725,-0.0037788877002760428,-0.001016800550142432
chaco_santiago_frontier,completo,kmedoides,ae_d16,px,16,23,0.3933688003180506,0.9720115311464845,0.6380330270875407,0.9969525521683652,0.6315503235441484,0.6192744643978666,0.6422322538566435,-0.006431159473914261,-0.008077078885512772,-0.004986358922950643
chaco_santiago_frontier,completo,kmedoides,ae_d16,px,20,26,0.3946469350852104,0.9751697931414218,0.6391077144496816,0.9986317948767877,0.6362571497302293,0.623973636602364,0.6469349175206187,-0.0017243332878333906,-0.0026246092319094027,-0.0010104171979332134
chaco_santiago_frontier,completo,kmedoides,ae_d16,px,24,29,0.39652878405523206,0.9798198286736202,0.6377072640834064,0.9964435342263689,0.6324695590911956,0.6205064740125578,0.6431852959626473,-0.005511923926867057,-0.007156821443448727,-0.004189582189162874
chaco_santiago_frontier,completo,kmedoides,ae_d16,px,32,36,0.3975324717472022,0.9822999338814453,0.637091642916772,0.9954816011175978,0.6311018602746038,0.6187999886565593,0.6417735868319283,-0.00687962274345888,-0.008517114997608701,-0.005623371646822489
chaco_santiago_frontier,completo,kmedoides,ae_d16,px,40,42,0.3975579194617075,0.9823628150045046,0.6370473446092908,0.9954123832106475,0.6341568681174827,0.622062910694194,0.6447415105650685,-0.003824614900579948,-0.005166308933311705,-0.0028675279982461883
chaco_santiago_frontier,completo,kmedoides,ae_d16,px,60,57,0.39882352256333337,0.9854901113422937,0.6399386698707122,0.9999301965152047,0.635770872245712,0.6236000137365274,0.6464082774724852,-0.0022106107723506296,-0.0030297817376366333,-0.001436565619981292
chaco_santiago_frontier,completo,kmedoides,ae_d3,px,2,10,0.3671058630240561,0.9071159983261398,0.6173471876842486,0.9646300868549395,0.6164939300841515,0.6025793388633779,0.6285992312770728,-0.021487552933911136,-0.025638189346828103,-0.017514782740715235
chaco_santiago_frontier,completo,kmedoides,ae_d3,px,3,11,0.36712734966253024,0.9071690916582635,0.6173471876842486,0.9646300868549395,0.6161307938062639,0.6023218029053601,0.6283385757325057,-0.02185068921179878,-0.025876493289388496,-0.017820425650295065
chaco_santiago_frontier,completo,kmedoides,ae_d3,px,4,12,0.3674271649104395,0.9079099330212432,0.6173471876842486,0.9646300868549395,0.5782071876940191,0.5642044814401216,0.590288176971953,-0.05977429532404355,-0.06598232902153114,-0.05421477831496058
chaco_santiago_frontier,completo,kmedoides,ae_d3,px,5,13,0.3694520003662511,0.9129132871513416,0.6173433302070996,0.9646240593900195,0.6133039445977716,0.5996863847873455,0.6254433726066169,-0.02467753842029108,-0.02914897129976824,-0.020409934498861308
chaco_santiago_frontier,completo,kmedoides,ae_d3,px,6,14,0.36952961338100987,0.9131050683634041,0.6173433302070996,0.9646240593900195,0.578571144953137,0.5646577032569168,0.5906125077063011,-0.05941033806492568,-0.06574895681199198,-0.05388468688387638
chaco_santiago_frontier,completo,kmedoides,ae_d3,px,8,16,0.37465646338438485,0.9257734785619498,0.6221874571092192,0.9721932046741443,0.573607560654787,0.559567589447905,0.5861261049074595,-0.06437392236327566,-0.07104713514769594,-0.05826614270007219
chaco_santiago_frontier,completo,kmedoides,ae_d3,px,10,18,0.3795178703105453,0.9377859807888747,0.6244033709331743,0.9756556601402218,0.6167834048562225,0.6031571908038151,0.6283205106210746,-0.02119807816184016,-0.0239841424259939,-0.018527266704140028
chaco_santiago_frontier,completo,kmedoides,ae_d3,px,12,19,0.38168660479574307,0.9431449084056629,0.6175739869196728,0.9649844698836961,0.6172594024129329,0.6056376072105388,0.6288196479728346,-0.02072208060512981,-0.024438527171438608,-0.01806019527176075
chaco_santiago_frontier,completo,kmedoides,ae_d3,px,16,23,0.3888119785284612,0.9607516566437806,0.6307976385554852,0.9856469633403236,0.5838264083362986,0.5718073254590813,0.5954813789312552,-0.05415507468176406,-0.05965066221954891,-0.04918337504526845
chaco_santiago_frontier,completo,kmedoides,ae_d3,px,20,27,0.39251917848360024,0.9699121215859605,0.6291148368552676,0.9830175172480369,0.624039309463933,0.6120356438931681,0.6357366492618384,-0.013942173554129633,-0.015935649176107975,-0.011936112545754577
chaco_santiago_frontier,completo,kmedoides,ae_d3,px,24,29,0.39240158124088775,0.9696215396286341,0.6276523457526828,0.9807323154240796,0.6236715801221158,0.6118207830639761,0.6348128659712752,-0.014309902895946913,-0.01696457156593063,-0.01221278204057992
chaco_santiago_frontier,completo,kmedoides,ae_d3,px,32,37,0.39536932353312776,0.9769548099012028,0.6305839594124715,0.9853130809895225,0.6323816478686036,0.6199222669281989,0.643346087305944,-0.005599835149459054,-0.007101788361215988,-0.004341037206628095
chaco_santiago_frontier,completo,kmedoides,ae_d3,px,40,45,0.39591213947019327,0.978296104253198,0.6313158512001457,0.9864566916721287,0.6321903560010589,0.6195469801565024,0.6433528766702465,-0.005791127017003794,-0.007262980296071297,-0.0046606670974150746
chaco_santiago_frontier,completo,kmedoides,ae_d3,px,60,61,0.39991952910841444,0.988198335785029,0.6407248969177648,1.0011587082502802,0.6341564609351715,0.621628066427884,0.6450851497203381,-0.0038250220828911496,-0.0053186143944690175,-0.002762934625378402
chaco_santiago_frontier,completo,kmedoides,ae_d8,px,2,10,0.3671291533165171,0.9071735484745438,0.6173471876842486,0.9646300868549395,0.6164939300841515,0.6025793388633779,0.6285992312770728,-0.021487552933911136,-0.025638189346828103,-0.017514782740715235
chaco_santiago_frontier,completo,kmedoides,ae_d8,px,3,11,0.37725280027260893,0.9321890087007262,0.6240435477497305,0.9750934217829048,0.6233695916206731,0.6100946502979385,0.6358270427508199,-0.01461189139738961,-0.01799368836684214,-0.01108363475870799
chaco_santiago_frontier,completo,kmedoides,ae_d8,px,4,12,0.37492634268829583,0.9264403484184487,0.6173471876842486,0.9646300868549395,0.6124980202594484,0.5998337413330666,0.6252491237119284,-0.02548346275861424,-0.02977987371043906,-0.02138211489712651
chaco_santiago_frontier,completo,kmedoides,ae_d8,px,5,13,0.3753966841451615,0.9276025588410344,0.6245384056055496,0.9758666573073596,0.6237662450973028,0.610448471366708,0.6354288965075953,-0.014215237920759849,-0.01773399078611671,-0.010829933475178416
chaco_santiago_frontier,completo,kmedoides,ae_d8,px,6,14,0.3772648456920883,0.9322187728473031,0.6249096753067419,0.9764467813141622,0.6241368039300559,0.6107764398987986,0.6358277829289514,-0.013844679088006795,-0.017293459445468687,-0.010482362046667202
chaco_santiago_frontier,completo,kmedoides,ae_d8,px,8,15,0.38339630577222333,0.9473695674599844,0.6292553958913224,0.983237146458087,0.6285891437605338,0.615556024743586,0.6410544603715735,-0.009392339257528914,-0.012763437560206347,-0.006433572003778776
chaco_santiago_frontier,completo,kmedoides,ae_d8,px,10,17,0.38675880260306583,0.9556782734132268,0.6268664358117069,0.9795042991801447,0.6237578019033837,0.6106435918052425,0.6361014984636457,-0.014223681114678977,-0.017884840163732065,-0.011098850203101604
chaco_santiago_frontier,completo,kmedoides,ae_d8,px,12,19,0.3843651268204108,0.9497635174369379,0.6266015382394701,0.9790903859507463,0.622938658506348,0.6099215766722592,0.6351066546612789,-0.01504282451171468,-0.018862165154401797,-0.011777472183263223
chaco_santiago_frontier,completo,kmedoides,ae_d8,px,16,23,0.38815268501881,0.9591225470314451,0.6332707614817058,0.9895113184887968,0.6281548892758713,0.6158337968001779,0.6407614081173227,-0.009826593742191414,-0.013150687783384763,-0.00688882221240129
chaco_santiago_frontier,completo,kmedoides,ae_d8,px,20,26,0.38897060648545634,0.9611436252067088,0.6332631518626629,0.9894994281495766,0.6286633354329062,0.6156961265748945,0.6398823298198381,-0.009318147585156478,-0.011999350742056356,-0.007155285026331509
chaco_santiago_frontier,completo,kmedoides,ae_d8,px,24,30,0.3927627754061936,0.9705140478635939,0.636552881043238,0.9946397637799876,0.6301712710070702,0.6178168610446098,0.6413868087931336,-0.007810212010992523,-0.009499225227829483,-0.006275271380792832
chaco_santiago_frontier,completo,kmedoides,ae_d8,px,32,36,0.394626864554865,0.9751201990024961,0.634517218410728,0.9914589581309468,0.6279055652986565,0.6153603885813874,0.6397005726859978,-0.010075917719406191,-0.013145277153875609,-0.007595429751241991
chaco_santiago_frontier,completo,kmedoides,ae_d8,px,40,45,0.3968079633328572,0.9805096786995738,0.6326721196719303,0.9885759163156292,0.6282651327875441,0.6162190111759985,0.6392638130090691,-0.009716350230518533,-0.011883346967374777,-0.007801075714477937
chaco_santiago_frontier,completo,kmedoides,ae_d8,px,60,59,0.39776334682088926,0.9828704245601588,0.6373581991082381,0.9958981060069942,0.6310865097970072,0.6193607958258236,0.6422390028607342,-0.006894973221055478,-0.008772508901915901,-0.00539291218799004
chaco_santiago_frontier,completo,kmedoides,om,px,2,10,0.3670479747421456,0.9069729567898264,0.6173471876842486,0.9646300868549395,0.6164939300841515,0.6025793388633779,0.6285992312770728,-0.021487552933911136,-0.025638189346828103,-0.017514782740715235
chaco_santiago_frontier,completo,kmedoides,om,px,3,11,0.367424255097889,0.907902742894954,0.6177050752007753,0.9651893006539793,0.6168549658867315,0.6027871798955113,0.6290489480708686,-0.02112651713133118,-0.025164454971606014,-0.017189956534240127
chaco_santiago_frontier,completo,kmedoides,om,px,4,12,0.3675106981534042,0.9081163430754472,0.6176733921518949,0.9651397946016266,0.5540932128398132,0.5376623294706725,0.5698765745349045,-0.08388827017824951,-0.09400723358884404,-0.07580771678025541
chaco_santiago_frontier,completo,kmedoides,om,px,5,13,0.36900993398844745,0.9118209442496934,0.6193334930041832,0.9677337696958321,0.6185034220699479,0.6046690812509609,0.6305029452154155,-0.019478060948114773,-0.023369836469343885,-0.015607800054996356
chaco_santiago_frontier,completo,kmedoides,om,px,6,13,0.36862517087429336,0.9108701973083619,0.6189831727701658,0.9671863800834573,0.6142694314368566,0.6007196667558805,0.6268245404562343,-0.02371205158120604,-0.028138223779686045,-0.019512349522301204
chaco_santiago_frontier,completo,kmedoides,om,px,8,15,0.3724911323206131,0.9204229607755008,0.6193143775217562,0.9677039009771571,0.6139756287400633,0.6004453659232505,0.6265158321473108,-0.024005854277999394,-0.028546150040629437,-0.019773049198676534
chaco_santiago_frontier,completo,kmedoides,om,px,10,17,0.37847387735546456,0.935206281560177,0.6271603205907678,0.9799635060990493,0.6219669715969073,0.6083365000547589,0.6341995263198652,-0.016014511421155397,-0.01938346234287467,-0.01232906127108562
chaco_santiago_frontier,completo,kmedoides,om,px,12,19,0.3814574325670903,0.942578625445019,0.6273735288152401,0.9802966526204782,0.6221840966881734,0.6086569366137741,0.6345352595996084,-0.01579738632988925,-0.019324085057140027,-0.012135138962704097
chaco_santiago_frontier,completo,kmedoides,om,px,16,23,0.3884289325079863,0.9598051526288197,0.6317505900832747,0.987135988856854,0.6143581774684024,0.6025591325506873,0.6255147969377136,-0.0236233055496603,-0.02697985759685901,-0.020471680776022377
chaco_santiago_frontier,completo,kmedoides,om,px,20,26,0.39019707736300047,0.9641742260947923,0.631886099125045,0.9873477272454629,0.6161446824889651,0.6044547056826315,0.627575806163976,-0.021836800529097533,-0.025241685369470832,-0.018413102796038333
chaco_santiago_frontier,completo,kmedoides,om,px,24,28,0.38698793527142444,0.9562444586206628,0.6330865396202775,0.9892234643384333,0.6271336404162583,0.6144006656697314,0.6383662156836013,-0.01084784260180438,-0.013985185391272855,-0.008550881382016231
chaco_santiago_frontier,completo,kmedoides,om,px,32,37,0.39266897380539734,0.9702822647696112,0.6308006670432552,0.9856516954756259,0.6175254157512706,0.6056764290069409,0.6287975455149133,-0.020456067266792055,-0.023771068651700047,-0.017197651502939094
chaco_santiago_frontier,completo,kmedoides,om,px,40,38,0.39304067628008416,0.971200738962936,0.6317846920091706,0.9871892745029137,0.5981690644884113,0.5858761503206644,0.6097046596657633,-0.03981241852965134,-0.045035415775319165,-0.03562893291136431
chaco_santiago_frontier,completo,kmedoides,om,px,60,53,0.39563964909444815,0.9776227824566129,0.6299603401148335,0.9843386504757925,0.6141573950478397,0.6020687053969952,0.6253713982514214,-0.02382408797022295,-0.027524338962763826,-0.020378152240005047
chaco_santiago_frontier,completo,kmedoides,onehot,px,2,10,0.36705733145044217,0.906996077150034,0.6173471876842486,0.9646300868549395,0.6164939300841515,0.6025793388633779,0.6285992312770728,-0.021487552933911136,-0.025638189346828103,-0.017514782740715235
chaco_santiago_frontier,completo,kmedoides,onehot,px,3,11,0.36702358111300815,0.9069126803042765,0.6173471876842486,0.9646300868549395,0.6164939300841515,0.6025793388633779,0.6285992312770728,-0.021487552933911136,-0.025638189346828103,-0.017514782740715235
chaco_santiago_frontier,completo,kmedoides,onehot,px,4,12,0.36733736088229,0.9076880279010758,0.6176385433980165,0.9650853420064724,0.6167878485369526,0.6027324236456917,0.6289332025581854,-0.021193634481110113,-0.025206580762494137,-0.017261826817912655
chaco_santiago_frontier,completo,kmedoides,onehot,px,5,12,0.36702624133603867,0.9069192536966223,0.6173471876842486,0.9646300868549395,0.6137419106514291,0.6000989945914494,0.6263077078360294,-0.024239572366633544,-0.028891228044747044,-0.02010262944286931
chaco_santiago_frontier,completo,kmedoides,onehot,px,6,13,0.36876772629826887,0.9112224507555586,0.6187192799162471,0.9667740367672903,0.6179796282975644,0.6039900553196618,0.630086005379405,-0.020001854720498313,-0.024054451686773386,-0.01603502391697984
chaco_santiago_frontier,completo,kmedoides,onehot,px,8,15,0.3840561168135017,0.9489999558893204,0.6322864545292702,0.9879732988461035,0.632573497278635,0.6197306429935279,0.6448134649403021,-0.00540798573942769,-0.008656480236866696,-0.002422387888203622
chaco_santiago_frontier,completo,kmedoides,onehot,px,10,17,0.3811056021421554,0.9417092549464732,0.6273406110704617,0.9802452173055725,0.6230306342237152,0.6095516636175821,0.6346725754174114,-0.014950848794347493,-0.018612851091946006,-0.012196649537002181
chaco_santiago_frontier,completo,kmedoides,onehot,px,12,19,0.3831935715814555,0.9468686127044861,0.6317925971197731,0.9872016265597129,0.626685709089753,0.6136644831845683,0.6390689862070988,-0.011295773928309716,-0.014907512104402925,-0.007882540186503268
chaco_santiago_frontier,completo,kmedoides,onehot,px,16,22,0.3916537994031236,0.9677737759816418,0.6339229673468304,0.990530416676775,0.618234134775094,0.6061884329628886,0.6294374407394713,-0.019747348242968643,-0.023115865197404252,-0.016225213227627377
chaco_santiago_frontier,completo,kmedoides,onehot,px,20,25,0.39102046409503843,0.9662088089022921,0.6326554799057147,0.9885499160042162,0.6038995173424093,0.5919011848052913,0.6154806331517263,-0.03408196567565336,-0.03930431460255735,-0.03002535736956137
chaco_santiago_frontier,completo,kmedoides,onehot,px,24,29,0.3949700411711882,0.9759681860009981,0.6316525009596757,0.9869827206121703,0.6288421230332707,0.6171363450923278,0.6399989209224929,-0.009139359984791984,-0.011052064205817719,-0.007362992034243637
chaco_santiago_frontier,completo,kmedoides,onehot,px,32,37,0.39240439983946873,0.969628504365848,0.6339083118660005,0.9905075168919735,0.625911238459591,0.613416745464523,0.637554245446042,-0.012070244558471721,-0.015177882810051072,-0.009706189512350846
chaco_santiago_frontier,completo,kmedoides,onehot,px,40,42,0.3969111098440045,0.9807645530011241,0.6322299002639934,0.9878849305066758,0.627556285842422,0.6158598227949101,0.638700299593364,-0.010425197175640721,-0.012440387436103026,-0.008519831251196134
chaco_santiago_frontier,completo,kmedoides,onehot,px,60,56,0.3985994455289256,0.9849364185706927,0.6367697322036617,0.9949786025369904,0.6295092725591247,0.6173409338897583,0.6403910003965125,-0.008472210458937979,-0.010149109175952551,-0.007013991755302701
chaco_santiago_frontier,completo,kmedoides,pca8,px,2,10,0.3670796287210586,0.907051173548464,0.6173471876842486,0.9646300868549395,0.6164939300841515,0.6025793388633779,0.6285992312770728,-0.021487552933911136,-0.025638189346828103,-0.017514782740715235
chaco_santiago_frontier,completo,kmedoides,pca8,px,3,11,0.3670188298080151,0.9069009398631497,0.6173471876842486,0.9646300868549395,0.5289229161546383,0.5128705112180129,0.5446104524206709,-0.10905856686342441,-0.11814853407354341,-0.10012823581815415
chaco_santiago_frontier,completo,kmedoides,pca8,px,4,11,0.36704496659089264,0.9069655236692968,0.6173471876842486,0.9646300868549395,0.5393883397443714,0.5222073367008052,0.5550522820252465,-0.09859314327369129,-0.10804999998485654,-0.08936336765054789
chaco_santiago_frontier,completo,kmedoides,pca8,px,5,13,0.3686851478024958,0.9110183998749314,0.6190377915839181,0.9672717242011675,0.6149274755779814,0.6012797949618561,0.6274355226737498,-0.023054007440081237,-0.02749384807651017,-0.018876365612347783
chaco_santiago_frontier,completo,kmedoides,pca8,px,6,13,0.36868096358192476,0.9110080606954118,0.6190377915839181,0.9672717242011675,0.6148622693827471,0.6012379633923624,0.6273545517317788,-0.02311921363531555,-0.02756105462886971,-0.018890910778964508
chaco_santiago_frontier,completo,kmedoides,pca8,px,8,15,0.3795235598743274,0.9378000396608516,0.6268740138931522,0.9795161402405863,0.6224367851985193,0.6089673183822626,0.6345617524187938,-0.015544697819543374,-0.018879506398357514,-0.01206694279790487
chaco_santiago_frontier,completo,kmedoides,pca8,px,10,17,0.3839256361947928,0.9486775392007736,0.6321590095309472,0.9877741608533271,0.6214913846786204,0.6076889732388738,0.6334625142153657,-0.01649009833944226,-0.020035880499502615,-0.012792524725632696
chaco_santiago_frontier,completo,kmedoides,pca8,px,12,19,0.38984840763788564,0.9633126656632094,0.6305504588563426,0.9852607350081802,0.5506018358979538,0.5345447872281733,0.5655756350817174,-0.08737964712010893,-0.09686784768657318,-0.07966025663802467
chaco_santiago_frontier,completo,kmedoides,pca8,px,16,22,0.393216045023069,0.9716340738899717,0.6346416326520903,0.991653360442718,0.6186779285234003,0.606812063088942,0.6300971887862269,-0.019303554494662367,-0.02274637759375706,-0.015854494481442983
chaco_santiago_frontier,completo,kmedoides,pca8,px,20,25,0.38805419340633185,0.9588791749516753,0.6316593900694208,0.9869934851263114,0.6238935835467077,0.6113739217976235,0.6362508384693637,-0.014087899471355025,-0.01747367634463894,-0.011208369543036292
chaco_santiago_frontier,completo,kmedoides,pca8,px,24,31,0.3948746978280966,0.9757325932726775,0.6331773035978552,0.9893652867445618,0.6168449813312734,0.6050442062394777,0.6278750034047772,-0.021136501686789266,-0.02471411752428464,-0.017692561588700875
chaco_santiago_frontier,completo,kmedoides,pca8,px,32,37,0.3967379111191167,0.980336580173501,0.6295784259968288,0.9837418941348364,0.6267472702622491,0.6147990119890712,0.6377172954031837,-0.0112342127558136,-0.01343256670589851,-0.009336107287219043
chaco_santiago_frontier,completo,kmedoides,pca8,px,40,44,0.3944575467123246,0.9747018158077815,0.6348167755967876,0.9919270284164706,0.6207877019814103,0.6089349367715241,0.6319344983269122,-0.017193781036652367,-0.02038562159669487,-0.01391565227501571
chaco_santiago_frontier,completo,kmedoides,pca8,px,60,57,0.39705623517565497,0.98112315667206,0.6353413989472222,0.9927467737367566,0.6329285867398253,0.6208634337610855,0.6438451024296008,-0.005052896278237351,-0.006829209902368852,-0.0035511442746642245
chaco_santiago_frontier,completo,ward,ae_d16,px,2,10,0.36707186961995675,0.9070320008643665,0.6173471876842486,0.9646300868549395,0.6164939300841515,0.6025793388633779,0.6285992312770728,-0.021487552933911136,-0.025638189346828103,-0.017514782740715235
chaco_santiago_frontier,completo,ward,ae_d16,px,3,11,0.36714813658985757,0.9072204560090786,0.6173471876842486,0.9646300868549395,0.6164939300841515,0.6025793388633779,0.6285992312770728,-0.021487552933911136,-0.025638189346828103,-0.017514782740715235
chaco_santiago_frontier,completo,ward,ae_d16,px,4,12,0.36903784280579144,0.9118899067405088,0.619286741037002,0.967660717845816,0.6184565208192965,0.6046661730310556,0.630395988424413,-0.019524962198766205,-0.02338101132186997,-0.015666329816521038
chaco_santiago_frontier,completo,ward,ae_d16,px,5,13,0.37455042388021503,0.9255114556950453,0.619286741037002,0.967660717845816,0.6184565208192965,0.6046661730310556,0.630395988424413,-0.019524962198766205,-0.02338101132186997,-0.015666329816521038
chaco_santiago_frontier,completo,ward,ae_d16,px,6,13,0.37455042388021503,0.9255114556950453,0.619286741037002,0.967660717845816,0.6184565208192965,0.6046661730310556,0.630395988424413,-0.019524962198766205,-0.02338101132186997,-0.015666329816521038
chaco_santiago_frontier,completo,ward,ae_d16,px,8,15,0.389742549031804,0.963051089794205,0.6291670918642736,0.9830991678247004,0.6293455910674336,0.6166997295601915,0.6401774711812551,-0.008635891950629082,-0.010953589567564767,-0.00691135044268372
chaco_santiago_frontier,completo,ward,ae_d16,px,10,17,0.39271311171965495,0.9703913292444359,0.6345544881036317,0.991517193541782,0.6348215049381202,0.6222696915833047,0.6453248117982902,-0.003159978079942505,-0.003964679293894316,-0.002327579599582563
chaco_santiago_frontier,completo,ward,ae_d16,px,12,19,0.3928938218461409,0.97083786269243,0.6345544881036317,0.991517193541782,0.6308049451681236,0.6185463239198462,0.6416294955026963,-0.007176537849939102,-0.008690382181741877,-0.005785573509524236
chaco_santiago_frontier,completo,ward,ae_d16,px,16,22,0.39453416205704944,0.9748911317842268,0.6377368340375259,0.9964897384822231,0.6308049451681236,0.6185463239198462,0.6416294955026963,-0.007176537849939102,-0.008690382181741877,-0.005785573509524236
chaco_santiago_frontier,completo,ward,ae_d16,px,20,25,0.3947882387115394,0.9755189534054629,0.6377368340375259,0.9964897384822231,0.6308049451681236,0.6185463239198462,0.6416294955026963,-0.007176537849939102,-0.008690382181741877,-0.005785573509524236
chaco_santiago_frontier,completo,ward,ae_d16,px,24,29,0.3955849494332436,0.9774876199795746,0.6385025293334214,0.9976861685211365,0.6315940292660466,0.6197340200087774,0.6422144933529897,-0.0063874537520161034,-0.00781930494214265,-0.00516439602767483
chaco_santiago_frontier,completo,ward,ae_d16,px,32,37,0.3964497351514912,0.9796244993900102,0.6386397643461458,0.9979006038095524,0.6315940292660466,0.6197340200087774,0.6422144933529897,-0.0063874537520161034,-0.00781930494214265,-0.00516439602767483
chaco_santiago_frontier,completo,ward,ae_d16,px,40,43,0.39900354746454797,0.9859349516034751,0.6411983732854045,1.0018985343299183,0.6315940292660466,0.6197340200087774,0.6422144933529897,-0.0063874537520161034,-0.00781930494214265,-0.00516439602767483
chaco_santiago_frontier,completo,ward,ae_d16,px,60,58,0.4000973702175284,0.9886377799113321,0.6412460518978874,1.001973034100903,0.6316534994942783,0.6198078208024074,0.642271912224593,-0.006327983523784386,-0.007718041909514051,-0.005108155152750759
chaco_santiago_frontier,completo,ward,ae_d3,px,2,10,0.3671456698455686,0.9072143607013388,0.6173471876842486,0.9646300868549395,0.6164939300841515,0.6025793388633779,0.6285992312770728,-0.021487552933911136,-0.025638189346828103,-0.017514782740715235
chaco_santiago_frontier,completo,ward,ae_d3,px,3,11,0.3671847914788922,0.9073110299813555,0.6173471876842486,0.9646300868549395,0.5879504220374026,0.5740659519063047,0.6011939244840254,-0.050031060980660125,-0.057148739398072836,-0.04446383809399466
chaco_santiago_frontier,completo,ward,ae_d3,px,4,11,0.3671847914788922,0.9073110299813555,0.6173471876842486,0.9646300868549395,0.5879504220374026,0.5740659519063047,0.6011939244840254,-0.050031060980660125,-0.057148739398072836,-0.04446383809399466
chaco_santiago_frontier,completo,ward,ae_d3,px,5,12,0.36900762512221275,0.9118152390575119,0.6173471876842486,0.9646300868549395,0.5879504220374026,0.5740659519063047,0.6011939244840254,-0.050031060980660125,-0.057148739398072836,-0.04446383809399466
chaco_santiago_frontier,completo,ward,ae_d3,px,6,13,0.36900657478003523,0.9118126436693994,0.6173471876842486,0.9646300868549395,0.5879504220374026,0.5740659519063047,0.6011939244840254,-0.050031060980660125,-0.057148739398072836,-0.04446383809399466
chaco_santiago_frontier,completo,ward,ae_d3,px,8,15,0.370266093515609,0.9149249055815869,0.6173471876842486,0.9646300868549395,0.5848389320155111,0.5711973439407947,0.5977010223540176,-0.05314255100255161,-0.06040536426961624,-0.048154948267835646
chaco_santiago_frontier,completo,ward,ae_d3,px,10,17,0.37998683782805587,0.9389447962170043,0.6251370536253199,0.9768020691838964,0.5848389320155111,0.5711973439407947,0.5977010223540176,-0.05314255100255161,-0.06040536426961624,-0.048154948267835646
chaco_santiago_frontier,completo,ward,ae_d3,px,12,19,0.3874435301876778,0.9573702304454031,0.626092362342552,0.9782947779047924,0.5775103824345265,0.5647006249660682,0.5896114353717717,-0.06047110058353622,-0.06613975964227604,-0.05508804950116343
chaco_santiago_frontier,completo,ward,ae_d3,px,16,22,0.3877943359438647,0.9582370689946997,0.6264166624620743,0.9788015100300902,0.5851792670342698,0.572848893039855,0.5971558307629744,-0.052802215983792866,-0.058086416032848094,-0.04784032685596356
chaco_santiago_frontier,completo,ward,ae_d3,px,20,26,0.3916354441695626,0.9677284203289723,0.6306756171800687,0.985456299978905,0.5806800691492041,0.5681793061266894,0.5940535933868534,-0.057301413868858564,-0.06380057807519954,-0.051323366808676094
chaco_santiago_frontier,completo,ward,ae_d3,px,24,30,0.39275988472451434,0.9705069050095524,0.6312729064085658,0.9863895886888188,0.6063255220312963,0.5938479372817465,0.6190444713759867,-0.031655960986766374,-0.03716441626728254,-0.025913921633308846
chaco_santiago_frontier,completo,ward,ae_d3,px,32,36,0.3945887078437735,0.9750259140385092,0.6350431279492763,0.9922807131724668,0.6151436509451237,0.6032665162563383,0.6263338582366593,-0.02283783207293899,-0.026554706050849104,-0.019117645737054167
chaco_santiago_frontier,completo,ward,ae_d3,px,40,43,0.3955190550053412,0.9773247953129826,0.6356242468957358,0.9931887351590883,0.6169625392004624,0.6048645001711097,0.6282059844165071,-0.021018943817600277,-0.02486475458290728,-0.01730094803257065
chaco_santiago_frontier,completo,ward,ae_d3,px,60,59,0.3988967781610522,0.9856711254075834,0.6388540858047004,0.9982354898045075,0.6312795340387289,0.6190115852625638,0.6422891110932698,-0.006701948979333738,-0.00830633951679122,-0.00522879232480368
chaco_santiago_frontier,completo,ward,ae_d8,px,2,10,0.36704006338482276,0.9069534078816806,0.6173471876842486,0.9646300868549395,0.6164939300841515,0.6025793388633779,0.6285992312770728,-0.021487552933911136,-0.025638189346828103,-0.017514782740715235
chaco_santiago_frontier,completo,ward,ae_d8,px,3,11,0.3671699563663812,0.9072743725229733,0.6173471876842486,0.9646300868549395,0.6164939300841515,0.6025793388633779,0.6285992312770728,-0.021487552933911136,-0.025638189346828103,-0.017514782740715235
chaco_santiago_frontier,completo,ward,ae_d8,px,4,12,0.3757806924367412,0.9285514406211084,0.6253670977214135,0.97716152243941,0.624646318384004,0.6109424061246479,0.6369795232195533,-0.013335164634058705,-0.016647866975885568,-0.010032806892921464
chaco_santiago_frontier,completo,ward,ae_d8,px,5,13,0.37608929281071235,0.9293139899686254,0.6253670977214135,0.97716152243941,0.6180370809619652,0.6038231285699109,0.6303389449687973,-0.019944402056097488,-0.024032653928084242,-0.016329377819414743
chaco_santiago_frontier,completo,ward,ae_d8,px,6,14,0.3761002021752354,0.9293409469314177,0.6253670977214135,0.97716152243941,0.624646318384004,0.6109424061246479,0.6369795232195533,-0.013335164634058705,-0.016647866975885568,-0.010032806892921464
chaco_santiago_frontier,completo,ward,ae_d8,px,8,15,0.37796065478648133,0.9339381122119904,0.6253670977214135,0.97716152243941,0.624646318384004,0.6109424061246479,0.6369795232195533,-0.013335164634058705,-0.016647866975885568,-0.010032806892921464
chaco_santiago_frontier,completo,ward,ae_d8,px,10,17,0.381984241950142,0.9438803677149409,0.6242426724858083,0.975404562280974,0.5877281589514368,0.5747722390980763,0.599529823732242,-0.05025332406662586,-0.05619649321633124,-0.04486645603052356
chaco_santiago_frontier,completo,ward,ae_d8,px,12,19,0.38681382094244054,0.955814223341776,0.6330724588271358,0.9892014625265158,0.6292704116995782,0.6161759725308537,0.6416930501941411,-0.008711071318484476,-0.011998780480728851,-0.005825551409716774
chaco_santiago_frontier,completo,ward,ae_d8,px,16,23,0.3886653708074807,0.9603893899992655,0.6340518503389924,0.9907318015934047,0.6259765270614549,0.6128330979598523,0.6382158931220816,-0.012004955956607777,-0.015162596553386327,-0.009419186138021434
chaco_santiago_frontier,completo,ward,ae_d8,px,20,27,0.3906548597428619,0.96530540312668,0.6347966864822311,0.9918956383579978,0.6275585577505056,0.6147971008134472,0.6395928003315964,-0.01042292526755706,-0.013398895769947405,-0.007830477001010604
chaco_santiago_frontier,completo,ward,ae_d8,px,24,30,0.3913692788706497,0.9670707277526288,0.6357851071329457,0.9934400858215466,0.6283143028231428,0.6155614222915803,0.6403824930541742,-0.009667180194919855,-0.012785763454894055,-0.006981744283853702
chaco_santiago_frontier,completo,ward,ae_d8,px,32,37,0.39545764110712234,0.9771730420036374,0.6330675682911342,0.9891938208651263,0.6278058991020775,0.6158312434949395,0.6388316887169037,-0.010175583915985165,-0.012597029585549813,-0.008249582922821316
chaco_santiago_frontier,completo,ward,ae_d8,px,40,43,0.39739611417708615,0.9819629952874218,0.6314925115821485,0.9867327307033819,0.627763628181592,0.6160350618024701,0.6385503803034339,-0.010217854836470641,-0.012416962112460428,-0.007991591735116618
chaco_santiago_frontier,completo,ward,ae_d8,px,60,59,0.39898278050932984,0.9858836366036009,0.6388627653000528,0.998249051868971,0.6293764585344859,0.6177638323480571,0.6400803322542675,-0.008605024483576806,-0.010219912094340722,-0.007158951010587944
chaco_santiago_frontier,completo,ward,onehot,px,2,10,0.3670547122247735,0.9069896050618802,0.6173471876842486,0.9646300868549395,0.6164939300841515,0.6025793388633779,0.6285992312770728,-0.021487552933911136,-0.025638189346828103,-0.017514782740715235
chaco_santiago_frontier,completo,ward,onehot,px,3,11,0.36716580110412045,0.907264104899234,0.6173471876842486,0.9646300868549395,0.6164939300841515,0.6025793388633779,0.6285992312770728,-0.021487552933911136,-0.025638189346828103,-0.017514782740715235
chaco_santiago_frontier,completo,ward,onehot,px,4,12,0.3671734961906716,0.9072831194038282,0.6173471876842486,0.9646300868549395,0.6122566850289176,0.5984583061470111,0.6249986410407936,-0.025724797989145065,-0.030362993161235134,-0.021460238180789255
chaco_santiago_frontier,completo,ward,onehot,px,5,13,0.3687810482797285,0.9112553692777852,0.6191529521803906,0.9674516673164738,0.6140982087593971,0.6005949835733786,0.6265837593996663,-0.023883274258665543,-0.02841029309467781,-0.01972510654462794
chaco_santiago_frontier,completo,ward,onehot,px,6,14,0.37456329911992897,0.925543270321569,0.6241935047977544,0.9753277357688523,0.6192745468236895,0.6059272473453728,0.6320001430801768,-0.018706936194373136,-0.022351143658853177,-0.014828185171482714
chaco_santiago_frontier,completo,ward,onehot,px,8,15,0.3811079793146303,0.9417151289228924,0.6308016446077663,0.9856532229599299,0.6260085238251465,0.6131219848671795,0.638799325430002,-0.011972959192916188,-0.015406957676314895,-0.008562837112332746
chaco_santiago_frontier,completo,ward,onehot,px,10,17,0.38392091621551894,0.948665876165278,0.6311477982278759,0.9861941020686272,0.6260085238251465,0.6131219848671795,0.638799325430002,-0.011972959192916188,-0.015406957676314895,-0.008562837112332746
chaco_santiago_frontier,completo,ward,onehot,px,12,19,0.3879831607961328,0.9587036538728682,0.6343324683129954,0.9911702785898756,0.6300469222035969,0.6178241320630417,0.6426516884612676,-0.007934560814465752,-0.01122741042414365,-0.004803924241399076
chaco_santiago_frontier,completo,ward,onehot,px,16,23,0.39076251120702016,0.9655714091353468,0.6343324683129954,0.9911702785898756,0.6262763361276845,0.6138974061064741,0.6382551792792845,-0.01170514689037816,-0.01397645550704844,-0.009637884079028792
chaco_santiago_frontier,completo,ward,onehot,px,20,26,0.39314838032616645,0.9714668749011661,0.6343324683129954,0.9911702785898756,0.6262763361276845,0.6138974061064741,0.6382551792792845,-0.01170514689037816,-0.01397645550704844,-0.009637884079028792
chaco_santiago_frontier,completo,ward,onehot,px,24,29,0.39336655568667067,0.9720059846781761,0.6343324683129954,0.9911702785898756,0.6262763361276845,0.6138974061064741,0.6382551792792845,-0.01170514689037816,-0.01397645550704844,-0.009637884079028792
chaco_santiago_frontier,completo,ward,onehot,px,32,37,0.39581323356138404,0.9780517084501161,0.6345573521429674,0.9915216687197179,0.6268585031617617,0.6146152397597536,0.6387610996149193,-0.011122979856300952,-0.013344756098736607,-0.009115099771027304
chaco_santiago_frontier,completo,ward,onehot,px,40,44,0.3963904732256396,0.9794780635892066,0.6345573521429674,0.9915216687197179,0.6268585031617617,0.6146152397597536,0.6387610996149193,-0.011122979856300952,-0.013344756098736607,-0.009115099771027304
chaco_santiago_frontier,completo,ward,onehot,px,60,61,0.39987279079122856,0.9880828457329092,0.639347927382421,0.9990071373531035,0.629830385996362,0.6178025182520834,0.640511901372034,-0.008151097021700693,-0.009758231481923983,-0.00674243546210945
chaco_santiago_frontier,completo,ward,pca8,px,2,10,0.3670706960235081,0.9070291009158193,0.6173471876842486,0.9646300868549395,0.6164939300841515,0.6025793388633779,0.6285992312770728,-0.021487552933911136,-0.025638189346828103,-0.017514782740715235
chaco_santiago_frontier,completo,ward,pca8,px,3,11,0.36766917414370187,0.9085079361297378,0.6173471876842486,0.9646300868549395,0.5579440092439347,0.5416899322555075,0.5740638889972969,-0.08003747377412795,-0.0889686964786862,-0.07250733762718345
chaco_santiago_frontier,completo,ward,pca8,px,4,12,0.3676941483967328,0.9085696473328333,0.6173471876842486,0.9646300868549395,0.6123229697440533,0.5985603813336008,0.6250992723070479,-0.025658513274009365,-0.030350283573916455,-0.021459274376459014
chaco_santiago_frontier,completo,ward,pca8,px,5,13,0.3691106629692148,0.9120698448507256,0.6191497672211714,0.9674466906881689,0.6141614426650689,0.6006775502108818,0.626687750259475,-0.023820040352993788,-0.028401813484040344,-0.01961357412724534
chaco_santiago_frontier,completo,ward,pca8,px,6,13,0.3691106629692148,0.9120698448507256,0.6191497672211714,0.9674466906881689,0.6141614426650689,0.6006775502108818,0.626687750259475,-0.023820040352993788,-0.028401813484040344,-0.01961357412724534
chaco_santiago_frontier,completo,ward,pca8,px,8,15,0.3779226536527628,0.9338442116785948,0.6248318836452929,0.9763252286795391,0.5598963079027204,0.5469095989223719,0.5730721494017151,-0.0780851751153423,-0.08632772661733434,-0.07155878017762925
chaco_santiago_frontier,completo,ward,pca8,px,10,17,0.3821161436320593,0.9442062958406529,0.6304993903293592,0.9851809383579284,0.6252865497271168,0.6120436324061819,0.6377188109924308,-0.012694933290945842,-0.0161661781954004,-0.009479858983460872
chaco_santiago_frontier,completo,ward,pca8,px,12,19,0.38918707607843467,0.9616785200441932,0.6304993903293592,0.9851809383579284,0.6146526598132838,0.6026084896060605,0.6258179694523011,-0.023328823204778915,-0.02678932387205114,-0.019812057202625615
chaco_santiago_frontier,completo,ward,pca8,px,16,23,0.3916870106501798,0.9678558407388779,0.6287456917581453,0.9824407130214964,0.6146526598132838,0.6026084896060605,0.6258179694523011,-0.023328823204778915,-0.02678932387205114,-0.019812057202625615
chaco_santiago_frontier,completo,ward,pca8,px,20,27,0.3932497748027207,0.9717174199375941,0.6321323188084728,0.9877324555140102,0.6146526598132838,0.6026084896060605,0.6258179694523011,-0.023328823204778915,-0.02678932387205114,-0.019812057202625615
chaco_santiago_frontier,completo,ward,pca8,px,24,30,0.3938092117195053,0.973099784613247,0.6321323188084728,0.9877324555140102,0.6146526598132838,0.6026084896060605,0.6258179694523011,-0.023328823204778915,-0.02678932387205114,-0.019812057202625615
chaco_santiago_frontier,completo,ward,pca8,px,32,37,0.3943921843690934,0.9745403059186595,0.6321323188084728,0.9877324555140102,0.6146526598132838,0.6026084896060605,0.6258179694523011,-0.023328823204778915,-0.02678932387205114,-0.019812057202625615
chaco_santiago_frontier,completo,ward,pca8,px,40,42,0.3952000256054969,0.9765364759160892,0.6326209951573885,0.9884960321825406,0.6155527018190688,0.6032024550988646,0.6267036622988625,-0.02242878119899383,-0.02586923952137967,-0.019010511296443343
chaco_santiago_frontier,completo,ward,pca8,px,60,57,0.39749615627121865,0.9822101985964239,0.6339349778055157,0.9905491835069087,0.6178440655502658,0.6058181470919836,0.6288065150800921,-0.020137417467796848,-0.023617866213777473,-0.01668895774585551
