metodo,espacio,universo,peso,k,metrica,valor
hdbscan,om,completo,px,6,mcs,20.0
hdbscan,om,completo,px,6,min_samples,5.0
hdbscan,om,completo,px,6,leaf,0.0
hdbscan,om,completo,px,6,k_real,4.0
hdbscan,om,completo,px,6,ruido_share_px,0.01748365101098324
hdbscan,om,completo,px,6,pseudo_r2,0.0021925161922240477
hdbscan,om,completo,px,6,pseudo_f,1212.0142121570518
hdbscan,om,completo,px,6,asw_corr,-0.31339381851995574
hdbscan,om,completo,px,6,nmi_estados,0.15245885738258044
hdbscan,om,completo,px,6,nmi_anio_primer_cambio,0.02237882895783081
hdbscan,om,completo,px,6,costura_max_share_cluster,0.6644977633184221
hdbscan,om,completo,px,6,solo_costura_max_share_cluster,0.5819438796258641
hdbscan,om,completo,px,6,clusters_definidos_por_costura,0.0
hdbscan,om,completo,px,6,cluster_mayor_share,0.980238118705476
hdbscan,om,completo,px,12,mcs,10.0
hdbscan,om,completo,px,12,min_samples,1.0
hdbscan,om,completo,px,12,leaf,0.0
hdbscan,om,completo,px,12,k_real,17.0
hdbscan,om,completo,px,12,ruido_share_px,0.010805710953911704
hdbscan,om,completo,px,12,pseudo_r2,0.00868069859137377
hdbscan,om,completo,px,12,pseudo_f,911.7850766459985
hdbscan,om,completo,px,12,asw_corr,-0.4317975230228163
hdbscan,om,completo,px,12,nmi_estados,0.17031572255787442
hdbscan,om,completo,px,12,nmi_anio_primer_cambio,0.02629566437814214
hdbscan,om,completo,px,12,costura_max_share_cluster,0.6567643516659976
hdbscan,om,completo,px,12,solo_costura_max_share_cluster,0.574468085106383
hdbscan,om,completo,px,12,clusters_definidos_por_costura,0.0
hdbscan,om,completo,px,12,cluster_mayor_share,0.9795262088514323
hdbscan,om,completo,px,24,mcs,40.0
hdbscan,om,completo,px,24,min_samples,1.0
hdbscan,om,completo,px,24,leaf,1.0
hdbscan,om,completo,px,24,k_real,19.0
hdbscan,om,completo,px,24,ruido_share_px,0.10234104935156234
hdbscan,om,completo,px,24,pseudo_r2,0.6317424020737745
hdbscan,om,completo,px,24,pseudo_f,144084.04510585565
hdbscan,om,completo,px,24,asw_corr,0.26354180195471
hdbscan,om,completo,px,24,nmi_estados,0.6208780531328456
hdbscan,om,completo,px,24,nmi_anio_primer_cambio,0.07676529272956216
hdbscan,om,completo,px,24,costura_max_share_cluster,0.6567643516659976
hdbscan,om,completo,px,24,solo_costura_max_share_cluster,0.574468085106383
hdbscan,om,completo,px,24,clusters_definidos_por_costura,0.0
hdbscan,om,completo,px,24,cluster_mayor_share,0.29253676221735875
hdbscan,om,sin_costura,px,6,mcs,20.0
hdbscan,om,sin_costura,px,6,min_samples,5.0
hdbscan,om,sin_costura,px,6,leaf,0.0
hdbscan,om,sin_costura,px,6,k_real,26.0
hdbscan,om,sin_costura,px,6,ruido_share_px,0.06028331846205044
hdbscan,om,sin_costura,px,6,pseudo_r2,0.6989834423146568
hdbscan,om,sin_costura,px,6,pseudo_f,138219.18229658162
hdbscan,om,sin_costura,px,6,asw_corr,0.24426038017484744
hdbscan,om,sin_costura,px,6,nmi_estados,0.6514262999280016
hdbscan,om,sin_costura,px,6,nmi_anio_primer_cambio,0.10412999992469534
hdbscan,om,sin_costura,px,6,costura_max_share_cluster,0.0
hdbscan,om,sin_costura,px,6,solo_costura_max_share_cluster,0.0
hdbscan,om,sin_costura,px,6,clusters_definidos_por_costura,0.0
hdbscan,om,sin_costura,px,6,cluster_mayor_share,0.30758864831720856
hdbscan,om,sin_costura,px,12,mcs,10.0
hdbscan,om,sin_costura,px,12,min_samples,1.0
hdbscan,om,sin_costura,px,12,leaf,0.0
hdbscan,om,sin_costura,px,12,k_real,60.0
hdbscan,om,sin_costura,px,12,ruido_share_px,0.05543483820612545
hdbscan,om,sin_costura,px,12,pseudo_r2,0.7023857692025758
hdbscan,om,sin_costura,px,12,pseudo_f,59831.09864076153
hdbscan,om,sin_costura,px,12,asw_corr,0.18348213575330116
hdbscan,om,sin_costura,px,12,nmi_estados,0.6591811386323765
hdbscan,om,sin_costura,px,12,nmi_anio_primer_cambio,0.11137630297495221
hdbscan,om,sin_costura,px,12,costura_max_share_cluster,0.0
hdbscan,om,sin_costura,px,12,solo_costura_max_share_cluster,0.0
hdbscan,om,sin_costura,px,12,clusters_definidos_por_costura,0.0
hdbscan,om,sin_costura,px,12,cluster_mayor_share,0.3061880323745618
hdbscan,om,sin_costura,px,24,mcs,40.0
hdbscan,om,sin_costura,px,24,min_samples,1.0
hdbscan,om,sin_costura,px,24,leaf,1.0
hdbscan,om,sin_costura,px,24,k_real,17.0
hdbscan,om,sin_costura,px,24,ruido_share_px,0.18719503608575205
hdbscan,om,sin_costura,px,24,pseudo_r2,0.717963437421766
hdbscan,om,sin_costura,px,24,pseudo_f,204785.8854468587
hdbscan,om,sin_costura,px,24,asw_corr,0.3510822189857621
hdbscan,om,sin_costura,px,24,nmi_estados,0.60080652558136
hdbscan,om,sin_costura,px,24,nmi_anio_primer_cambio,0.14215478433062026
hdbscan,om,sin_costura,px,24,costura_max_share_cluster,0.0
hdbscan,om,sin_costura,px,24,solo_costura_max_share_cluster,0.0
hdbscan,om,sin_costura,px,24,clusters_definidos_por_costura,0.0
hdbscan,om,sin_costura,px,24,cluster_mayor_share,0.24828664508278347
hdbscan,om,completo,px,6,estabilidad_ari_80,0.026713172038780097
hdbscan,om,completo,px,6,estabilidad_ari_80_sd,0.0005034937346360545
hdbscan,om,completo,px,12,estabilidad_ari_80,0.028938745699221113
hdbscan,om,completo,px,12,estabilidad_ari_80_sd,0.0006265554169660283
hdbscan,om,completo,px,24,estabilidad_ari_80,0.7374257641151507
hdbscan,om,completo,px,24,estabilidad_ari_80_sd,0.09473217294648438
hdbscan,onehot,completo,px,6,mcs,40.0
hdbscan,onehot,completo,px,6,min_samples,5.0
hdbscan,onehot,completo,px,6,leaf,0.0
hdbscan,onehot,completo,px,6,k_real,6.0
hdbscan,onehot,completo,px,6,ruido_share_px,0.0004666898626174295
hdbscan,onehot,completo,px,6,pseudo_r2,0.024976568009676625
hdbscan,onehot,completo,px,6,pseudo_f,8624.573107405466
hdbscan,onehot,completo,px,6,asw_corr,0.005430698265344348
hdbscan,onehot,completo,px,6,nmi_estados,0.24908622697063065
hdbscan,onehot,completo,px,6,nmi_anio_primer_cambio,0.031211773168001552
hdbscan,onehot,completo,px,6,costura_max_share_cluster,0.3244274809160305
hdbscan,onehot,completo,px,6,solo_costura_max_share_cluster,0.15903307888040713
hdbscan,onehot,completo,px,6,clusters_definidos_por_costura,0.0
hdbscan,onehot,completo,px,6,cluster_mayor_share,0.9461685712283918
hdbscan,onehot,completo,px,12,mcs,20.0
hdbscan,onehot,completo,px,12,min_samples,1.0
hdbscan,onehot,completo,px,12,leaf,0.0
hdbscan,onehot,completo,px,12,k_real,12.0
hdbscan,onehot,completo,px,12,ruido_share_px,0.0016233207180611352
hdbscan,onehot,completo,px,12,pseudo_r2,0.027629095939766923
hdbscan,onehot,completo,px,12,pseudo_f,4343.377142172472
hdbscan,onehot,completo,px,12,asw_corr,-0.21818822434797447
hdbscan,onehot,completo,px,12,nmi_estados,0.25601117431255954
hdbscan,onehot,completo,px,12,nmi_anio_primer_cambio,0.03510876044847966
hdbscan,onehot,completo,px,12,costura_max_share_cluster,0.656776263031275
hdbscan,onehot,completo,px,12,solo_costura_max_share_cluster,0.5737770649558942
hdbscan,onehot,completo,px,12,clusters_definidos_por_costura,0.0
hdbscan,onehot,completo,px,12,cluster_mayor_share,0.9461685712283918
hdbscan,onehot,completo,px,24,mcs,20.0
hdbscan,onehot,completo,px,24,min_samples,1.0
hdbscan,onehot,completo,px,24,leaf,1.0
hdbscan,onehot,completo,px,24,k_real,21.0
hdbscan,onehot,completo,px,24,ruido_share_px,0.8392983739480181
hdbscan,onehot,completo,px,24,pseudo_r2,0.46414591171888275
hdbscan,onehot,completo,px,24,pseudo_f,11720.839989217156
hdbscan,onehot,completo,px,24,asw_corr,0.23204275447661624
hdbscan,onehot,completo,px,24,nmi_estados,0.3179937827238275
hdbscan,onehot,completo,px,24,nmi_anio_primer_cambio,0.06943292812521266
hdbscan,onehot,completo,px,24,costura_max_share_cluster,0.656776263031275
hdbscan,onehot,completo,px,24,solo_costura_max_share_cluster,0.5737770649558942
hdbscan,onehot,completo,px,24,clusters_definidos_por_costura,0.0
hdbscan,onehot,completo,px,24,cluster_mayor_share,0.04905112332131181
hdbscan,onehot,sin_costura,px,6,mcs,40.0
hdbscan,onehot,sin_costura,px,6,min_samples,5.0
hdbscan,onehot,sin_costura,px,6,leaf,0.0
hdbscan,onehot,sin_costura,px,6,k_real,12.0
hdbscan,onehot,sin_costura,px,6,ruido_share_px,0.007713491316244304
hdbscan,onehot,sin_costura,px,6,pseudo_r2,0.628887881144978
hdbscan,onehot,sin_costura,px,6,pseudo_f,242075.9531061352
hdbscan,onehot,sin_costura,px,6,asw_corr,0.562733450290342
hdbscan,onehot,sin_costura,px,6,nmi_estados,0.5970425885318812
hdbscan,onehot,sin_costura,px,6,nmi_anio_primer_cambio,0.07330748628015227
hdbscan,onehot,sin_costura,px,6,costura_max_share_cluster,0.0
hdbscan,onehot,sin_costura,px,6,solo_costura_max_share_cluster,0.0
hdbscan,onehot,sin_costura,px,6,clusters_definidos_por_costura,0.0
hdbscan,onehot,sin_costura,px,6,cluster_mayor_share,0.3389181157484676
hdbscan,onehot,sin_costura,px,12,mcs,20.0
hdbscan,onehot,sin_costura,px,12,min_samples,1.0
hdbscan,onehot,sin_costura,px,12,leaf,0.0
hdbscan,onehot,sin_costura,px,12,k_real,19.0
hdbscan,onehot,sin_costura,px,12,ruido_share_px,0.005760333015700412
hdbscan,onehot,sin_costura,px,12,pseudo_r2,0.6300864912564577
hdbscan,onehot,sin_costura,px,12,pseudo_f,148989.54493373487
hdbscan,onehot,sin_costura,px,12,asw_corr,0.3782573638116374
hdbscan,onehot,sin_costura,px,12,nmi_estados,0.5984393880475601
hdbscan,onehot,sin_costura,px,12,nmi_anio_primer_cambio,0.0742435291547543
hdbscan,onehot,sin_costura,px,12,costura_max_share_cluster,0.0
hdbscan,onehot,sin_costura,px,12,solo_costura_max_share_cluster,0.0
hdbscan,onehot,sin_costura,px,12,clusters_definidos_por_costura,0.0
hdbscan,onehot,sin_costura,px,12,cluster_mayor_share,0.3389181157484676
hdbscan,onehot,sin_costura,px,24,mcs,20.0
hdbscan,onehot,sin_costura,px,24,min_samples,1.0
hdbscan,onehot,sin_costura,px,24,leaf,1.0
hdbscan,onehot,sin_costura,px,24,k_real,33.0
hdbscan,onehot,sin_costura,px,24,ruido_share_px,0.056494456579327085
hdbscan,onehot,sin_costura,px,24,pseudo_r2,0.6765640299669524
hdbscan,onehot,sin_costura,px,24,pseudo_f,97667.0228343514
hdbscan,onehot,sin_costura,px,24,asw_corr,0.3106935332458796
hdbscan,onehot,sin_costura,px,24,nmi_estados,0.6334969679840873
hdbscan,onehot,sin_costura,px,24,nmi_anio_primer_cambio,0.10114826661651548
hdbscan,onehot,sin_costura,px,24,costura_max_share_cluster,0.0
hdbscan,onehot,sin_costura,px,24,solo_costura_max_share_cluster,0.0
hdbscan,onehot,sin_costura,px,24,clusters_definidos_por_costura,0.0
hdbscan,onehot,sin_costura,px,24,cluster_mayor_share,0.29718001324838705
hdbscan,onehot,completo,px,6,estabilidad_ari_80,0.43856290988892005
hdbscan,onehot,completo,px,6,estabilidad_ari_80_sd,0.1845954060286948
hdbscan,onehot,completo,px,12,estabilidad_ari_80,0.4126496996717256
hdbscan,onehot,completo,px,12,estabilidad_ari_80_sd,0.22575057762452846
hdbscan,onehot,completo,px,24,estabilidad_ari_80,0.03497903008855705
hdbscan,onehot,completo,px,24,estabilidad_ari_80_sd,0.030372624063434498
hdbscan,pca8,completo,px,6,mcs,20.0
hdbscan,pca8,completo,px,6,min_samples,1.0
hdbscan,pca8,completo,px,6,leaf,0.0
hdbscan,pca8,completo,px,6,k_real,6.0
hdbscan,pca8,completo,px,6,ruido_share_px,0.04420966131141039
hdbscan,pca8,completo,px,6,pseudo_r2,0.23965020523952996
hdbscan,pca8,completo,px,6,pseudo_f,101472.78127520224
hdbscan,pca8,completo,px,6,asw_corr,0.1278385883347696
hdbscan,pca8,completo,px,6,nmi_estados,0.4971066386296822
hdbscan,pca8,completo,px,6,nmi_anio_primer_cambio,0.03349064019958759
hdbscan,pca8,completo,px,6,costura_max_share_cluster,0.5050505050505051
hdbscan,pca8,completo,px,6,solo_costura_max_share_cluster,0.43686868686868685
hdbscan,pca8,completo,px,6,clusters_definidos_por_costura,0.0
hdbscan,pca8,completo,px,6,cluster_mayor_share,0.7388591154742721
hdbscan,pca8,completo,px,12,mcs,40.0
hdbscan,pca8,completo,px,12,min_samples,1.0
hdbscan,pca8,completo,px,12,leaf,1.0
hdbscan,pca8,completo,px,12,k_real,14.0
hdbscan,pca8,completo,px,12,ruido_share_px,0.1542469371251192
hdbscan,pca8,completo,px,12,pseudo_r2,0.7558215363685623
hdbscan,pca8,completo,px,12,pseudo_f,339157.98227116914
hdbscan,pca8,completo,px,12,asw_corr,0.5538755015208523
hdbscan,pca8,completo,px,12,nmi_estados,0.5721494783692803
hdbscan,pca8,completo,px,12,nmi_anio_primer_cambio,0.1961397870262859
hdbscan,pca8,completo,px,12,costura_max_share_cluster,0.13176123301788148
hdbscan,pca8,completo,px,12,solo_costura_max_share_cluster,0.1244795421858662
hdbscan,pca8,completo,px,12,clusters_definidos_por_costura,0.0
hdbscan,pca8,completo,px,12,cluster_mayor_share,0.2296678189433334
hdbscan,pca8,completo,px,24,mcs,20.0
hdbscan,pca8,completo,px,24,min_samples,1.0
hdbscan,pca8,completo,px,24,leaf,1.0
hdbscan,pca8,completo,px,24,k_real,22.0
hdbscan,pca8,completo,px,24,ruido_share_px,0.4602191423594082
hdbscan,pca8,completo,px,24,pseudo_r2,0.8324268306782411
hdbscan,pca8,completo,px,24,pseudo_f,215042.0737009197
hdbscan,pca8,completo,px,24,asw_corr,0.6266584724945772
hdbscan,pca8,completo,px,24,nmi_estados,0.48911098780818874
hdbscan,pca8,completo,px,24,nmi_anio_primer_cambio,0.2520796215837467
hdbscan,pca8,completo,px,24,costura_max_share_cluster,0.5050505050505051
hdbscan,pca8,completo,px,24,solo_costura_max_share_cluster,0.43686868686868685
hdbscan,pca8,completo,px,24,clusters_definidos_por_costura,0.0
hdbscan,pca8,completo,px,24,cluster_mayor_share,0.14562979975086124
hdbscan,pca8,sin_costura,px,6,mcs,20.0
hdbscan,pca8,sin_costura,px,6,min_samples,1.0
hdbscan,pca8,sin_costura,px,6,leaf,0.0
hdbscan,pca8,sin_costura,px,6,k_real,17.0
hdbscan,pca8,sin_costura,px,6,ruido_share_px,0.07211403969085413
hdbscan,pca8,sin_costura,px,6,pseudo_r2,0.661619038096473
hdbscan,pca8,sin_costura,px,6,pseudo_f,179561.88074901488
hdbscan,pca8,sin_costura,px,6,asw_corr,0.2869043270435739
hdbscan,pca8,sin_costura,px,6,nmi_estados,0.5885618355269082
hdbscan,pca8,sin_costura,px,6,nmi_anio_primer_cambio,0.21054811979146076
hdbscan,pca8,sin_costura,px,6,costura_max_share_cluster,0.0
hdbscan,pca8,sin_costura,px,6,solo_costura_max_share_cluster,0.0
hdbscan,pca8,sin_costura,px,6,clusters_definidos_por_costura,0.0
hdbscan,pca8,sin_costura,px,6,cluster_mayor_share,0.19635650411817712
hdbscan,pca8,sin_costura,px,12,mcs,40.0
hdbscan,pca8,sin_costura,px,12,min_samples,1.0
hdbscan,pca8,sin_costura,px,12,leaf,1.0
hdbscan,pca8,sin_costura,px,12,k_real,18.0
hdbscan,pca8,sin_costura,px,12,ruido_share_px,0.17808408621176328
hdbscan,pca8,sin_costura,px,12,pseudo_r2,0.791619238017968
hdbscan,pca8,sin_costura,px,12,pseudo_f,290853.07277811645
hdbscan,pca8,sin_costura,px,12,asw_corr,0.4983075856990613
hdbscan,pca8,sin_costura,px,12,nmi_estados,0.6093184431479964
hdbscan,pca8,sin_costura,px,12,nmi_anio_primer_cambio,0.2354111520883421
hdbscan,pca8,sin_costura,px,12,costura_max_share_cluster,0.0
hdbscan,pca8,sin_costura,px,12,solo_costura_max_share_cluster,0.0
hdbscan,pca8,sin_costura,px,12,clusters_definidos_por_costura,0.0
hdbscan,pca8,sin_costura,px,12,cluster_mayor_share,0.19635650411817712
hdbscan,pca8,sin_costura,px,24,mcs,20.0
hdbscan,pca8,sin_costura,px,24,min_samples,1.0
hdbscan,pca8,sin_costura,px,24,leaf,1.0
hdbscan,pca8,sin_costura,px,24,k_real,39.0
hdbscan,pca8,sin_costura,px,24,ruido_share_px,0.1749873230996174
hdbscan,pca8,sin_costura,px,24,pseudo_r2,0.8454451769160758
hdbscan,pca8,sin_costura,px,24,pseudo_f,188065.6268080745
hdbscan,pca8,sin_costura,px,24,asw_corr,0.43255890952486675
hdbscan,pca8,sin_costura,px,24,nmi_estados,0.6107452904902367
hdbscan,pca8,sin_costura,px,24,nmi_anio_primer_cambio,0.3165880393860932
hdbscan,pca8,sin_costura,px,24,costura_max_share_cluster,0.0
hdbscan,pca8,sin_costura,px,24,solo_costura_max_share_cluster,0.0
hdbscan,pca8,sin_costura,px,24,clusters_definidos_por_costura,0.0
hdbscan,pca8,sin_costura,px,24,cluster_mayor_share,0.19635650411817712
hdbscan,pca8,completo,px,6,estabilidad_ari_80,0.035731902926200716
hdbscan,pca8,completo,px,6,estabilidad_ari_80_sd,0.04579403676696981
hdbscan,pca8,completo,px,12,estabilidad_ari_80,0.513993140904482
hdbscan,pca8,completo,px,12,estabilidad_ari_80_sd,0.025134388906115003
hdbscan,pca8,completo,px,24,estabilidad_ari_80,0.30345696900245295
hdbscan,pca8,completo,px,24,estabilidad_ari_80_sd,0.028280687980827272
hdbscan,ae_d3,completo,px,6,mcs,40.0
hdbscan,ae_d3,completo,px,6,min_samples,1.0
hdbscan,ae_d3,completo,px,6,leaf,0.0
hdbscan,ae_d3,completo,px,6,k_real,5.0
hdbscan,ae_d3,completo,px,6,ruido_share_px,0.08619334260379694
hdbscan,ae_d3,completo,px,6,pseudo_r2,0.02735707259001663
hdbscan,ae_d3,completo,px,6,pseudo_f,10821.894202307332
hdbscan,ae_d3,completo,px,6,asw_corr,-0.18745086577577097
hdbscan,ae_d3,completo,px,6,nmi_estados,0.2564289635186086
hdbscan,ae_d3,completo,px,6,nmi_anio_primer_cambio,0.047363742564639405
hdbscan,ae_d3,completo,px,6,costura_max_share_cluster,0.11059676097184622
hdbscan,ae_d3,completo,px,6,solo_costura_max_share_cluster,0.1079928633918177
hdbscan,ae_d3,completo,px,6,clusters_definidos_por_costura,0.0
hdbscan,ae_d3,completo,px,6,cluster_mayor_share,0.8925603935869926
hdbscan,ae_d3,completo,px,12,mcs,40.0
hdbscan,ae_d3,completo,px,12,min_samples,1.0
hdbscan,ae_d3,completo,px,12,leaf,0.0
hdbscan,ae_d3,completo,px,12,k_real,5.0
hdbscan,ae_d3,completo,px,12,ruido_share_px,0.08619809262784393
hdbscan,ae_d3,completo,px,12,pseudo_r2,0.027355498565994507
hdbscan,ae_d3,completo,px,12,pseudo_f,10821.197789110849
hdbscan,ae_d3,completo,px,12,asw_corr,-0.18864935788855441
hdbscan,ae_d3,completo,px,12,nmi_estados,0.25641639039892083
hdbscan,ae_d3,completo,px,12,nmi_anio_primer_cambio,0.0473597073672634
hdbscan,ae_d3,completo,px,12,costura_max_share_cluster,0.11059066643705873
hdbscan,ae_d3,completo,px,12,solo_costura_max_share_cluster,0.10798691234716722
hdbscan,ae_d3,completo,px,12,clusters_definidos_por_costura,0.0
hdbscan,ae_d3,completo,px,12,cluster_mayor_share,0.8925603935869926
hdbscan,ae_d3,completo,px,24,mcs,40.0
hdbscan,ae_d3,completo,px,24,min_samples,1.0
hdbscan,ae_d3,completo,px,24,leaf,1.0
hdbscan,ae_d3,completo,px,24,k_real,22.0
hdbscan,ae_d3,completo,px,24,ruido_share_px,0.6219301485213768
hdbscan,ae_d3,completo,px,24,pseudo_r2,0.7855788653431203
hdbscan,ae_d3,completo,px,24,pseudo_f,111084.66928592838
hdbscan,ae_d3,completo,px,24,asw_corr,0.5261292165089062
hdbscan,ae_d3,completo,px,24,nmi_estados,0.44437506191864135
hdbscan,ae_d3,completo,px,24,nmi_anio_primer_cambio,0.18645699059752655
hdbscan,ae_d3,completo,px,24,costura_max_share_cluster,0.5189873417721519
hdbscan,ae_d3,completo,px,24,solo_costura_max_share_cluster,0.38398486759142497
hdbscan,ae_d3,completo,px,24,clusters_definidos_por_costura,0.0
hdbscan,ae_d3,completo,px,24,cluster_mayor_share,0.14502832795591028
hdbscan,ae_d3,sin_costura,px,6,mcs,40.0
hdbscan,ae_d3,sin_costura,px,6,min_samples,1.0
hdbscan,ae_d3,sin_costura,px,6,leaf,0.0
hdbscan,ae_d3,sin_costura,px,6,k_real,23.0
hdbscan,ae_d3,sin_costura,px,6,ruido_share_px,0.14544051518417975
hdbscan,ae_d3,sin_costura,px,6,pseudo_r2,0.6902177273144603
hdbscan,ae_d3,sin_costura,px,6,pseudo_f,137051.64759100153
hdbscan,ae_d3,sin_costura,px,6,asw_corr,0.22375351619757536
hdbscan,ae_d3,sin_costura,px,6,nmi_estados,0.697534127354119
hdbscan,ae_d3,sin_costura,px,6,nmi_anio_primer_cambio,0.16084934548183602
hdbscan,ae_d3,sin_costura,px,6,costura_max_share_cluster,0.0
hdbscan,ae_d3,sin_costura,px,6,solo_costura_max_share_cluster,0.0
hdbscan,ae_d3,sin_costura,px,6,clusters_definidos_por_costura,0.0
hdbscan,ae_d3,sin_costura,px,6,cluster_mayor_share,0.2680670300185212
hdbscan,ae_d3,sin_costura,px,12,mcs,40.0
hdbscan,ae_d3,sin_costura,px,12,min_samples,1.0
hdbscan,ae_d3,sin_costura,px,12,leaf,0.0
hdbscan,ae_d3,sin_costura,px,12,k_real,23.0
hdbscan,ae_d3,sin_costura,px,12,ruido_share_px,0.14544051518417975
hdbscan,ae_d3,sin_costura,px,12,pseudo_r2,0.6902177273144603
hdbscan,ae_d3,sin_costura,px,12,pseudo_f,137051.64759100153
hdbscan,ae_d3,sin_costura,px,12,asw_corr,0.22375351619757536
hdbscan,ae_d3,sin_costura,px,12,nmi_estados,0.697534127354119
hdbscan,ae_d3,sin_costura,px,12,nmi_anio_primer_cambio,0.16084934548183602
hdbscan,ae_d3,sin_costura,px,12,costura_max_share_cluster,0.0
hdbscan,ae_d3,sin_costura,px,12,solo_costura_max_share_cluster,0.0
hdbscan,ae_d3,sin_costura,px,12,clusters_definidos_por_costura,0.0
hdbscan,ae_d3,sin_costura,px,12,cluster_mayor_share,0.2680670300185212
hdbscan,ae_d3,sin_costura,px,24,mcs,40.0
hdbscan,ae_d3,sin_costura,px,24,min_samples,1.0
hdbscan,ae_d3,sin_costura,px,24,leaf,1.0
hdbscan,ae_d3,sin_costura,px,24,k_real,29.0
hdbscan,ae_d3,sin_costura,px,24,ruido_share_px,0.25932296827017615
hdbscan,ae_d3,sin_costura,px,24,pseudo_r2,0.795095037790726
hdbscan,ae_d3,sin_costura,px,24,pseudo_f,162543.32961326267
hdbscan,ae_d3,sin_costura,px,24,asw_corr,0.3556156061708098
hdbscan,ae_d3,sin_costura,px,24,nmi_estados,0.6632864831765525
hdbscan,ae_d3,sin_costura,px,24,nmi_anio_primer_cambio,0.25720655143679566
hdbscan,ae_d3,sin_costura,px,24,costura_max_share_cluster,0.0
hdbscan,ae_d3,sin_costura,px,24,solo_costura_max_share_cluster,0.0
hdbscan,ae_d3,sin_costura,px,24,clusters_definidos_por_costura,0.0
hdbscan,ae_d3,sin_costura,px,24,cluster_mayor_share,0.12921787155631922
hdbscan,ae_d3,completo,px,6,estabilidad_ari_80,0.024245251927907982
hdbscan,ae_d3,completo,px,6,estabilidad_ari_80_sd,0.09726197970366275
hdbscan,ae_d3,completo,px,12,estabilidad_ari_80,0.024245123228228867
hdbscan,ae_d3,completo,px,12,estabilidad_ari_80_sd,0.09726210942125746
hdbscan,ae_d3,completo,px,24,estabilidad_ari_80,0.46543178630291504
hdbscan,ae_d3,completo,px,24,estabilidad_ari_80_sd,0.06625487602023371
hdbscan,ae_d8,completo,px,6,mcs,40.0
hdbscan,ae_d8,completo,px,6,min_samples,1.0
hdbscan,ae_d8,completo,px,6,leaf,0.0
hdbscan,ae_d8,completo,px,6,k_real,5.0
hdbscan,ae_d8,completo,px,6,ruido_share_px,0.12584179332407872
hdbscan,ae_d8,completo,px,6,pseudo_r2,0.2007506386376816
hdbscan,ae_d8,completo,px,6,pseudo_f,92447.97213009559
hdbscan,ae_d8,completo,px,6,asw_corr,0.2501686554253674
hdbscan,ae_d8,completo,px,6,nmi_estados,0.4297616087077365
hdbscan,ae_d8,completo,px,6,nmi_anio_primer_cambio,0.052746592632017884
hdbscan,ae_d8,completo,px,6,costura_max_share_cluster,0.11504980112577438
hdbscan,ae_d8,completo,px,6,solo_costura_max_share_cluster,0.11077506688118975
hdbscan,ae_d8,completo,px,6,clusters_definidos_por_costura,0.0
hdbscan,ae_d8,completo,px,6,cluster_mayor_share,0.7334316192475724
hdbscan,ae_d8,completo,px,12,mcs,40.0
hdbscan,ae_d8,completo,px,12,min_samples,1.0
hdbscan,ae_d8,completo,px,12,leaf,0.0
hdbscan,ae_d8,completo,px,12,k_real,5.0
hdbscan,ae_d8,completo,px,12,ruido_share_px,0.12640229616162432
hdbscan,ae_d8,completo,px,12,pseudo_r2,0.20039116668243184
hdbscan,ae_d8,completo,px,12,pseudo_f,92181.80038990165
hdbscan,ae_d8,completo,px,12,asw_corr,0.25200594497938567
hdbscan,ae_d8,completo,px,12,nmi_estados,0.4299940064103472
hdbscan,ae_d8,completo,px,12,nmi_anio_primer_cambio,0.05286287299958969
hdbscan,ae_d8,completo,px,12,costura_max_share_cluster,0.11461009831506856
hdbscan,ae_d8,completo,px,12,solo_costura_max_share_cluster,0.1103543194276776
hdbscan,ae_d8,completo,px,12,clusters_definidos_por_costura,0.0
hdbscan,ae_d8,completo,px,12,cluster_mayor_share,0.7335533386137767
hdbscan,ae_d8,completo,px,24,mcs,40.0
hdbscan,ae_d8,completo,px,24,min_samples,1.0
hdbscan,ae_d8,completo,px,24,leaf,1.0
hdbscan,ae_d8,completo,px,24,k_real,20.0
hdbscan,ae_d8,completo,px,24,ruido_share_px,0.8177926400752403
hdbscan,ae_d8,completo,px,24,pseudo_r2,0.7764454337092417
hdbscan,ae_d8,completo,px,24,pseudo_f,56092.601572232845
hdbscan,ae_d8,completo,px,24,asw_corr,0.5636195021074654
hdbscan,ae_d8,completo,px,24,nmi_estados,0.37072232100630387
hdbscan,ae_d8,completo,px,24,nmi_anio_primer_cambio,0.10236308175570416
hdbscan,ae_d8,completo,px,24,costura_max_share_cluster,0.6891574353810004
hdbscan,ae_d8,completo,px,24,solo_costura_max_share_cluster,0.6700234978180597
hdbscan,ae_d8,completo,px,24,clusters_definidos_por_costura,0.0
hdbscan,ae_d8,completo,px,24,cluster_mayor_share,0.07797698850850432
hdbscan,ae_d8,sin_costura,px,6,mcs,40.0
hdbscan,ae_d8,sin_costura,px,6,min_samples,1.0
hdbscan,ae_d8,sin_costura,px,6,leaf,0.0
hdbscan,ae_d8,sin_costura,px,6,k_real,29.0
hdbscan,ae_d8,sin_costura,px,6,ruido_share_px,0.4491272672391637
hdbscan,ae_d8,sin_costura,px,6,pseudo_r2,0.770177900915243
hdbscan,ae_d8,sin_costura,px,6,pseudo_f,104404.82014555307
hdbscan,ae_d8,sin_costura,px,6,asw_corr,0.33496901230224657
hdbscan,ae_d8,sin_costura,px,6,nmi_estados,0.7059572817475359
hdbscan,ae_d8,sin_costura,px,6,nmi_anio_primer_cambio,0.1639282119442813
hdbscan,ae_d8,sin_costura,px,6,costura_max_share_cluster,0.0
hdbscan,ae_d8,sin_costura,px,6,solo_costura_max_share_cluster,0.0
hdbscan,ae_d8,sin_costura,px,6,clusters_definidos_por_costura,0.0
hdbscan,ae_d8,sin_costura,px,6,cluster_mayor_share,0.08554492358812799
hdbscan,ae_d8,sin_costura,px,12,mcs,40.0
hdbscan,ae_d8,sin_costura,px,12,min_samples,1.0
hdbscan,ae_d8,sin_costura,px,12,leaf,0.0
hdbscan,ae_d8,sin_costura,px,12,k_real,29.0
hdbscan,ae_d8,sin_costura,px,12,ruido_share_px,0.4491272672391637
hdbscan,ae_d8,sin_costura,px,12,pseudo_r2,0.770177900915243
hdbscan,ae_d8,sin_costura,px,12,pseudo_f,104404.82014555307
hdbscan,ae_d8,sin_costura,px,12,asw_corr,0.33496901230224657
hdbscan,ae_d8,sin_costura,px,12,nmi_estados,0.7059572817475359
hdbscan,ae_d8,sin_costura,px,12,nmi_anio_primer_cambio,0.1639282119442813
hdbscan,ae_d8,sin_costura,px,12,costura_max_share_cluster,0.0
hdbscan,ae_d8,sin_costura,px,12,solo_costura_max_share_cluster,0.0
hdbscan,ae_d8,sin_costura,px,12,clusters_definidos_por_costura,0.0
hdbscan,ae_d8,sin_costura,px,12,cluster_mayor_share,0.08554492358812799
hdbscan,ae_d8,sin_costura,px,24,mcs,40.0
hdbscan,ae_d8,sin_costura,px,24,min_samples,1.0
hdbscan,ae_d8,sin_costura,px,24,leaf,1.0
hdbscan,ae_d8,sin_costura,px,24,k_real,30.0
hdbscan,ae_d8,sin_costura,px,24,ruido_share_px,0.44949352388782693
hdbscan,ae_d8,sin_costura,px,24,pseudo_r2,0.7731337983737865
hdbscan,ae_d8,sin_costura,px,24,pseudo_f,102441.71133135224
hdbscan,ae_d8,sin_costura,px,24,asw_corr,0.3330355925434732
hdbscan,ae_d8,sin_costura,px,24,nmi_estados,0.7069701994501958
hdbscan,ae_d8,sin_costura,px,24,nmi_anio_primer_cambio,0.1643687565302711
hdbscan,ae_d8,sin_costura,px,24,costura_max_share_cluster,0.0
hdbscan,ae_d8,sin_costura,px,24,solo_costura_max_share_cluster,0.0
hdbscan,ae_d8,sin_costura,px,24,clusters_definidos_por_costura,0.0
hdbscan,ae_d8,sin_costura,px,24,cluster_mayor_share,0.08554492358812799
hdbscan,ae_d8,completo,px,6,estabilidad_ari_80,0.03056015834928697
hdbscan,ae_d8,completo,px,6,estabilidad_ari_80_sd,0.026900085518452063
hdbscan,ae_d8,completo,px,12,estabilidad_ari_80,0.03053227288138647
hdbscan,ae_d8,completo,px,12,estabilidad_ari_80_sd,0.026876012697257465
hdbscan,ae_d8,completo,px,24,estabilidad_ari_80,0.30997476115162814
hdbscan,ae_d8,completo,px,24,estabilidad_ari_80_sd,0.04961734422801367
hdbscan,ae_d16,completo,px,6,mcs,40.0
hdbscan,ae_d16,completo,px,6,min_samples,5.0
hdbscan,ae_d16,completo,px,6,leaf,0.0
hdbscan,ae_d16,completo,px,6,k_real,20.0
hdbscan,ae_d16,completo,px,6,ruido_share_px,0.690206994172908
hdbscan,ae_d16,completo,px,6,pseudo_r2,0.7207316508973023
hdbscan,ae_d16,completo,px,6,pseudo_f,70867.54942964653
hdbscan,ae_d16,completo,px,6,asw_corr,0.29600572121587654
hdbscan,ae_d16,completo,px,6,nmi_estados,0.536366308853866
hdbscan,ae_d16,completo,px,6,nmi_anio_primer_cambio,0.10977532590175533
hdbscan,ae_d16,completo,px,6,costura_max_share_cluster,0.4008438818565401
hdbscan,ae_d16,completo,px,6,solo_costura_max_share_cluster,0.24462160096101343
hdbscan,ae_d16,completo,px,6,clusters_definidos_por_costura,0.0
hdbscan,ae_d16,completo,px,6,cluster_mayor_share,0.07982237285076256
hdbscan,ae_d16,completo,px,12,mcs,40.0
hdbscan,ae_d16,completo,px,12,min_samples,1.0
hdbscan,ae_d16,completo,px,12,leaf,0.0
hdbscan,ae_d16,completo,px,12,k_real,20.0
hdbscan,ae_d16,completo,px,12,ruido_share_px,0.6927904135014683
hdbscan,ae_d16,completo,px,12,pseudo_r2,0.7191731923393039
hdbscan,ae_d16,completo,px,12,pseudo_f,69735.42966357114
hdbscan,ae_d16,completo,px,12,asw_corr,0.39071129160045903
hdbscan,ae_d16,completo,px,12,nmi_estados,0.534909274265339
hdbscan,ae_d16,completo,px,12,nmi_anio_primer_cambio,0.1075469558848844
hdbscan,ae_d16,completo,px,12,costura_max_share_cluster,0.3768696177670343
hdbscan,ae_d16,completo,px,12,solo_costura_max_share_cluster,0.24462160096101343
hdbscan,ae_d16,completo,px,12,clusters_definidos_por_costura,0.0
hdbscan,ae_d16,completo,px,12,cluster_mayor_share,0.07982237285076256
hdbscan,ae_d16,completo,px,24,mcs,40.0
hdbscan,ae_d16,completo,px,24,min_samples,1.0
hdbscan,ae_d16,completo,px,24,leaf,1.0
hdbscan,ae_d16,completo,px,24,k_real,23.0
hdbscan,ae_d16,completo,px,24,ruido_share_px,0.8155535974900873
hdbscan,ae_d16,completo,px,24,pseudo_r2,0.7429687260204407
hdbscan,ae_d16,completo,px,24,pseudo_f,40812.584264511526
hdbscan,ae_d16,completo,px,24,asw_corr,0.4855486920325458
hdbscan,ae_d16,completo,px,24,nmi_estados,0.4110068200332069
hdbscan,ae_d16,completo,px,24,nmi_anio_primer_cambio,0.09570515078351151
hdbscan,ae_d16,completo,px,24,costura_max_share_cluster,0.7507936507936508
hdbscan,ae_d16,completo,px,24,solo_costura_max_share_cluster,0.707936507936508
hdbscan,ae_d16,completo,px,24,clusters_definidos_por_costura,0.0
hdbscan,ae_d16,completo,px,24,cluster_mayor_share,0.07982237285076256
hdbscan,ae_d16,sin_costura,px,6,mcs,40.0
hdbscan,ae_d16,sin_costura,px,6,min_samples,5.0
hdbscan,ae_d16,sin_costura,px,6,leaf,0.0
hdbscan,ae_d16,sin_costura,px,6,k_real,21.0
hdbscan,ae_d16,sin_costura,px,6,ruido_share_px,0.45462301140005396
hdbscan,ae_d16,sin_costura,px,6,pseudo_r2,0.7264946585120795
hdbscan,ae_d16,sin_costura,px,6,pseudo_f,114700.50849954144
hdbscan,ae_d16,sin_costura,px,6,asw_corr,0.4270306560188264
hdbscan,ae_d16,sin_costura,px,6,nmi_estados,0.6021849073418175
hdbscan,ae_d16,sin_costura,px,6,nmi_anio_primer_cambio,0.1594836956537141
hdbscan,ae_d16,sin_costura,px,6,costura_max_share_cluster,0.0
hdbscan,ae_d16,sin_costura,px,6,solo_costura_max_share_cluster,0.0
hdbscan,ae_d16,sin_costura,px,6,clusters_definidos_por_costura,0.0
hdbscan,ae_d16,sin_costura,px,6,cluster_mayor_share,0.22562293625429325
hdbscan,ae_d16,sin_costura,px,12,mcs,40.0
hdbscan,ae_d16,sin_costura,px,12,min_samples,1.0
hdbscan,ae_d16,sin_costura,px,12,leaf,0.0
hdbscan,ae_d16,sin_costura,px,12,k_real,21.0
hdbscan,ae_d16,sin_costura,px,12,ruido_share_px,0.45462301140005396
hdbscan,ae_d16,sin_costura,px,12,pseudo_r2,0.7264946585120795
hdbscan,ae_d16,sin_costura,px,12,pseudo_f,114700.50849954144
hdbscan,ae_d16,sin_costura,px,12,asw_corr,0.4270306560188264
hdbscan,ae_d16,sin_costura,px,12,nmi_estados,0.6021849073418175
hdbscan,ae_d16,sin_costura,px,12,nmi_anio_primer_cambio,0.1594836956537141
hdbscan,ae_d16,sin_costura,px,12,costura_max_share_cluster,0.0
hdbscan,ae_d16,sin_costura,px,12,solo_costura_max_share_cluster,0.0
hdbscan,ae_d16,sin_costura,px,12,clusters_definidos_por_costura,0.0
hdbscan,ae_d16,sin_costura,px,12,cluster_mayor_share,0.22562293625429325
hdbscan,ae_d16,sin_costura,px,24,mcs,40.0
hdbscan,ae_d16,sin_costura,px,24,min_samples,1.0
hdbscan,ae_d16,sin_costura,px,24,leaf,1.0
hdbscan,ae_d16,sin_costura,px,24,k_real,21.0
hdbscan,ae_d16,sin_costura,px,24,ruido_share_px,0.45462301140005396
hdbscan,ae_d16,sin_costura,px,24,pseudo_r2,0.7264946585120795
hdbscan,ae_d16,sin_costura,px,24,pseudo_f,114700.50849954144
hdbscan,ae_d16,sin_costura,px,24,asw_corr,0.4270306560188264
hdbscan,ae_d16,sin_costura,px,24,nmi_estados,0.6021849073418175
hdbscan,ae_d16,sin_costura,px,24,nmi_anio_primer_cambio,0.1594836956537141
hdbscan,ae_d16,sin_costura,px,24,costura_max_share_cluster,0.0
hdbscan,ae_d16,sin_costura,px,24,solo_costura_max_share_cluster,0.0
hdbscan,ae_d16,sin_costura,px,24,clusters_definidos_por_costura,0.0
hdbscan,ae_d16,sin_costura,px,24,cluster_mayor_share,0.22562293625429325
hdbscan,ae_d16,completo,px,6,estabilidad_ari_80,0.6209883203075297
hdbscan,ae_d16,completo,px,6,estabilidad_ari_80_sd,0.17262066282025523
hdbscan,ae_d16,completo,px,12,estabilidad_ari_80,0.615066721751224
hdbscan,ae_d16,completo,px,12,estabilidad_ari_80_sd,0.17184459063982485
hdbscan,ae_d16,completo,px,24,estabilidad_ari_80,0.5168862120206484
hdbscan,ae_d16,completo,px,24,estabilidad_ari_80_sd,0.1615863844068424
