espacio,universo,peso,k,metrica,valor
om,completo,px,6,pseudo_r2,0.6075946435346316
om,completo,px,6,pseudo_f,521556.8296416791
om,completo,px,6,asw_corr,0.5746613722653856
om,completo,px,6,nmi_estados,0.5589375355310677
om,completo,px,6,nmi_anio_primer_cambio,0.05365797845556109
om,completo,px,6,costura_max_share_cluster,0.0808007810023709
om,completo,px,6,solo_costura_max_share_cluster,0.0702838740760463
om,completo,px,6,clusters_definidos_por_costura,0.0
om,completo,px,6,cluster_mayor_share,0.33570023073241806
om,completo,px,12,pseudo_r2,0.7278735571711454
om,completo,px,12,pseudo_f,409527.9965207033
om,completo,px,12,asw_corr,0.48504242402503867
om,completo,px,12,nmi_estados,0.5892342812458085
om,completo,px,12,nmi_anio_primer_cambio,0.19514660506517184
om,completo,px,12,costura_max_share_cluster,0.2954264071325485
om,completo,px,12,solo_costura_max_share_cluster,0.2544376964271324
om,completo,px,12,clusters_definidos_por_costura,0.0
om,completo,px,12,cluster_mayor_share,0.1719229641100058
om,completo,px,24,pseudo_r2,0.7958832296092837
om,completo,px,24,pseudo_f,285516.242430448
om,completo,px,24,asw_corr,0.43719111171828484
om,completo,px,24,nmi_estados,0.6452298926763494
om,completo,px,24,nmi_anio_primer_cambio,0.31501444470732665
om,completo,px,24,costura_max_share_cluster,0.4196526054590571
om,completo,px,24,solo_costura_max_share_cluster,0.3869181141439206
om,completo,px,24,clusters_definidos_por_costura,0.0
om,completo,px,24,cluster_mayor_share,0.13978548891403764
om,completo,tipo,6,pseudo_r2,0.4225323961314271
om,completo,tipo,6,pseudo_f,664.2362387750643
om,completo,tipo,6,asw_corr,0.33327170431466546
om,completo,tipo,6,nmi_estados,0.4013279098760654
om,completo,tipo,6,nmi_anio_primer_cambio,0.009108079441748414
om,completo,tipo,6,costura_max_share_cluster,0.15937149270482603
om,completo,tipo,6,solo_costura_max_share_cluster,0.015712682379349047
om,completo,tipo,6,clusters_definidos_por_costura,0.0
om,completo,tipo,6,cluster_mayor_share,0.22024202420242026
om,completo,tipo,12,pseudo_r2,0.5469658532193375
om,completo,tipo,12,pseudo_f,497.5334801947486
om,completo,tipo,12,asw_corr,0.2793571641580409
om,completo,tipo,12,nmi_estados,0.45793321522250474
om,completo,tipo,12,nmi_anio_primer_cambio,0.03145992993885874
om,completo,tipo,12,costura_max_share_cluster,0.2288135593220339
om,completo,tipo,12,solo_costura_max_share_cluster,0.0234375
om,completo,tipo,12,clusters_definidos_por_costura,0.0
om,completo,tipo,12,cluster_mayor_share,0.11573157315731573
om,completo,tipo,24,pseudo_r2,0.6025878022310579
om,completo,tipo,24,pseudo_f,298.04772729135635
om,completo,tipo,24,asw_corr,0.25411767156522036
om,completo,tipo,24,nmi_estados,0.5103900404285603
om,completo,tipo,24,nmi_anio_primer_cambio,0.06299163959384813
om,completo,tipo,24,costura_max_share_cluster,0.34146341463414637
om,completo,tipo,24,solo_costura_max_share_cluster,0.024390243902439025
om,completo,tipo,24,clusters_definidos_por_costura,0.0
om,completo,tipo,24,cluster_mayor_share,0.1001100110011001
om,sin_costura,px,6,pseudo_r2,0.6172709053109384
om,sin_costura,px,6,pseudo_f,510805.01880274154
om,sin_costura,px,6,asw_corr,0.5806613908281933
om,sin_costura,px,6,nmi_estados,0.5653433318363529
om,sin_costura,px,6,nmi_anio_primer_cambio,0.057902122624846904
om,sin_costura,px,6,costura_max_share_cluster,0.0
om,sin_costura,px,6,solo_costura_max_share_cluster,0.0
om,sin_costura,px,6,clusters_definidos_por_costura,0.0
om,sin_costura,px,6,cluster_mayor_share,0.3183382809554752
om,sin_costura,px,12,pseudo_r2,0.7244606135741098
om,sin_costura,px,12,pseudo_f,378510.2046713328
om,sin_costura,px,12,asw_corr,0.48597061112440354
om,sin_costura,px,12,nmi_estados,0.6028391304320977
om,sin_costura,px,12,nmi_anio_primer_cambio,0.1608751041459265
om,sin_costura,px,12,costura_max_share_cluster,0.0
om,sin_costura,px,12,solo_costura_max_share_cluster,0.0
om,sin_costura,px,12,clusters_definidos_por_costura,0.0
om,sin_costura,px,12,cluster_mayor_share,0.23545250693203856
om,sin_costura,px,24,pseudo_r2,0.8128119954433284
om,sin_costura,px,24,pseudo_f,298964.8621640708
om,sin_costura,px,24,asw_corr,0.4649124918711481
om,sin_costura,px,24,nmi_estados,0.6828460137125528
om,sin_costura,px,24,nmi_anio_primer_cambio,0.2895407090622021
om,sin_costura,px,24,costura_max_share_cluster,0.0
om,sin_costura,px,24,solo_costura_max_share_cluster,0.0
om,sin_costura,px,24,clusters_definidos_por_costura,0.0
om,sin_costura,px,24,cluster_mayor_share,0.16328226578992402
om,sin_costura,tipo,6,pseudo_r2,0.42453592240818483
om,sin_costura,tipo,6,pseudo_f,573.0670555610168
om,sin_costura,tipo,6,asw_corr,0.3400936832835665
om,sin_costura,tipo,6,nmi_estados,0.40377948261602314
om,sin_costura,tipo,6,nmi_anio_primer_cambio,0.008577041642751197
om,sin_costura,tipo,6,costura_max_share_cluster,0.0
om,sin_costura,tipo,6,solo_costura_max_share_cluster,0.0
om,sin_costura,tipo,6,clusters_definidos_por_costura,0.0
om,sin_costura,tipo,6,cluster_mayor_share,0.22159383033419022
om,sin_costura,tipo,12,pseudo_r2,0.5561759460833331
om,sin_costura,tipo,12,pseudo_f,441.79061497196966
om,sin_costura,tipo,12,asw_corr,0.3231158663924544
om,sin_costura,tipo,12,nmi_estados,0.47007653417590606
om,sin_costura,tipo,12,nmi_anio_primer_cambio,0.03184754473086043
om,sin_costura,tipo,12,costura_max_share_cluster,0.0
om,sin_costura,tipo,12,solo_costura_max_share_cluster,0.0
om,sin_costura,tipo,12,clusters_definidos_por_costura,0.0
om,sin_costura,tipo,12,cluster_mayor_share,0.14395886889460155
om,sin_costura,tipo,24,pseudo_r2,0.6229615231097334
om,sin_costura,tipo,24,pseudo_f,277.7215400223926
om,sin_costura,tipo,24,asw_corr,0.2702158483980538
om,sin_costura,tipo,24,nmi_estados,0.5252962769042017
om,sin_costura,tipo,24,nmi_anio_primer_cambio,0.07423511131092549
om,sin_costura,tipo,24,costura_max_share_cluster,0.0
om,sin_costura,tipo,24,solo_costura_max_share_cluster,0.0
om,sin_costura,tipo,24,clusters_definidos_por_costura,0.0
om,sin_costura,tipo,24,cluster_mayor_share,0.08791773778920309
om,completo,px,6,estabilidad_ari_80,0.9753455294242848
om,completo,px,6,estabilidad_ari_80_sd,0.0142342652236169
om,completo,px,12,estabilidad_ari_80,0.7998320392866485
om,completo,px,12,estabilidad_ari_80_sd,0.05489767377996732
om,completo,px,24,estabilidad_ari_80,0.6708398504791923
om,completo,px,24,estabilidad_ari_80_sd,0.05227787669164576
onehot,completo,px,6,pseudo_r2,0.5703425208627148
onehot,completo,px,6,pseudo_f,447132.2571624443
onehot,completo,px,6,asw_corr,0.46802158048569786
onehot,completo,px,6,nmi_estados,0.5808001914270943
onehot,completo,px,6,nmi_anio_primer_cambio,0.10103453098812974
onehot,completo,px,6,costura_max_share_cluster,0.18051127393971017
onehot,completo,px,6,solo_costura_max_share_cluster,0.15561087993773795
onehot,completo,px,6,clusters_definidos_por_costura,0.0
onehot,completo,px,6,cluster_mayor_share,0.25920049970252973
onehot,completo,px,12,pseudo_r2,0.7251141603076483
onehot,completo,px,12,pseudo_f,403880.064610002
onehot,completo,px,12,asw_corr,0.44587599476661327
onehot,completo,px,12,nmi_estados,0.6219891290466593
onehot,completo,px,12,nmi_anio_primer_cambio,0.22507309646681745
onehot,completo,px,12,costura_max_share_cluster,0.25241700422546637
onehot,completo,px,12,solo_costura_max_share_cluster,0.219636872031407
onehot,completo,px,12,clusters_definidos_por_costura,0.0
onehot,completo,px,12,cluster_mayor_share,0.13986623932283657
onehot,completo,px,24,pseudo_r2,0.7932840604438884
onehot,completo,px,24,pseudo_f,281005.5621379408
onehot,completo,px,24,asw_corr,0.34968291290986225
onehot,completo,px,24,nmi_estados,0.6668473616856115
onehot,completo,px,24,nmi_anio_primer_cambio,0.3365160639712697
onehot,completo,px,24,costura_max_share_cluster,0.6597122302158274
onehot,completo,px,24,solo_costura_max_share_cluster,0.6047961630695443
onehot,completo,px,24,clusters_definidos_por_costura,0.0
onehot,completo,px,24,cluster_mayor_share,0.10869895653846748
onehot,completo,tipo,6,pseudo_r2,0.3996488947756619
onehot,completo,tipo,6,pseudo_f,604.3151474532139
onehot,completo,tipo,6,asw_corr,0.3219390066197941
onehot,completo,tipo,6,nmi_estados,0.40813567164235737
onehot,completo,tipo,6,nmi_anio_primer_cambio,0.006998805665869382
onehot,completo,tipo,6,costura_max_share_cluster,0.17301038062283736
onehot,completo,tipo,6,solo_costura_max_share_cluster,0.017543859649122806
onehot,completo,tipo,6,clusters_definidos_por_costura,0.0
onehot,completo,tipo,6,cluster_mayor_share,0.2781078107810781
onehot,completo,tipo,12,pseudo_r2,0.5445136202949794
onehot,completo,tipo,12,pseudo_f,492.6362736577494
onehot,completo,tipo,12,asw_corr,0.2911007719460201
onehot,completo,tipo,12,nmi_estados,0.4551495601864279
onehot,completo,tipo,12,nmi_anio_primer_cambio,0.039644850039831404
onehot,completo,tipo,12,costura_max_share_cluster,0.22529644268774704
onehot,completo,tipo,12,solo_costura_max_share_cluster,0.02390438247011952
onehot,completo,tipo,12,clusters_definidos_por_costura,0.0
onehot,completo,tipo,12,cluster_mayor_share,0.12717271727172716
onehot,completo,tipo,24,pseudo_r2,0.5838914245192485
onehot,completo,tipo,24,pseudo_f,275.82403141041164
onehot,completo,tipo,24,asw_corr,0.1545780466107318
onehot,completo,tipo,24,nmi_estados,0.5218529490398643
onehot,completo,tipo,24,nmi_anio_primer_cambio,0.07569053652719687
onehot,completo,tipo,24,costura_max_share_cluster,0.2736842105263158
onehot,completo,tipo,24,solo_costura_max_share_cluster,0.03553299492385787
onehot,completo,tipo,24,clusters_definidos_por_costura,0.0
onehot,completo,tipo,24,cluster_mayor_share,0.08844884488448845
onehot,sin_costura,px,6,pseudo_r2,0.5995599195249574
onehot,sin_costura,px,6,pseudo_f,474204.72741627326
onehot,sin_costura,px,6,asw_corr,0.5676614410783886
onehot,sin_costura,px,6,nmi_estados,0.578679273180114
onehot,sin_costura,px,6,nmi_anio_primer_cambio,0.049470730477360676
onehot,sin_costura,px,6,costura_max_share_cluster,0.0
onehot,sin_costura,px,6,solo_costura_max_share_cluster,0.0
onehot,sin_costura,px,6,clusters_definidos_por_costura,0.0
onehot,sin_costura,px,6,cluster_mayor_share,0.32789821096256666
onehot,sin_costura,px,12,pseudo_r2,0.7031443501128855
onehot,sin_costura,px,12,pseudo_f,340993.1640458119
onehot,sin_costura,px,12,asw_corr,0.40727980920641543
onehot,sin_costura,px,12,nmi_estados,0.5967041336444577
onehot,sin_costura,px,12,nmi_anio_primer_cambio,0.21662236119885953
onehot,sin_costura,px,12,costura_max_share_cluster,0.0
onehot,sin_costura,px,12,solo_costura_max_share_cluster,0.0
onehot,sin_costura,px,12,clusters_definidos_por_costura,0.0
onehot,sin_costura,px,12,cluster_mayor_share,0.1780784029189392
onehot,sin_costura,px,24,pseudo_r2,0.8166192674871581
onehot,sin_costura,px,24,pseudo_f,306601.2899710532
onehot,sin_costura,px,24,asw_corr,0.4346059834322635
onehot,sin_costura,px,24,nmi_estados,0.675016677894406
onehot,sin_costura,px,24,nmi_anio_primer_cambio,0.3489748590912855
onehot,sin_costura,px,24,costura_max_share_cluster,0.0
onehot,sin_costura,px,24,solo_costura_max_share_cluster,0.0
onehot,sin_costura,px,24,clusters_definidos_por_costura,0.0
onehot,sin_costura,px,24,cluster_mayor_share,0.12704685369751872
onehot,sin_costura,tipo,6,pseudo_r2,0.39768608136860184
onehot,sin_costura,tipo,6,pseudo_f,512.8929258501548
onehot,sin_costura,tipo,6,asw_corr,0.3259677527748264
onehot,sin_costura,tipo,6,nmi_estados,0.4100207795930413
onehot,sin_costura,tipo,6,nmi_anio_primer_cambio,0.007189435092647418
onehot,sin_costura,tipo,6,costura_max_share_cluster,0.0
onehot,sin_costura,tipo,6,solo_costura_max_share_cluster,0.0
onehot,sin_costura,tipo,6,clusters_definidos_por_costura,0.0
onehot,sin_costura,tipo,6,cluster_mayor_share,0.2794344473007712
onehot,sin_costura,tipo,12,pseudo_r2,0.5379981240458032
onehot,sin_costura,tipo,12,pseudo_f,410.536846402618
onehot,sin_costura,tipo,12,asw_corr,0.29113073837224873
onehot,sin_costura,tipo,12,nmi_estados,0.45876091727738105
onehot,sin_costura,tipo,12,nmi_anio_primer_cambio,0.04157793189217744
onehot,sin_costura,tipo,12,costura_max_share_cluster,0.0
onehot,sin_costura,tipo,12,solo_costura_max_share_cluster,0.0
onehot,sin_costura,tipo,12,clusters_definidos_por_costura,0.0
onehot,sin_costura,tipo,12,cluster_mayor_share,0.17403598971722364
onehot,sin_costura,tipo,24,pseudo_r2,0.6061861061571172
onehot,sin_costura,tipo,24,pseudo_f,258.7312922747333
onehot,sin_costura,tipo,24,asw_corr,0.23233701198718473
onehot,sin_costura,tipo,24,nmi_estados,0.5166928216789726
onehot,sin_costura,tipo,24,nmi_anio_primer_cambio,0.08103683871181515
onehot,sin_costura,tipo,24,costura_max_share_cluster,0.0
onehot,sin_costura,tipo,24,solo_costura_max_share_cluster,0.0
onehot,sin_costura,tipo,24,clusters_definidos_por_costura,0.0
onehot,sin_costura,tipo,24,cluster_mayor_share,0.09974293059125965
onehot,completo,px,6,estabilidad_ari_80,0.7957172427687118
onehot,completo,px,6,estabilidad_ari_80_sd,0.08614003449258394
onehot,completo,px,12,estabilidad_ari_80,0.6152210208302372
onehot,completo,px,12,estabilidad_ari_80_sd,0.08984004803480083
onehot,completo,px,24,estabilidad_ari_80,0.6722635202886081
onehot,completo,px,24,estabilidad_ari_80_sd,0.045760071805059664
pca8,completo,px,6,pseudo_r2,0.6073747056610739
pca8,completo,px,6,pseudo_f,521075.97983360005
pca8,completo,px,6,asw_corr,0.5726418047500463
pca8,completo,px,6,nmi_estados,0.5492700659463065
pca8,completo,px,6,nmi_anio_primer_cambio,0.052786339528663066
pca8,completo,px,6,costura_max_share_cluster,0.0770781028505064
pca8,completo,px,6,solo_costura_max_share_cluster,0.07022083311984424
pca8,completo,px,6,clusters_definidos_por_costura,0.0
pca8,completo,px,6,cluster_mayor_share,0.3312969584408521
pca8,completo,px,12,pseudo_r2,0.7226610275386537
pca8,completo,px,12,pseudo_f,398953.363875765
pca8,completo,px,12,asw_corr,0.406782236158515
pca8,completo,px,12,nmi_estados,0.6006254856155122
pca8,completo,px,12,nmi_anio_primer_cambio,0.23282121600925765
pca8,completo,px,12,costura_max_share_cluster,0.3419179289663035
pca8,completo,px,12,solo_costura_max_share_cluster,0.2938403610129056
pca8,completo,px,12,clusters_definidos_por_costura,0.0
pca8,completo,px,12,cluster_mayor_share,0.1473018082154041
pca8,completo,px,24,pseudo_r2,0.8097555572627048
pca8,completo,px,24,pseudo_f,311675.1030816189
pca8,completo,px,24,asw_corr,0.4309858694792843
pca8,completo,px,24,nmi_estados,0.6413195042335518
pca8,completo,px,24,nmi_anio_primer_cambio,0.31960390116261567
pca8,completo,px,24,costura_max_share_cluster,0.4865349578683671
pca8,completo,px,24,solo_costura_max_share_cluster,0.44636757002960603
pca8,completo,px,24,clusters_definidos_por_costura,0.0
pca8,completo,px,24,cluster_mayor_share,0.12935562361284453
pca8,completo,tipo,6,pseudo_r2,0.42206482046032756
pca8,completo,tipo,6,pseudo_f,662.9643904340038
pca8,completo,tipo,6,asw_corr,0.33451665902827166
pca8,completo,tipo,6,nmi_estados,0.4019917769823515
pca8,completo,tipo,6,nmi_anio_primer_cambio,0.008427664825219104
pca8,completo,tipo,6,costura_max_share_cluster,0.16424581005586592
pca8,completo,tipo,6,solo_costura_max_share_cluster,0.01468189233278956
pca8,completo,tipo,6,clusters_definidos_por_costura,0.0
pca8,completo,tipo,6,cluster_mayor_share,0.22266226622662266
pca8,completo,tipo,12,pseudo_r2,0.5268231084868962
pca8,completo,tipo,12,pseudo_f,458.81153031846964
pca8,completo,tipo,12,asw_corr,0.2771051816643331
pca8,completo,tipo,12,nmi_estados,0.43720315795442494
pca8,completo,tipo,12,nmi_anio_primer_cambio,0.03911728640419851
pca8,completo,tipo,12,costura_max_share_cluster,0.24285714285714285
pca8,completo,tipo,12,solo_costura_max_share_cluster,0.023622047244094488
pca8,completo,tipo,12,clusters_definidos_por_costura,0.0
pca8,completo,tipo,12,cluster_mayor_share,0.14323432343234324
pca8,completo,tipo,24,pseudo_r2,0.5931920371222317
pca8,completo,tipo,24,pseudo_f,286.6239906094382
pca8,completo,tipo,24,asw_corr,0.16574200492345154
pca8,completo,tipo,24,nmi_estados,0.5002808967929049
pca8,completo,tipo,24,nmi_anio_primer_cambio,0.0834633167481419
pca8,completo,tipo,24,costura_max_share_cluster,0.2574712643678161
pca8,completo,tipo,24,solo_costura_max_share_cluster,0.0273972602739726
pca8,completo,tipo,24,clusters_definidos_por_costura,0.0
pca8,completo,tipo,24,cluster_mayor_share,0.09570957095709572
pca8,sin_costura,px,6,pseudo_r2,0.6183688054335899
pca8,sin_costura,px,6,pseudo_f,513185.68395725667
pca8,sin_costura,px,6,asw_corr,0.5861799093021527
pca8,sin_costura,px,6,nmi_estados,0.5611591922302018
pca8,sin_costura,px,6,nmi_anio_primer_cambio,0.05577929218427566
pca8,sin_costura,px,6,costura_max_share_cluster,0.0
pca8,sin_costura,px,6,solo_costura_max_share_cluster,0.0
pca8,sin_costura,px,6,clusters_definidos_por_costura,0.0
pca8,sin_costura,px,6,cluster_mayor_share,0.3262948909091942
pca8,sin_costura,px,12,pseudo_r2,0.7300561165906435
pca8,sin_costura,px,12,pseudo_f,389340.2046585879
pca8,sin_costura,px,12,asw_corr,0.4221592114167101
pca8,sin_costura,px,12,nmi_estados,0.5986102109598036
pca8,sin_costura,px,12,nmi_anio_primer_cambio,0.24170559858310625
pca8,sin_costura,px,12,costura_max_share_cluster,0.0
pca8,sin_costura,px,12,solo_costura_max_share_cluster,0.0
pca8,sin_costura,px,12,clusters_definidos_por_costura,0.0
pca8,sin_costura,px,12,cluster_mayor_share,0.19066689652428756
pca8,sin_costura,px,24,pseudo_r2,0.8167792225458633
pca8,sin_costura,px,24,pseudo_f,306929.0663197909
pca8,sin_costura,px,24,asw_corr,0.4293271359177842
pca8,sin_costura,px,24,nmi_estados,0.6344235244511682
pca8,sin_costura,px,24,nmi_anio_primer_cambio,0.35814395460893494
pca8,sin_costura,px,24,costura_max_share_cluster,0.0
pca8,sin_costura,px,24,solo_costura_max_share_cluster,0.0
pca8,sin_costura,px,24,clusters_definidos_por_costura,0.0
pca8,sin_costura,px,24,cluster_mayor_share,0.09238760814832636
pca8,sin_costura,tipo,6,pseudo_r2,0.42533701127170487
pca8,sin_costura,tipo,6,pseudo_f,574.9487905720629
pca8,sin_costura,tipo,6,asw_corr,0.34439147067420406
pca8,sin_costura,tipo,6,nmi_estados,0.41041842990443933
pca8,sin_costura,tipo,6,nmi_anio_primer_cambio,0.00842294885326802
pca8,sin_costura,tipo,6,costura_max_share_cluster,0.0
pca8,sin_costura,tipo,6,solo_costura_max_share_cluster,0.0
pca8,sin_costura,tipo,6,clusters_definidos_por_costura,0.0
pca8,sin_costura,tipo,6,cluster_mayor_share,0.23239074550128536
pca8,sin_costura,tipo,12,pseudo_r2,0.5357350819066817
pca8,sin_costura,tipo,12,pseudo_f,406.8172300039563
pca8,sin_costura,tipo,12,asw_corr,0.29236117922646593
pca8,sin_costura,tipo,12,nmi_estados,0.4579102953625214
pca8,sin_costura,tipo,12,nmi_anio_primer_cambio,0.040657936787958975
pca8,sin_costura,tipo,12,costura_max_share_cluster,0.0
pca8,sin_costura,tipo,12,solo_costura_max_share_cluster,0.0
pca8,sin_costura,tipo,12,clusters_definidos_por_costura,0.0
pca8,sin_costura,tipo,12,cluster_mayor_share,0.13856041131105398
pca8,sin_costura,tipo,24,pseudo_r2,0.6091850996735679
pca8,sin_costura,tipo,24,pseudo_f,262.006564429849
pca8,sin_costura,tipo,24,asw_corr,0.2184705390066121
pca8,sin_costura,tipo,24,nmi_estados,0.505431750227828
pca8,sin_costura,tipo,24,nmi_anio_primer_cambio,0.08438212219589682
pca8,sin_costura,tipo,24,costura_max_share_cluster,0.0
pca8,sin_costura,tipo,24,solo_costura_max_share_cluster,0.0
pca8,sin_costura,tipo,24,clusters_definidos_por_costura,0.0
pca8,sin_costura,tipo,24,cluster_mayor_share,0.08868894601542417
pca8,completo,px,6,estabilidad_ari_80,0.9973008057635298
pca8,completo,px,6,estabilidad_ari_80_sd,0.006897140723984616
pca8,completo,px,12,estabilidad_ari_80,0.8052683758838631
pca8,completo,px,12,estabilidad_ari_80_sd,0.07451868251149062
pca8,completo,px,24,estabilidad_ari_80,0.7046791846721857
pca8,completo,px,24,estabilidad_ari_80_sd,0.04877772751673305
ae_d3,completo,px,6,pseudo_r2,0.5318073263727825
ae_d3,completo,px,6,pseudo_f,382606.487585015
ae_d3,completo,px,6,asw_corr,0.4157566605842767
ae_d3,completo,px,6,nmi_estados,0.5756597918543087
ae_d3,completo,px,6,nmi_anio_primer_cambio,0.08426445665842357
ae_d3,completo,px,6,costura_max_share_cluster,0.11393562791698611
ae_d3,completo,px,6,solo_costura_max_share_cluster,0.09832008500450577
ae_d3,completo,px,6,clusters_definidos_por_costura,0.0
ae_d3,completo,px,6,cluster_mayor_share,0.25755461637024535
ae_d3,completo,px,12,pseudo_r2,0.6572954767072887
ae_d3,completo,px,12,pseudo_f,293656.22136831726
ae_d3,completo,px,12,asw_corr,0.33830219611503864
ae_d3,completo,px,12,nmi_estados,0.6326286417704973
ae_d3,completo,px,12,nmi_anio_primer_cambio,0.19417278447413633
ae_d3,completo,px,12,costura_max_share_cluster,0.12445759750349782
ae_d3,completo,px,12,solo_costura_max_share_cluster,0.11260796094630117
ae_d3,completo,px,12,clusters_definidos_por_costura,0.0
ae_d3,completo,px,12,cluster_mayor_share,0.18417861990426326
ae_d3,completo,px,24,pseudo_r2,0.7673857816796326
ae_d3,completo,px,24,pseudo_f,241567.02183999136
ae_d3,completo,px,24,asw_corr,0.32408904019315665
ae_d3,completo,px,24,nmi_estados,0.6595467125602561
ae_d3,completo,px,24,nmi_anio_primer_cambio,0.3225389750128687
ae_d3,completo,px,24,costura_max_share_cluster,0.5424344338654414
ae_d3,completo,px,24,solo_costura_max_share_cluster,0.5068447728672256
ae_d3,completo,px,24,clusters_definidos_por_costura,0.0
ae_d3,completo,px,24,cluster_mayor_share,0.12220564991610271
ae_d3,completo,tipo,6,pseudo_r2,0.25196968534799435
ae_d3,completo,tipo,6,pseudo_f,305.78717984888294
ae_d3,completo,tipo,6,asw_corr,0.10422952702249393
ae_d3,completo,tipo,6,nmi_estados,0.4644243500098442
ae_d3,completo,tipo,6,nmi_anio_primer_cambio,0.01411217985629914
ae_d3,completo,tipo,6,costura_max_share_cluster,0.20435967302452315
ae_d3,completo,tipo,6,solo_costura_max_share_cluster,0.0189328743545611
ae_d3,completo,tipo,6,clusters_definidos_por_costura,0.0
ae_d3,completo,tipo,6,cluster_mayor_share,0.20902090209020902
ae_d3,completo,tipo,12,pseudo_r2,0.3970292541449214
ae_d3,completo,tipo,12,pseudo_f,271.34342321076673
ae_d3,completo,tipo,12,asw_corr,0.0814690729333679
ae_d3,completo,tipo,12,nmi_estados,0.5475330523610075
ae_d3,completo,tipo,12,nmi_anio_primer_cambio,0.025774500036796103
ae_d3,completo,tipo,12,costura_max_share_cluster,0.21256038647342995
ae_d3,completo,tipo,12,solo_costura_max_share_cluster,0.023255813953488372
ae_d3,completo,tipo,12,clusters_definidos_por_costura,0.0
ae_d3,completo,tipo,12,cluster_mayor_share,0.12101210121012101
ae_d3,completo,tipo,24,pseudo_r2,0.46042380246498027
ae_d3,completo,tipo,24,pseudo_f,167.73035066615583
ae_d3,completo,tipo,24,asw_corr,0.012312864242505694
ae_d3,completo,tipo,24,nmi_estados,0.5840372081118534
ae_d3,completo,tipo,24,nmi_anio_primer_cambio,0.04422818193991371
ae_d3,completo,tipo,24,costura_max_share_cluster,0.3333333333333333
ae_d3,completo,tipo,24,solo_costura_max_share_cluster,0.02564102564102564
ae_d3,completo,tipo,24,clusters_definidos_por_costura,0.0
ae_d3,completo,tipo,24,cluster_mayor_share,0.06534653465346535
ae_d3,sin_costura,px,6,pseudo_r2,0.5324012176182533
ae_d3,sin_costura,px,6,pseudo_f,360608.9447475335
ae_d3,sin_costura,px,6,asw_corr,0.40750166451938863
ae_d3,sin_costura,px,6,nmi_estados,0.5769183590881591
ae_d3,sin_costura,px,6,nmi_anio_primer_cambio,0.09058483768462952
ae_d3,sin_costura,px,6,costura_max_share_cluster,0.0
ae_d3,sin_costura,px,6,solo_costura_max_share_cluster,0.0
ae_d3,sin_costura,px,6,clusters_definidos_por_costura,0.0
ae_d3,sin_costura,px,6,cluster_mayor_share,0.24964558354472025
ae_d3,sin_costura,px,12,pseudo_r2,0.6483982245930413
ae_d3,sin_costura,px,12,pseudo_f,265483.3308914806
ae_d3,sin_costura,px,12,asw_corr,0.2544697516121812
ae_d3,sin_costura,px,12,nmi_estados,0.6196955465270304
ae_d3,sin_costura,px,12,nmi_anio_primer_cambio,0.21695257393975487
ae_d3,sin_costura,px,12,costura_max_share_cluster,0.0
ae_d3,sin_costura,px,12,solo_costura_max_share_cluster,0.0
ae_d3,sin_costura,px,12,clusters_definidos_por_costura,0.0
ae_d3,sin_costura,px,12,cluster_mayor_share,0.15924018163803866
ae_d3,sin_costura,px,24,pseudo_r2,0.7730478104367783
ae_d3,sin_costura,px,24,pseudo_f,234520.0811352425
ae_d3,sin_costura,px,24,asw_corr,0.3363352940647908
ae_d3,sin_costura,px,24,nmi_estados,0.6859189850725932
ae_d3,sin_costura,px,24,nmi_anio_primer_cambio,0.3183371365553087
ae_d3,sin_costura,px,24,costura_max_share_cluster,0.0
ae_d3,sin_costura,px,24,solo_costura_max_share_cluster,0.0
ae_d3,sin_costura,px,24,clusters_definidos_por_costura,0.0
ae_d3,sin_costura,px,24,cluster_mayor_share,0.09579821531975784
ae_d3,sin_costura,tipo,6,pseudo_r2,0.26539420677039116
ae_d3,sin_costura,tipo,6,pseudo_f,280.63789003472084
ae_d3,sin_costura,tipo,6,asw_corr,0.13812177226325525
ae_d3,sin_costura,tipo,6,nmi_estados,0.45354535336306956
ae_d3,sin_costura,tipo,6,nmi_anio_primer_cambio,0.013455611985053356
ae_d3,sin_costura,tipo,6,costura_max_share_cluster,0.0
ae_d3,sin_costura,tipo,6,solo_costura_max_share_cluster,0.0
ae_d3,sin_costura,tipo,6,clusters_definidos_por_costura,0.0
ae_d3,sin_costura,tipo,6,cluster_mayor_share,0.23573264781491002
ae_d3,sin_costura,tipo,12,pseudo_r2,0.39692204665114883
ae_d3,sin_costura,tipo,12,pseudo_f,232.03146886518158
ae_d3,sin_costura,tipo,12,asw_corr,0.09497091645052491
ae_d3,sin_costura,tipo,12,nmi_estados,0.5307430122294139
ae_d3,sin_costura,tipo,12,nmi_anio_primer_cambio,0.035189518030155
ae_d3,sin_costura,tipo,12,costura_max_share_cluster,0.0
ae_d3,sin_costura,tipo,12,solo_costura_max_share_cluster,0.0
ae_d3,sin_costura,tipo,12,clusters_definidos_por_costura,0.0
ae_d3,sin_costura,tipo,12,cluster_mayor_share,0.10925449871465295
ae_d3,sin_costura,tipo,24,pseudo_r2,0.4715441817377152
ae_d3,sin_costura,tipo,24,pseudo_f,149.98496304659403
ae_d3,sin_costura,tipo,24,asw_corr,0.03204245103863415
ae_d3,sin_costura,tipo,24,nmi_estados,0.5910454946687764
ae_d3,sin_costura,tipo,24,nmi_anio_primer_cambio,0.04893759697271038
ae_d3,sin_costura,tipo,24,costura_max_share_cluster,0.0
ae_d3,sin_costura,tipo,24,solo_costura_max_share_cluster,0.0
ae_d3,sin_costura,tipo,24,clusters_definidos_por_costura,0.0
ae_d3,sin_costura,tipo,24,cluster_mayor_share,0.07043701799485862
ae_d3,completo,px,6,estabilidad_ari_80,0.9739926689127799
ae_d3,completo,px,6,estabilidad_ari_80_sd,0.04581427259148158
ae_d3,completo,px,12,estabilidad_ari_80,0.8160401788327103
ae_d3,completo,px,12,estabilidad_ari_80_sd,0.06288102071395578
ae_d3,completo,px,24,estabilidad_ari_80,0.7398943358186972
ae_d3,completo,px,24,estabilidad_ari_80_sd,0.06792847721237953
ae_d8,completo,px,6,pseudo_r2,0.5001297275127098
ae_d8,completo,px,6,pseudo_f,337014.0346081143
ae_d8,completo,px,6,asw_corr,0.3863631174365378
ae_d8,completo,px,6,nmi_estados,0.5385432874943179
ae_d8,completo,px,6,nmi_anio_primer_cambio,0.14887798998077717
ae_d8,completo,px,6,costura_max_share_cluster,0.24458282012681903
ae_d8,completo,px,6,solo_costura_max_share_cluster,0.2159208065325487
ae_d8,completo,px,6,clusters_definidos_por_costura,0.0
ae_d8,completo,px,6,cluster_mayor_share,0.24816203757031519
ae_d8,completo,px,12,pseudo_r2,0.656758754751821
ae_d8,completo,px,12,pseudo_f,292957.62157172745
ae_d8,completo,px,12,asw_corr,0.3276956111042416
ae_d8,completo,px,12,nmi_estados,0.586518785076438
ae_d8,completo,px,12,nmi_anio_primer_cambio,0.26346087849140587
ae_d8,completo,px,12,costura_max_share_cluster,0.27298382424114354
ae_d8,completo,px,12,solo_costura_max_share_cluster,0.23859414727915965
ae_d8,completo,px,12,clusters_definidos_por_costura,0.0
ae_d8,completo,px,12,cluster_mayor_share,0.17293115671398088
ae_d8,completo,px,24,pseudo_r2,0.7633198167811346
ae_d8,completo,px,24,pseudo_f,236159.15953371514
ae_d8,completo,px,24,asw_corr,0.3918578829606029
ae_d8,completo,px,24,nmi_estados,0.672653685831789
ae_d8,completo,px,24,nmi_anio_primer_cambio,0.3239698392028887
ae_d8,completo,px,24,costura_max_share_cluster,0.5665486781105125
ae_d8,completo,px,24,solo_costura_max_share_cluster,0.48966294950507455
ae_d8,completo,px,24,clusters_definidos_por_costura,0.0
ae_d8,completo,px,24,cluster_mayor_share,0.12260465193605043
ae_d8,completo,tipo,6,pseudo_r2,0.18129613226121521
ae_d8,completo,tipo,6,pseudo_f,201.02583528925288
ae_d8,completo,tipo,6,asw_corr,0.039724289968784576
ae_d8,completo,tipo,6,nmi_estados,0.3085127494225785
ae_d8,completo,tipo,6,nmi_anio_primer_cambio,0.04106436554979962
ae_d8,completo,tipo,6,costura_max_share_cluster,0.201980198019802
ae_d8,completo,tipo,6,solo_costura_max_share_cluster,0.019801980198019802
ae_d8,completo,tipo,6,clusters_definidos_por_costura,0.0
ae_d8,completo,tipo,6,cluster_mayor_share,0.24532453245324531
ae_d8,completo,tipo,12,pseudo_r2,0.3498300462101934
ae_d8,completo,tipo,12,pseudo_f,221.72938157132893
ae_d8,completo,tipo,12,asw_corr,0.07433330201411462
ae_d8,completo,tipo,12,nmi_estados,0.4149233560160195
ae_d8,completo,tipo,12,nmi_anio_primer_cambio,0.07276543403643711
ae_d8,completo,tipo,12,costura_max_share_cluster,0.19010416666666666
ae_d8,completo,tipo,12,solo_costura_max_share_cluster,0.01929260450160772
ae_d8,completo,tipo,12,clusters_definidos_por_costura,0.0
ae_d8,completo,tipo,12,cluster_mayor_share,0.13685368536853684
ae_d8,completo,tipo,24,pseudo_r2,0.4655391756153717
ae_d8,completo,tipo,24,pseudo_f,171.21705667457724
ae_d8,completo,tipo,24,asw_corr,0.004300915336313916
ae_d8,completo,tipo,24,nmi_estados,0.5131585181811923
ae_d8,completo,tipo,24,nmi_anio_primer_cambio,0.10807691614108755
ae_d8,completo,tipo,24,costura_max_share_cluster,0.32
ae_d8,completo,tipo,24,solo_costura_max_share_cluster,0.0390625
ae_d8,completo,tipo,24,clusters_definidos_por_costura,0.0
ae_d8,completo,tipo,24,cluster_mayor_share,0.09284928492849286
ae_d8,sin_costura,px,6,pseudo_r2,0.4954882670673503
ae_d8,sin_costura,px,6,pseudo_f,311051.9519006164
ae_d8,sin_costura,px,6,asw_corr,0.40945844042549895
ae_d8,sin_costura,px,6,nmi_estados,0.49980327212918574
ae_d8,sin_costura,px,6,nmi_anio_primer_cambio,0.14537896037716336
ae_d8,sin_costura,px,6,costura_max_share_cluster,0.0
ae_d8,sin_costura,px,6,solo_costura_max_share_cluster,0.0
ae_d8,sin_costura,px,6,clusters_definidos_por_costura,0.0
ae_d8,sin_costura,px,6,cluster_mayor_share,0.28658888133221433
ae_d8,sin_costura,px,12,pseudo_r2,0.6861894734864226
ae_d8,sin_costura,px,12,pseudo_f,314791.5341631224
ae_d8,sin_costura,px,12,asw_corr,0.39589966818816963
ae_d8,sin_costura,px,12,nmi_estados,0.5847766897875449
ae_d8,sin_costura,px,12,nmi_anio_primer_cambio,0.2541966487683251
ae_d8,sin_costura,px,12,costura_max_share_cluster,0.0
ae_d8,sin_costura,px,12,solo_costura_max_share_cluster,0.0
ae_d8,sin_costura,px,12,clusters_definidos_por_costura,0.0
ae_d8,sin_costura,px,12,cluster_mayor_share,0.19390005866421148
ae_d8,sin_costura,px,24,pseudo_r2,0.7804574287241259
ae_d8,sin_costura,px,24,pseudo_f,244758.92146725702
ae_d8,sin_costura,px,24,asw_corr,0.359372438290017
ae_d8,sin_costura,px,24,nmi_estados,0.6542659151563821
ae_d8,sin_costura,px,24,nmi_anio_primer_cambio,0.35735555823568205
ae_d8,sin_costura,px,24,costura_max_share_cluster,0.0
ae_d8,sin_costura,px,24,solo_costura_max_share_cluster,0.0
ae_d8,sin_costura,px,24,clusters_definidos_por_costura,0.0
ae_d8,sin_costura,px,24,cluster_mayor_share,0.12332682280566486
ae_d8,sin_costura,tipo,6,pseudo_r2,0.19028627909468898
ae_d8,sin_costura,tipo,6,pseudo_f,182.55141018913275
ae_d8,sin_costura,tipo,6,asw_corr,0.03745672227131628
ae_d8,sin_costura,tipo,6,nmi_estados,0.31840930311810417
ae_d8,sin_costura,tipo,6,nmi_anio_primer_cambio,0.039173561080043495
ae_d8,sin_costura,tipo,6,costura_max_share_cluster,0.0
ae_d8,sin_costura,tipo,6,solo_costura_max_share_cluster,0.0
ae_d8,sin_costura,tipo,6,clusters_definidos_por_costura,0.0
ae_d8,sin_costura,tipo,6,cluster_mayor_share,0.2948586118251928
ae_d8,sin_costura,tipo,12,pseudo_r2,0.34247124532817597
ae_d8,sin_costura,tipo,12,pseudo_f,183.62190245691986
ae_d8,sin_costura,tipo,12,asw_corr,0.07011157132371235
ae_d8,sin_costura,tipo,12,nmi_estados,0.43045825809887067
ae_d8,sin_costura,tipo,12,nmi_anio_primer_cambio,0.0599179387039529
ae_d8,sin_costura,tipo,12,costura_max_share_cluster,0.0
ae_d8,sin_costura,tipo,12,solo_costura_max_share_cluster,0.0
ae_d8,sin_costura,tipo,12,clusters_definidos_por_costura,0.0
ae_d8,sin_costura,tipo,12,cluster_mayor_share,0.1506426735218509
ae_d8,sin_costura,tipo,24,pseudo_r2,0.4771601334660561
ae_d8,sin_costura,tipo,24,pseudo_f,153.40145184320826
ae_d8,sin_costura,tipo,24,asw_corr,0.0571408202938567
ae_d8,sin_costura,tipo,24,nmi_estados,0.516287687297453
ae_d8,sin_costura,tipo,24,nmi_anio_primer_cambio,0.11105092762216427
ae_d8,sin_costura,tipo,24,costura_max_share_cluster,0.0
ae_d8,sin_costura,tipo,24,solo_costura_max_share_cluster,0.0
ae_d8,sin_costura,tipo,24,clusters_definidos_por_costura,0.0
ae_d8,sin_costura,tipo,24,cluster_mayor_share,0.07172236503856042
ae_d8,completo,px,6,estabilidad_ari_80,0.7356854617868469
ae_d8,completo,px,6,estabilidad_ari_80_sd,0.06897251015048862
ae_d8,completo,px,12,estabilidad_ari_80,0.7477215566600822
ae_d8,completo,px,12,estabilidad_ari_80_sd,0.050275405845718095
ae_d8,completo,px,24,estabilidad_ari_80,0.729575914244486
ae_d8,completo,px,24,estabilidad_ari_80_sd,0.04756312483926571
ae_d16,completo,px,6,pseudo_r2,0.4588709471694665
ae_d16,completo,px,6,pseudo_f,285635.60196833673
ae_d16,completo,px,6,asw_corr,0.31194888687702654
ae_d16,completo,px,6,nmi_estados,0.4885883686887026
ae_d16,completo,px,6,nmi_anio_primer_cambio,0.1637380263986744
ae_d16,completo,px,6,costura_max_share_cluster,0.1625054907684242
ae_d16,completo,px,6,solo_costura_max_share_cluster,0.14241636319839032
ae_d16,completo,px,6,clusters_definidos_por_costura,0.0
ae_d16,completo,px,6,cluster_mayor_share,0.2438573282777244
ae_d16,completo,px,12,pseudo_r2,0.6224396129427209
ae_d16,completo,px,12,pseudo_f,252411.5365281022
ae_d16,completo,px,12,asw_corr,0.2775474050654055
ae_d16,completo,px,12,nmi_estados,0.5729926041776613
ae_d16,completo,px,12,nmi_anio_primer_cambio,0.3126741639010518
ae_d16,completo,px,12,costura_max_share_cluster,0.285360309161173
ae_d16,completo,px,12,solo_costura_max_share_cluster,0.2531598090475108
ae_d16,completo,px,12,clusters_definidos_por_costura,0.0
ae_d16,completo,px,12,cluster_mayor_share,0.15642304189164957
ae_d16,completo,px,24,pseudo_r2,0.763314386250147
ae_d16,completo,px,24,pseudo_f,236152.06099930417
ae_d16,completo,px,24,asw_corr,0.3184636166147147
ae_d16,completo,px,24,nmi_estados,0.6808061957935159
ae_d16,completo,px,24,nmi_anio_primer_cambio,0.3670963162480025
ae_d16,completo,px,24,costura_max_share_cluster,0.3422167873945187
ae_d16,completo,px,24,solo_costura_max_share_cluster,0.3052609961914719
ae_d16,completo,px,24,clusters_definidos_por_costura,0.0
ae_d16,completo,px,24,cluster_mayor_share,0.09816518446124634
ae_d16,completo,tipo,6,pseudo_r2,0.19972572373884867
ae_d16,completo,tipo,6,pseudo_f,226.56108960193558
ae_d16,completo,tipo,6,asw_corr,0.06921696544442112
ae_d16,completo,tipo,6,nmi_estados,0.34135249415950364
ae_d16,completo,tipo,6,nmi_anio_primer_cambio,0.03513829619900121
ae_d16,completo,tipo,6,costura_max_share_cluster,0.21947194719471946
ae_d16,completo,tipo,6,solo_costura_max_share_cluster,0.019801980198019802
ae_d16,completo,tipo,6,clusters_definidos_por_costura,0.0
ae_d16,completo,tipo,6,cluster_mayor_share,0.19075907590759075
ae_d16,completo,tipo,12,pseudo_r2,0.34466662009784865
ae_d16,completo,tipo,12,pseudo_f,216.73545887532958
ae_d16,completo,tipo,12,asw_corr,0.028497432759619523
ae_d16,completo,tipo,12,nmi_estados,0.4260977733088316
ae_d16,completo,tipo,12,nmi_anio_primer_cambio,0.1013151966141871
ae_d16,completo,tipo,12,costura_max_share_cluster,0.24696356275303644
ae_d16,completo,tipo,12,solo_costura_max_share_cluster,0.04048582995951417
ae_d16,completo,tipo,12,clusters_definidos_por_costura,0.0
ae_d16,completo,tipo,12,cluster_mayor_share,0.13047304730473047
ae_d16,completo,tipo,24,pseudo_r2,0.4740872842534778
ae_d16,completo,tipo,24,pseudo_f,177.19493615867034
ae_d16,completo,tipo,24,asw_corr,0.022963887028441432
ae_d16,completo,tipo,24,nmi_estados,0.537377683737627
ae_d16,completo,tipo,24,nmi_anio_primer_cambio,0.10959803510975874
ae_d16,completo,tipo,24,costura_max_share_cluster,0.2692307692307692
ae_d16,completo,tipo,24,solo_costura_max_share_cluster,0.0410958904109589
ae_d16,completo,tipo,24,clusters_definidos_por_costura,0.0
ae_d16,completo,tipo,24,cluster_mayor_share,0.07216721672167217
ae_d16,sin_costura,px,6,pseudo_r2,0.41459764062773785
ae_d16,sin_costura,px,6,pseudo_f,224307.18463185753
ae_d16,sin_costura,px,6,asw_corr,0.2698474133849893
ae_d16,sin_costura,px,6,nmi_estados,0.44554392994263425
ae_d16,sin_costura,px,6,nmi_anio_primer_cambio,0.20812524102602767
ae_d16,sin_costura,px,6,costura_max_share_cluster,0.0
ae_d16,sin_costura,px,6,solo_costura_max_share_cluster,0.0
ae_d16,sin_costura,px,6,clusters_definidos_por_costura,0.0
ae_d16,sin_costura,px,6,cluster_mayor_share,0.26512750467450835
ae_d16,sin_costura,px,12,pseudo_r2,0.6612593891552938
ae_d16,sin_costura,px,12,pseudo_f,281028.9660036271
ae_d16,sin_costura,px,12,asw_corr,0.30712129969576085
ae_d16,sin_costura,px,12,nmi_estados,0.6285473917849709
ae_d16,sin_costura,px,12,nmi_anio_primer_cambio,0.25041712758776247
ae_d16,sin_costura,px,12,costura_max_share_cluster,0.0
ae_d16,sin_costura,px,12,solo_costura_max_share_cluster,0.0
ae_d16,sin_costura,px,12,clusters_definidos_por_costura,0.0
ae_d16,sin_costura,px,12,cluster_mayor_share,0.2360940875441797
ae_d16,sin_costura,px,24,pseudo_r2,0.7520252395635064
ae_d16,sin_costura,px,24,pseudo_f,208801.2026064678
ae_d16,sin_costura,px,24,asw_corr,0.342041881407547
ae_d16,sin_costura,px,24,nmi_estados,0.6673453797633088
ae_d16,sin_costura,px,24,nmi_anio_primer_cambio,0.37698494154923645
ae_d16,sin_costura,px,24,costura_max_share_cluster,0.0
ae_d16,sin_costura,px,24,solo_costura_max_share_cluster,0.0
ae_d16,sin_costura,px,24,clusters_definidos_por_costura,0.0
ae_d16,sin_costura,px,24,cluster_mayor_share,0.11788980600395683
ae_d16,sin_costura,tipo,6,pseudo_r2,0.22575992699050917
ae_d16,sin_costura,tipo,6,pseudo_f,226.50637366851691
ae_d16,sin_costura,tipo,6,asw_corr,0.0839945198609939
ae_d16,sin_costura,tipo,6,nmi_estados,0.33541470996075456
ae_d16,sin_costura,tipo,6,nmi_anio_primer_cambio,0.03690301927523032
ae_d16,sin_costura,tipo,6,costura_max_share_cluster,0.0
ae_d16,sin_costura,tipo,6,solo_costura_max_share_cluster,0.0
ae_d16,sin_costura,tipo,6,clusters_definidos_por_costura,0.0
ae_d16,sin_costura,tipo,6,cluster_mayor_share,0.25886889460154244
ae_d16,sin_costura,tipo,12,pseudo_r2,0.3822214711092756
ae_d16,sin_costura,tipo,12,pseudo_f,218.12095430252023
ae_d16,sin_costura,tipo,12,asw_corr,0.08512882437900737
ae_d16,sin_costura,tipo,12,nmi_estados,0.4506006967090389
ae_d16,sin_costura,tipo,12,nmi_anio_primer_cambio,0.07355139090736057
ae_d16,sin_costura,tipo,12,costura_max_share_cluster,0.0
ae_d16,sin_costura,tipo,12,solo_costura_max_share_cluster,0.0
ae_d16,sin_costura,tipo,12,clusters_definidos_por_costura,0.0
ae_d16,sin_costura,tipo,12,cluster_mayor_share,0.12622107969151672
ae_d16,sin_costura,tipo,24,pseudo_r2,0.5003040015915052
ae_d16,sin_costura,tipo,24,pseudo_f,168.29147567921336
ae_d16,sin_costura,tipo,24,asw_corr,0.03051567194083255
ae_d16,sin_costura,tipo,24,nmi_estados,0.5461995273647906
ae_d16,sin_costura,tipo,24,nmi_anio_primer_cambio,0.10502144100801356
ae_d16,sin_costura,tipo,24,costura_max_share_cluster,0.0
ae_d16,sin_costura,tipo,24,solo_costura_max_share_cluster,0.0
ae_d16,sin_costura,tipo,24,clusters_definidos_por_costura,0.0
ae_d16,sin_costura,tipo,24,cluster_mayor_share,0.09820051413881747
ae_d16,completo,px,6,estabilidad_ari_80,0.5519193980752182
ae_d16,completo,px,6,estabilidad_ari_80_sd,0.08111094239397483
ae_d16,completo,px,12,estabilidad_ari_80,0.7610842536325022
ae_d16,completo,px,12,estabilidad_ari_80_sd,0.08711914267851763
ae_d16,completo,px,24,estabilidad_ari_80,0.7330597195981459
ae_d16,completo,px,24,estabilidad_ari_80_sd,0.07542779853273852
