cluster,n,p_c,lift,zone,suffix
-1,665080,0.15730739159198892,0.6041527687077766,chaco_santiago_frontier,
1,14,0.0,0.0,chaco_santiago_frontier,
2,1015,0.8689655172413793,3.3373379206149147,chaco_santiago_frontier,
3,59,0.7627118644067796,2.9292614920651494,chaco_santiago_frontier,
12,2669,0.7006369426751592,2.6908573366599886,chaco_santiago_frontier,
13,3795,0.820026350461133,3.1493827787152564,chaco_santiago_frontier,
17,7,0.0,0.0,chaco_santiago_frontier,
20,39,0.0,0.0,chaco_santiago_frontier,
21,86,0.011627906976744186,0.04465799173949453,chaco_santiago_frontier,
22,1,0.0,0.0,chaco_santiago_frontier,
23,1977,0.32675771370763784,1.2549415220431754,chaco_santiago_frontier,
25,1874,0.39487726787620064,1.5165606159559402,chaco_santiago_frontier,
26,1,0.0,0.0,chaco_santiago_frontier,
27,900,0.6166666666666667,2.36836216191786,chaco_santiago_frontier,
28,98,0.14285714285714285,0.5486553270852185,chaco_santiago_frontier,
29,8121,0.8410294298731683,3.2300469385475057,chaco_santiago_frontier,
30,12588,0.8551795360660946,3.2843916565385,chaco_santiago_frontier,
31,10633,0.8349478040063952,3.206689923543496,chaco_santiago_frontier,
32,1753,0.6406160867084997,2.460342000123732,chaco_santiago_frontier,
33,5134,0.7362680171406311,2.827701588366747,chaco_santiago_frontier,
34,4159,0.8564558788170233,3.289293562284885,chaco_santiago_frontier,
35,10926,0.7700896943071572,2.9575966918053447,chaco_santiago_frontier,
36,7099,0.8305395126074095,3.1897594956277135,chaco_santiago_frontier,
37,14,0.0,0.0,chaco_santiago_frontier,
38,171,0.0,0.0,chaco_santiago_frontier,
39,20,0.0,0.0,chaco_santiago_frontier,
40,11,0.0,0.0,chaco_santiago_frontier,
42,46,0.0,0.0,chaco_santiago_frontier,
43,9,0.0,0.0,chaco_santiago_frontier,
44,24,0.0,0.0,chaco_santiago_frontier,
45,2,0.0,0.0,chaco_santiago_frontier,
46,9,0.1111111111111111,0.426731921066281,chaco_santiago_frontier,
47,8839,0.8995361466229211,3.454747091252631,chaco_santiago_frontier,
48,779,0.79204107830552,3.0419028981785092,chaco_santiago_frontier,
49,3663,0.9186459186459186,3.528139838791242,chaco_santiago_frontier,
50,148,0.831081081081081,3.1918394366241425,chaco_santiago_frontier,
51,1011,0.8724035608308606,3.3505420271257558,chaco_santiago_frontier,
52,3,0.6666666666666666,2.560391526397686,chaco_santiago_frontier,
54,60,0.05,0.19202936447982646,chaco_santiago_frontier,
55,16,0.9375,3.600550583996746,chaco_santiago_frontier,
56,10,0.9,3.4565285606368765,chaco_santiago_frontier,
57,120,0.35,1.3442055513587852,chaco_santiago_frontier,
58,99,0.42424242424242425,1.6293400622530732,chaco_santiago_frontier,
59,37,0.5135135135135135,1.9721934730360555,chaco_santiago_frontier,
60,52,0.5,1.9202936447982646,chaco_santiago_frontier,
61,18,0.05555555555555555,0.2133659605331405,chaco_santiago_frontier,
62,88,0.07954545454545454,0.3055012616724512,chaco_santiago_frontier,
63,11,0.45454545454545453,1.7457214952711495,chaco_santiago_frontier,
64,9,0.0,0.0,chaco_santiago_frontier,
71,2521,0.9226497421658072,3.543516872511514,chaco_santiago_frontier,
72,7,0.0,0.0,chaco_santiago_frontier,
74,182,0.0,0.0,chaco_santiago_frontier,
75,40,0.0,0.0,chaco_santiago_frontier,
76,887,0.16234498308906425,0.6235000785816237,chaco_santiago_frontier,
77,84,0.011904761904761904,0.04572127725710154,chaco_santiago_frontier,
78,125,0.104,0.399421078118039,chaco_santiago_frontier,
79,5,0.0,0.0,chaco_santiago_frontier,
81,48,0.0,0.0,chaco_santiago_frontier,
82,185,0.0,0.0,chaco_santiago_frontier,
85,685,0.10802919708029197,0.41489556121188786,chaco_santiago_frontier,
86,283,0.038869257950530034,0.1492807780408545,chaco_santiago_frontier,
87,234,0.10256410256410256,0.3939063886765671,chaco_santiago_frontier,
88,60,0.2833333333333333,1.0881663987190167,chaco_santiago_frontier,
89,278,0.18345323741007194,0.7045681718324568,chaco_santiago_frontier,
90,2194,0.9111212397447584,3.4992406526451516,chaco_santiago_frontier,
91,7702,0.88989872760322,3.4177337422610505,chaco_santiago_frontier,
92,10964,0.8668369208318132,3.329162860299655,chaco_santiago_frontier,
93,6358,0.8318653664674426,3.1948515531104187,chaco_santiago_frontier,
96,241,0.15352697095435686,0.5896337332575585,chaco_santiago_frontier,
98,70,0.0,0.0,chaco_santiago_frontier,
99,137,0.08029197080291971,0.3083683225223491,chaco_santiago_frontier,
102,376,0.19680851063829788,0.7558602644418702,chaco_santiago_frontier,
103,382,0.02356020942408377,0.0904850408543685,chaco_santiago_frontier,
104,228,0.14473684210526316,0.5558744761258134,chaco_santiago_frontier,
106,12,0.0,0.0,chaco_santiago_frontier,
108,2787,0.9095801937567277,3.493322131010837,chaco_santiago_frontier,
109,2740,0.9697080291970803,3.7242483315540067,chaco_santiago_frontier,
-1,534376,0.10051349611509498,0.3860308556125439,chaco_santiago_frontier,_parametric
1,60,0.05,0.19202936447982646,chaco_santiago_frontier,_parametric
2,2,0.0,0.0,chaco_santiago_frontier,_parametric
3,517,0.06769825918762089,0.2600010737637882,chaco_santiago_frontier,_parametric
6,6464,0.770730198019802,2.9600566022230677,chaco_santiago_frontier,_parametric
7,6887,0.7119210105996806,2.734194784505849,chaco_santiago_frontier,_parametric
8,647,0.04173106646058733,0.1602718034298397,chaco_santiago_frontier,_parametric
9,1,0.0,0.0,chaco_santiago_frontier,_parametric
10,2,0.0,0.0,chaco_santiago_frontier,_parametric
11,154,0.4025974025974026,1.5462104672401613,chaco_santiago_frontier,_parametric
13,191,0.0,0.0,chaco_santiago_frontier,_parametric
16,1614,0.45848822800495664,1.760864060905472,chaco_santiago_frontier,_parametric
18,3009,0.9850448654037887,3.783150789752115,chaco_santiago_frontier,_parametric
19,1286,0.12363919129082426,0.47484710656753354,chaco_santiago_frontier,_parametric
20,4,0.0,0.0,chaco_santiago_frontier,_parametric
21,12,0.0,0.0,chaco_santiago_frontier,_parametric
22,27,0.0,0.0,chaco_santiago_frontier,_parametric
23,48,0.0,0.0,chaco_santiago_frontier,_parametric
24,2768,0.3334537572254335,1.2806582616682067,chaco_santiago_frontier,_parametric
29,3,0.0,0.0,chaco_santiago_frontier,_parametric
30,12280,0.8462540716612378,3.25011263139146,chaco_santiago_frontier,_parametric
31,161,0.08695652173913043,0.3339641121388286,chaco_santiago_frontier,_parametric
32,2,0.0,0.0,chaco_santiago_frontier,_parametric
33,28,0.8571428571428571,3.2919319625113106,chaco_santiago_frontier,_parametric
34,3733,0.9174926332708278,3.523710545638391,chaco_santiago_frontier,_parametric
35,5479,0.9107501368862931,3.4978153997237964,chaco_santiago_frontier,_parametric
37,9,0.0,0.0,chaco_santiago_frontier,_parametric
39,91,0.0,0.0,chaco_santiago_frontier,_parametric
41,125,0.008,0.030724698316772235,chaco_santiago_frontier,_parametric
42,15,0.0,0.0,chaco_santiago_frontier,_parametric
47,42,0.2619047619047619,1.005868099656234,chaco_santiago_frontier,_parametric
48,146,0.4520547945205479,1.736155898036787,chaco_santiago_frontier,_parametric
51,1177,0.8742565845369583,3.3576587264187157,chaco_santiago_frontier,_parametric
52,4,0.0,0.0,chaco_santiago_frontier,_parametric
53,117,0.008547008547008548,0.032825532389713925,chaco_santiago_frontier,_parametric
55,5,0.0,0.0,chaco_santiago_frontier,_parametric
58,7,0.0,0.0,chaco_santiago_frontier,_parametric
60,55,0.0,0.0,chaco_santiago_frontier,_parametric
61,59,0.7627118644067796,2.9292614920651494,chaco_santiago_frontier,_parametric
62,17322,0.8540006927606512,3.2798642059231877,chaco_santiago_frontier,_parametric
63,5,0.0,0.0,chaco_santiago_frontier,_parametric
64,16134,0.8611007809594645,3.3071327144145646,chaco_santiago_frontier,_parametric
65,118,0.0,0.0,chaco_santiago_frontier,_parametric
67,647,0.07573415765069552,0.29086364326156094,chaco_santiago_frontier,_parametric
70,340,0.2,0.7681174579193059,chaco_santiago_frontier,_parametric
72,1410,0.6617021276595745,2.541324780988342,chaco_santiago_frontier,_parametric
73,3226,0.8949163050216987,3.437004186319027,chaco_santiago_frontier,_parametric
75,66,0.0,0.0,chaco_santiago_frontier,_parametric
76,11,0.09090909090909091,0.34914429905422995,chaco_santiago_frontier,_parametric
77,889,0.12148481439820022,0.4665730340567212,chaco_santiago_frontier,_parametric
78,8839,0.8995361466229211,3.454747091252631,chaco_santiago_frontier,_parametric
79,20,0.0,0.0,chaco_santiago_frontier,_parametric
80,1,0.0,0.0,chaco_santiago_frontier,_parametric
81,3,0.6666666666666666,2.560391526397686,chaco_santiago_frontier,_parametric
85,123,0.11382113821138211,0.43714001670204394,chaco_santiago_frontier,_parametric
87,11,0.45454545454545453,1.7457214952711495,chaco_santiago_frontier,_parametric
88,18025,0.7938973647711511,3.0490321283842623,chaco_santiago_frontier,_parametric
89,9,0.1111111111111111,0.426731921066281,chaco_santiago_frontier,_parametric
90,102922,0.29281397563203204,1.1245776330286101,chaco_santiago_frontier,_parametric
92,1592,0.001256281407035176,0.004824858404015741,chaco_santiago_frontier,_parametric
95,5,0.0,0.0,chaco_santiago_frontier,_parametric
97,7,0.0,0.0,chaco_santiago_frontier,_parametric
99,15749,0.8610070480665439,3.3067727250573964,chaco_santiago_frontier,_parametric
100,161,0.8136645962732919,3.1249499064418966,chaco_santiago_frontier,_parametric
101,13998,0.7985426489498499,3.066872747757537,chaco_santiago_frontier,_parametric
103,8072,0.8940782953419227,3.43378573699432,chaco_santiago_frontier,_parametric
104,211,0.0,0.0,chaco_santiago_frontier,_parametric
109,21,0.0,0.0,chaco_santiago_frontier,_parametric
110,13,0.0,0.0,chaco_santiago_frontier,_parametric
113,140,0.2357142857142857,0.9052812896906105,chaco_santiago_frontier,_parametric
114,779,0.79204107830552,3.0419028981785092,chaco_santiago_frontier,_parametric
117,1,0.0,0.0,chaco_santiago_frontier,_parametric
119,635,0.1732283464566929,0.6652985855993988,chaco_santiago_frontier,_parametric
-1,567851,0.13799394559488318,0.5299777934929834,chaco_santiago_frontier,_medium
1,282,0.0,0.0,chaco_santiago_frontier,_medium
2,5,0.0,0.0,chaco_santiago_frontier,_medium
3,12,0.0,0.0,chaco_santiago_frontier,_medium
5,2768,0.3334537572254335,1.2806582616682067,chaco_santiago_frontier,_medium
9,4,0.0,0.0,chaco_santiago_frontier,_medium
12,92,0.0,0.0,chaco_santiago_frontier,_medium
15,152,0.006578947368421052,0.02526702164208243,chaco_santiago_frontier,_medium
16,1926,0.14018691588785046,0.5384000873266162,chaco_santiago_frontier,_medium
17,6466,0.7708011135168574,2.960328959379694,chaco_santiago_frontier,_medium
18,222,0.0,0.0,chaco_santiago_frontier,_medium
19,102933,0.2928895495127899,1.124867881114474,chaco_santiago_frontier,_medium
20,24936,0.7708934873275586,2.9606837290629646,chaco_santiago_frontier,_medium
21,39077,0.8489904547431993,3.260621949475509,chaco_santiago_frontier,_medium
22,1203,0.09060681629260182,0.3479833870041743,chaco_santiago_frontier,_medium
23,340,0.2,0.7681174579193059,chaco_santiago_frontier,_medium
24,5,0.4,1.5362349158386117,chaco_santiago_frontier,_medium
25,7371,0.9122235788902455,3.503474282356134,chaco_santiago_frontier,_medium
26,36973,0.8756389797960674,3.3629679360800484,chaco_santiago_frontier,_medium
27,60,0.05,0.19202936447982646,chaco_santiago_frontier,_medium
28,362,0.30662983425414364,1.1776386440475546,chaco_santiago_frontier,_medium
29,9,0.0,0.0,chaco_santiago_frontier,_medium
30,63,0.49206349206349204,1.8898127932935302,chaco_santiago_frontier,_medium
-1,449019,0.06001750482718994,0.23050246619260403,chaco_santiago_frontier,_medium_parametric
0,44408,0.8568726355611601,3.2908941529392703,chaco_santiago_frontier,_medium_parametric
2,3820,0.013350785340314137,0.051274856484142144,chaco_santiago_frontier,_medium_parametric
3,24281,0.8228244306247683,3.160129049826986,chaco_santiago_frontier,_medium_parametric
4,5002,0.3836465413834466,1.4734280305349339,chaco_santiago_frontier,_medium_parametric
6,28834,0.8700145661371992,3.341366884470366,chaco_santiago_frontier,_medium_parametric
7,1406,0.8790896159317212,3.376220405363663,chaco_santiago_frontier,_medium_parametric
8,1936,0.1534090909090909,0.589181004654013,chaco_santiago_frontier,_medium_parametric
9,2249,0.18363717207647842,0.7052745889743737,chaco_santiago_frontier,_medium_parametric
10,782,0.00639386189258312,0.02455618471609034,chaco_santiago_frontier,_medium_parametric
11,344,0.09011627906976744,0.34609943598108256,chaco_santiago_frontier,_medium_parametric
12,228,0.6535087719298246,2.5098574831135214,chaco_santiago_frontier,_medium_parametric
13,13,0.0,0.0,chaco_santiago_frontier,_medium_parametric
14,274,0.27007299270072993,1.0372389030297196,chaco_santiago_frontier,_medium_parametric
16,9,0.0,0.0,chaco_santiago_frontier,_medium_parametric
17,1,0.0,0.0,chaco_santiago_frontier,_medium_parametric
18,106,0.0,0.0,chaco_santiago_frontier,_medium_parametric
19,109,0.009174311926605505,0.03523474577611495,chaco_santiago_frontier,_medium_parametric
21,95,0.7263157894736842,2.7894791892859003,chaco_santiago_frontier,_medium_parametric
22,12,0.0,0.0,chaco_santiago_frontier,_medium_parametric
26,128487,0.38631923852218514,1.4836927571949141,chaco_santiago_frontier,_medium_parametric
28,28,0.0,0.0,chaco_santiago_frontier,_medium_parametric
30,13909,0.9146595729383852,3.5128299301349517,chaco_santiago_frontier,_medium_parametric
32,462,0.0,0.0,chaco_santiago_frontier,_medium_parametric
34,140,0.007142857142857143,0.027432766354260923,chaco_santiago_frontier,_medium_parametric
35,3961,0.9429437010855845,3.6214575931944046,chaco_santiago_frontier,_medium_parametric
36,253,0.0,0.0,chaco_santiago_frontier,_medium_parametric
38,1404,0.07905982905982906,0.3036361746048538,chaco_santiago_frontier,_medium_parametric
39,81540,0.3187515329899436,1.224193086140586,chaco_santiago_frontier,_medium_parametric
-1,476515,0.10737332507895869,0.412376627539965,chaco_santiago_frontier,_coarse
0,264,0.8863636363636364,3.4041569157787417,chaco_santiago_frontier,_coarse
1,21556,0.7282427166450176,2.7968797212881014,chaco_santiago_frontier,_coarse
2,1605,0.0012461059190031153,0.004785778554014367,chaco_santiago_frontier,_coarse
6,350,0.0,0.0,chaco_santiago_frontier,_coarse
7,23,0.0,0.0,chaco_santiago_frontier,_coarse
8,367,0.0027247956403269754,0.010464815502987819,chaco_santiago_frontier,_coarse
9,41697,0.8863707221143008,3.404184129222681,chaco_santiago_frontier,_coarse
10,164686,0.486398358087512,1.8680553517515197,chaco_santiago_frontier,_coarse
11,3870,0.01317829457364341,0.05061239063809379,chaco_santiago_frontier,_coarse
12,352,0.09090909090909091,0.34914429905422995,chaco_santiago_frontier,_coarse
13,390,0.3487179487179487,1.339281721500328,chaco_santiago_frontier,_coarse
14,77373,0.2760911429051478,1.0603521342116897,chaco_santiago_frontier,_coarse
15,3820,0.19947643979057592,0.7661066792336532,chaco_santiago_frontier,_coarse
16,244,0.012295081967213115,0.04722033552782618,chaco_santiago_frontier,_coarse
-1,453848,0.07162530186317886,0.27508322394923934,chaco_santiago_frontier,_coarse_parametric
0,153823,0.4624991061154704,1.776268188396832,chaco_santiago_frontier,_coarse_parametric
1,2359,0.1254768969902501,0.48190497571876756,chaco_santiago_frontier,_coarse_parametric
3,23,0.0,0.0,chaco_santiago_frontier,_coarse_parametric
4,28135,0.8409098987026835,3.2295878686534314,chaco_santiago_frontier,_coarse_parametric
5,11089,0.817386599332672,3.139244584083591,chaco_santiago_frontier,_coarse_parametric
6,3938,0.021076688674454037,0.0809468626298913,chaco_santiago_frontier,_coarse_parametric
7,72,0.0,0.0,chaco_santiago_frontier,_coarse_parametric
9,60,0.23333333333333334,0.8961370342391902,chaco_santiago_frontier,_coarse_parametric
10,107996,0.45387792140449645,1.7431577759746015,chaco_santiago_frontier,_coarse_parametric
11,3144,0.1650763358778626,0.6339900773856867,chaco_santiago_frontier,_coarse_parametric
12,3405,0.6740088105726872,2.5885896709615372,chaco_santiago_frontier,_coarse_parametric
13,1650,0.03151515151515152,0.12103669033879971,chaco_santiago_frontier,_coarse_parametric
14,463,0.0,0.0,chaco_santiago_frontier,_coarse_parametric
15,16207,0.9136792743876103,3.509065007980836,chaco_santiago_frontier,_coarse_parametric
16,236,0.0,0.0,chaco_santiago_frontier,_coarse_parametric
17,6664,0.4578331332533013,1.7583481123287832,chaco_santiago_frontier,_coarse_parametric
-1,3971,0.10171879386691739,0.5696184943047877,yungas,
2,23,0.9565217391304348,5.356458252209781,yungas,
3,2,0.5,2.7999668136551126,yungas,
12,130,0.8538461538461538,4.7814817894725765,yungas,
13,96,0.8854166666666666,4.958274565847595,yungas,
20,7,0.0,0.0,yungas,
21,4,0.0,0.0,yungas,
23,117,0.7692307692307693,4.307641251777096,yungas,
25,29,0.5517241379310345,3.0896185529987448,yungas,
27,54,0.8888888888888888,4.977718779831311,yungas,
29,245,0.8775510204081632,4.914227468864075,yungas,
30,541,0.966728280961183,5.413614209026337,yungas,
31,1508,0.8368700265251989,4.686416603226462,yungas,
32,132,0.8257575757575758,4.62418761649102,yungas,
33,139,0.6546762589928058,3.6661435977354713,yungas,
34,274,0.9014598540145985,5.048115350166516,yungas,
35,226,0.7699115044247787,4.311453323681324,yungas,
36,237,0.8945147679324894,5.00922332907075,yungas,
37,9,0.0,0.0,yungas,
38,4,0.0,0.0,yungas,
39,24,0.0,0.0,yungas,
42,1,0.0,0.0,yungas,
44,3,0.0,0.0,yungas,
47,519,0.9499036608863198,5.3193974533023916,yungas,
48,63,0.873015873015873,4.8888309444771805,yungas,
49,240,0.8875,4.969941094237825,yungas,
50,24,0.7916666666666666,4.433280788287261,yungas,
51,63,0.7777777777777778,4.355503932352398,yungas,
71,148,0.8243243243243243,4.616161503593564,yungas,
76,53,0.05660377358490566,0.31697737513076746,yungas,
78,1,0.0,0.0,yungas,
85,19,0.21052631578947367,1.1789333952232053,yungas,
86,2,0.5,2.7999668136551126,yungas,
88,1,1.0,5.599933627310225,yungas,
89,23,0.13043478260869565,0.7304261253013337,yungas,
90,498,0.8393574297188755,4.70034589601541,yungas,
91,409,0.8997555012224939,5.03857108765321,yungas,
92,349,0.9398280802292264,5.262974870366057,yungas,
93,564,0.8439716312056738,4.7261851180845165,yungas,
96,12,0.0,0.0,yungas,
98,1,0.0,0.0,yungas,
99,4,0.0,0.0,yungas,
102,38,0.5263157894736842,2.947333488058013,yungas,
103,5,0.0,0.0,yungas,
104,1,0.0,0.0,yungas,
108,560,0.9267857142857143,5.189938486739298,yungas,
109,404,0.9702970297029703,5.433598965112892,yungas,
-1,2071,0.06705448644453459,0.3755006735027669,yungas,_parametric
3,2,0.5,2.7999668136551126,yungas,_parametric
6,226,0.8672566371681416,4.856579605985859,yungas,_parametric
7,271,0.7380073800738007,4.132792344878395,yungas,_parametric
8,2,0.0,0.0,yungas,_parametric
13,28,0.0,0.0,yungas,_parametric
16,34,0.6470588235294118,3.623486464730146,yungas,_parametric
18,277,0.9422382671480144,5.276471757140682,yungas,_parametric
19,58,0.05172413793103448,0.28965173934363236,yungas,_parametric
24,190,0.7473684210526316,4.185213553042379,yungas,_parametric
30,519,0.8901734104046243,4.984912015062282,yungas,_parametric
31,4,0.0,0.0,yungas,_parametric
33,5,1.0,5.599933627310225,yungas,_parametric
34,240,0.8875,4.969941094237825,yungas,_parametric
35,697,0.8464849354375896,4.740259454968483,yungas,_parametric
41,11,0.0,0.0,yungas,_parametric
47,1,1.0,5.599933627310225,yungas,_parametric
51,51,0.803921568627451,4.501907425876848,yungas,_parametric
53,5,0.0,0.0,yungas,_parametric
61,2,0.5,2.7999668136551126,yungas,_parametric
62,913,0.8806133625410734,4.931376381552488,yungas,_parametric
64,1721,0.8779779198140616,4.916618077202644,yungas,_parametric
65,1,0.0,0.0,yungas,_parametric
67,32,0.0,0.0,yungas,_parametric
70,24,0.16666666666666666,0.9333222712183709,yungas,_parametric
72,67,0.8805970149253731,4.931284835989601,yungas,_parametric
73,204,0.7843137254901961,4.39210480573351,yungas,_parametric
75,13,0.0,0.0,yungas,_parametric
76,76,0.881578947368421,4.936783592497172,yungas,_parametric
77,28,0.14285714285714285,0.799990518187175,yungas,_parametric
78,519,0.9499036608863198,5.3193974533023916,yungas,_parametric
88,463,0.8336933045356372,4.668627170932499,yungas,_parametric
90,133,0.3091982407571761,1.7314896259212735,yungas,_parametric
92,5,0.0,0.0,yungas,_parametric
99,1066,0.9136960600375235,5.11663729174499,yungas,_parametric
100,27,0.8148148148148148,4.562908881512035,yungas,_parametric
101,665,0.6300751879699248,3.528379232846593,yungas,_parametric
103,1023,0.9364613880742912,5.244121617754835,yungas,_parametric
114,63,0.873015873015873,4.8888309444771805,yungas,_parametric
117,1,0.0,0.0,yungas,_parametric
119,39,0.5128205128205128,2.871760834518064,yungas,_parametric
-1,4229,0.09128881579543498,0.5112113093701852,yungas,_medium
1,35,0.0,0.0,yungas,_medium
5,190,0.7473684210526316,4.185213553042379,yungas,_medium
15,5,0.0,0.0,yungas,_medium
16,97,0.23711340206185566,1.3278193136921153,yungas,_medium
17,226,0.8672566371681416,4.856579605985859,yungas,_medium
19,133,0.3091982407571761,1.7314896259212735,yungas,_medium
20,735,0.7986394557823129,4.472327944532112,yungas,_medium
21,3049,0.8865201705477206,4.964454114338976,yungas,_medium
22,21,0.23809523809523808,1.3333175303119584,yungas,_medium
23,24,0.16666666666666666,0.9333222712183709,yungas,_medium
25,481,0.8482328482328483,4.750047650608258,yungas,_medium
26,2552,0.8938087774294671,5.005269829112313,yungas,_medium
-1,1440,0.03782165070462154,0.21179873362119164,yungas,_medium_parametric
0,3335,0.8899550224887556,4.9836890572284105,yungas,_medium_parametric
3,1509,0.6891981444665342,3.8594638650779554,yungas,_medium_parametric
4,257,0.7587548638132295,4.248976876752894,yungas,_medium_parametric
6,1991,0.8900050226017077,4.9839690545423,yungas,_medium_parametric
7,79,0.7088607594936709,3.9695732041692735,yungas,_medium_parametric
8,62,0.22580645161290322,1.264501141650696,yungas,_medium_parametric
9,99,0.25252525252525254,1.414124653361168,yungas,_medium_parametric
10,9,0.0,0.0,yungas,_medium_parametric
12,9,1.0,5.599933627310225,yungas,_medium_parametric
19,3,0.0,0.0,yungas,_medium_parametric
21,7,0.8571428571428571,4.79994310912305,yungas,_medium_parametric
26,872,0.3756709338538154,2.103732295291016,yungas,_medium_parametric
30,1467,0.9256987048398091,5.18385130598997,yungas,_medium_parametric
34,11,0.0,0.0,yungas,_medium_parametric
35,251,0.9322709163346613,5.220655254145788,yungas,_medium_parametric
36,38,0.0,0.0,yungas,_medium_parametric
38,36,0.0,0.0,yungas,_medium_parametric
39,302,0.4857865965313022,2.7203726976122238,yungas,_medium_parametric
-1,3373,0.06158334075574375,0.34486262078019375,yungas,_coarse
0,37,0.7297297297297297,4.086438052361515,yungas,_coarse
1,1102,0.8856624319419237,4.959650835076933,yungas,_coarse
2,5,0.0,0.0,yungas,_coarse
8,41,0.0,0.0,yungas,_coarse
9,3444,0.8870499419279907,4.967420798906137,yungas,_coarse
10,3512,0.536746768240841,3.0057462768219736,yungas,_coarse
14,154,0.45510629557071514,2.5485650485670344,yungas,_coarse
15,102,0.09803921568627451,0.5490131007166887,yungas,_coarse
16,7,0.0,0.0,yungas,_coarse
-1,2070,0.046407479590386685,0.2598788055169194,yungas,_coarse_parametric
0,1950,0.46652328772455676,2.612499446852069,yungas,_coarse_parametric
1,106,0.08490566037735849,0.47546606269615116,yungas,_coarse_parametric
4,1764,0.7233560090702947,4.050745639709664,yungas,_coarse_parametric
5,1524,0.8372703412073491,4.68865833887654,yungas,_coarse_parametric
9,3,1.0,5.599933627310225,yungas,_coarse_parametric
10,1749,0.6055412273491517,3.390990681755221,yungas,_coarse_parametric
11,130,0.18461538461538463,1.0338339004265031,yungas,_coarse_parametric
12,108,0.6958671631768513,3.896809927215021,yungas,_coarse_parametric
13,12,0.0,0.0,yungas,_coarse_parametric
15,1989,0.8999497234791353,5.039658719399348,yungas,_coarse_parametric
17,372,0.8010752688172043,4.4859683358560405,yungas,_coarse_parametric
-1,4814,0.04154549231408392,0.9755433236738627,periurbano_cordoba,
19,14,0.0,0.0,periurbano_cordoba,
20,53,0.0,0.0,periurbano_cordoba,
21,44,0.022727272727272728,0.5336665409279517,periurbano_cordoba,
29,32,0.0,0.0,periurbano_cordoba,
30,29,0.0,0.0,periurbano_cordoba,
31,11,0.0,0.0,periurbano_cordoba,
34,20,0.0,0.0,periurbano_cordoba,
36,19,0.0,0.0,periurbano_cordoba,
37,95,0.0,0.0,periurbano_cordoba,
38,214,0.004672897196261682,0.1097258308449994,periurbano_cordoba,
39,20,0.0,0.0,periurbano_cordoba,
42,69,0.014492753623188406,0.3403090985627518,periurbano_cordoba,
43,79,0.012658227848101266,0.29723199747885914,periurbano_cordoba,
44,49,0.0,0.0,periurbano_cordoba,
48,4,0.0,0.0,periurbano_cordoba,
49,2,0.0,0.0,periurbano_cordoba,
51,12,0.0,0.0,periurbano_cordoba,
76,12,0.08333333333333333,1.956777316735823,periurbano_cordoba,
85,28,0.9285714285714286,21.804090100770598,periurbano_cordoba,
88,1,1.0,23.481327800829874,periurbano_cordoba,
89,23,0.391304347826087,9.1883456611943,periurbano_cordoba,
90,1,0.0,0.0,periurbano_cordoba,
91,5,0.0,0.0,periurbano_cordoba,
93,3,0.0,0.0,periurbano_cordoba,
96,3,0.0,0.0,periurbano_cordoba,
99,1,0.0,0.0,periurbano_cordoba,
102,2,0.0,0.0,periurbano_cordoba,
-1,4153,0.02672766674692993,0.627601104236002,periurbano_cordoba,_parametric
8,16,0.0,0.0,periurbano_cordoba,_parametric
13,234,0.004273504273504274,0.10034755470440118,periurbano_cordoba,_parametric
19,12,0.08333333333333333,1.956777316735823,periurbano_cordoba,_parametric
22,103,0.009708737864077669,0.22797405631873663,periurbano_cordoba,_parametric
30,52,0.0,0.0,periurbano_cordoba,_parametric
31,7,0.7142857142857143,16.77237700059277,periurbano_cordoba,_parametric
34,2,0.0,0.0,periurbano_cordoba,_parametric
35,6,0.0,0.0,periurbano_cordoba,_parametric
40,14,0.0,0.0,periurbano_cordoba,_parametric
41,123,0.008130081300813009,0.19090510407178762,periurbano_cordoba,_parametric
53,6,0.0,0.0,periurbano_cordoba,_parametric
62,3,0.0,0.0,periurbano_cordoba,_parametric
63,16,0.0625,1.4675829875518671,periurbano_cordoba,_parametric
67,31,0.16129032258064516,3.7873109356177217,periurbano_cordoba,_parametric
70,24,0.4166666666666667,9.783886583679115,periurbano_cordoba,_parametric
73,12,0.0,0.0,periurbano_cordoba,_parametric
75,189,0.005291005291005291,0.1242398296340205,periurbano_cordoba,_parametric
77,31,0.8387096774193549,19.694016865212152,periurbano_cordoba,_parametric
80,48,0.020833333333333332,0.4891943291839557,periurbano_cordoba,_parametric
88,19,0.0,0.0,periurbano_cordoba,_parametric
90,485,0.15670103092783505,3.679548273944475,periurbano_cordoba,_parametric
94,3,0.0,0.0,periurbano_cordoba,_parametric
99,40,0.0,0.0,periurbano_cordoba,_parametric
101,6,0.0,0.0,periurbano_cordoba,_parametric
114,4,0.0,0.0,periurbano_cordoba,_parametric
117,18,0.05555555555555555,1.3045182111572151,periurbano_cordoba,_parametric
119,2,0.0,0.0,periurbano_cordoba,_parametric
-1,4504,0.02797513321492007,0.6568932732914219,periurbano_cordoba,_medium
1,463,0.004319654427645789,0.10143122160185691,periurbano_cordoba,_medium
8,1,0.0,0.0,periurbano_cordoba,_medium
15,6,0.0,0.0,periurbano_cordoba,_medium
16,14,0.07142857142857142,1.6772377000592766,periurbano_cordoba,_medium
19,485,0.15670103092783505,3.679548273944475,periurbano_cordoba,_medium
20,19,0.0,0.0,periurbano_cordoba,_medium
21,92,0.0,0.0,periurbano_cordoba,_medium
22,28,0.9285714285714286,21.804090100770598,periurbano_cordoba,_medium
23,24,0.4166666666666667,9.783886583679115,periurbano_cordoba,_medium
25,14,0.0,0.0,periurbano_cordoba,_medium
26,9,0.0,0.0,periurbano_cordoba,_medium
-1,524,0.04389312977099236,1.0306689683570365,periurbano_cordoba,_medium_parametric
0,92,0.0,0.0,periurbano_cordoba,_medium_parametric
3,37,0.0,0.0,periurbano_cordoba,_medium_parametric
6,4,0.0,0.0,periurbano_cordoba,_medium_parametric
8,55,0.6545454545454545,15.369596378725008,periurbano_cordoba,_medium_parametric
9,50,0.12,2.8177593360995847,periurbano_cordoba,_medium_parametric
10,6,0.0,0.0,periurbano_cordoba,_medium_parametric
15,1,0.0,0.0,periurbano_cordoba,_medium_parametric
19,1725,0.0017391304347826088,0.04083709182753022,periurbano_cordoba,_medium_parametric
26,523,0.14531548757170173,3.412200598208548,periurbano_cordoba,_medium_parametric
30,5,0.0,0.0,periurbano_cordoba,_medium_parametric
34,145,0.006896551724137931,0.1619401917298612,periurbano_cordoba,_medium_parametric
36,398,0.005025125628140704,0.11799662211472299,periurbano_cordoba,_medium_parametric
38,97,0.061855670103092786,1.452453266030714,periurbano_cordoba,_medium_parametric
39,1997,0.04406609914872309,1.034730519015037,periurbano_cordoba,_medium_parametric
-1,523,0.03441682600382409,0.8081527732599192,periurbano_cordoba,_coarse
3,1,0.0,0.0,periurbano_cordoba,_coarse
5,1,0.0,0.0,periurbano_cordoba,_coarse
8,2171,0.0023030861354214646,0.05407952049937787,periurbano_cordoba,_coarse
9,27,0.0,0.0,periurbano_cordoba,_coarse
10,623,0.12199036918138041,2.8644958472922477,periurbano_cordoba,_coarse
14,2160,0.06018518518518518,1.413228062086983,periurbano_cordoba,_coarse
15,153,0.0784313725490196,1.8416727686925392,periurbano_cordoba,_coarse
-1,2045,0.008312958435207823,0.19519930201178867,periurbano_cordoba,_coarse_parametric
0,622,0.12540192926045016,2.9446038078211094,periurbano_cordoba,_coarse_parametric
1,604,0.07119205298013245,1.6716839328405375,periurbano_cordoba,_coarse_parametric
2,2,0.0,0.0,periurbano_cordoba,_coarse_parametric
4,39,0.0,0.0,periurbano_cordoba,_coarse_parametric
5,11,0.0,0.0,periurbano_cordoba,_coarse_parametric
9,3,0.0,0.0,periurbano_cordoba,_coarse_parametric
10,2000,0.044,1.0331784232365144,periurbano_cordoba,_coarse_parametric
11,124,0.08870967741935484,2.083021014589747,periurbano_cordoba,_coarse_parametric
12,53,0.018867924528301886,0.44304392077037497,periurbano_cordoba,_coarse_parametric
13,149,0.020134228187919462,0.47277841209724575,periurbano_cordoba,_coarse_parametric
14,1,0.0,0.0,periurbano_cordoba,_coarse_parametric
15,6,0.0,0.0,periurbano_cordoba,_coarse_parametric
