run_id,algo,space,params,eligible,n_fit,silhouette_mean,silhouette_std,calinski_harabasz,davies_bouldin,stability_ari,prototype_fidelity,spatial_coherence,largest_share,size_entropy,noise_frac,k_effective,bic,aic,cophenetic_corr,merge_gap
kmeans__k=2__space=raw,kmeans,raw,"{""k"": 2}",True,107362,0.2950408390897824,0.0013096655701204,43105.70069440971,1.5147664525593791,0.9831492752681686,0.1063833828979771,0.3032819082758723,0.5256049626497271,0.9981074698564908,0.0,2,,,,
kmeans__k=3__space=raw,kmeans,raw,"{""k"": 3}",True,107362,0.3104350379179621,0.0014853545452245,37970.14085158137,1.3932391134444864,0.9800770146782066,0.1119757226397463,0.4147813075944067,0.4588867569531119,0.9372105308371286,0.0,3,,,,
kmeans__k=4__space=raw,kmeans,raw,"{""k"": 4}",True,107362,0.3281332486019394,0.0011208849732748,38848.96803154835,1.2949170930307965,0.8515685131938837,0.1382277592170077,0.4519403924755588,0.3223952608930534,0.9789651024176472,0.0,4,,,,
kmeans__k=5__space=raw,kmeans,raw,"{""k"": 5}",True,107362,0.3835965854452289,0.001043791721778,42534.06587409096,1.0768123937793697,0.9952228378819544,0.1527597786149528,0.4463115698423019,0.3287382872897301,0.9677446952407298,0.0,5,,,,
kmeans__k=6__space=raw,kmeans,raw,"{""k"": 6}",True,107362,0.4037834600547996,0.0008030078862724,40618.64526887414,1.1356336367486757,0.932914683141226,0.1487075302361699,0.4515428295451221,0.3276764590823569,0.9372415001450872,0.0,6,,,,
kmeans__k=7__space=raw,kmeans,raw,"{""k"": 7}",True,107362,0.4250268359118079,0.0014589469917963,40140.425276445385,1.1012883954589516,0.9024263401109892,0.1538674527869361,0.4703096661521218,0.2418267170879827,0.9600440921629348,0.0,7,,,,
kmeans__k=8__space=raw,kmeans,raw,"{""k"": 8}",True,107362,0.4333444589628054,0.000999550500687,38662.78778282801,1.054962338005646,0.7736888018305498,0.1742349232851861,0.4943286095675612,0.1911383916096943,0.9591947987621048,0.0,8,,,,
kmeans__k=9__space=raw,kmeans,raw,"{""k"": 9}",True,107362,0.4375977648150374,0.0012720384931178,37825.38542026884,1.1202879842002242,0.839534024050517,0.1751390644498856,0.5189169342519079,0.1911570201747359,0.9633117879267536,0.0,9,,,,
kmeans__k=10__space=raw,kmeans,raw,"{""k"": 10}",True,107362,0.4241128026724178,0.0020988212584551,37215.74690651389,1.2084370825405375,0.8499140342244821,0.1781878393272351,0.5197166356793042,0.1880739926603453,0.9734033165622278,0.0,10,,,,
kmeans__k=12__space=raw,kmeans,raw,"{""k"": 12}",True,107362,0.4412259078815397,0.0022952347977956,35354.49766326433,1.1398262351081307,0.9047641744987656,0.1859045709601379,0.5290638692690619,0.1870587358655762,0.9452877352455816,0.0,12,,,,
kmeans__k=14__space=raw,kmeans,raw,"{""k"": 14}",True,107362,0.4714881892681504,0.0015791693007538,35334.53321254097,1.0531950581498712,0.891610547167588,0.2017623678749568,0.5413262981137534,0.1841899368491645,0.9295630627220696,0.0,14,,,,
kmeans__k=16__space=raw,kmeans,raw,"{""k"": 16}",True,107362,0.4929345114085078,0.0019731354834415,34609.516869110426,0.9601008502314008,0.8693798351498567,0.2270255423347223,0.545632039048149,0.1760678824910117,0.928779587137486,0.0,16,,,,
kmeans__k=18__space=raw,kmeans,raw,"{""k"": 18}",True,107362,0.5020788066324224,0.0029802485144488,34401.06887138251,0.9510447922441384,0.8331899305926777,0.2233207880344661,0.5622902372592284,0.1718205696615189,0.9256220282545258,0.0,18,,,,
kmeans__k=20__space=raw,kmeans,raw,"{""k"": 20}",True,107362,0.5150173653712953,0.0020741786728855,34618.87105190344,0.90446636629768,0.8613023743307632,0.2291323893970682,0.5565813435497537,0.1834913656601032,0.9030063714503446,0.0,20,,,,
kmeans__k=2__space=standard,kmeans,standard,"{""k"": 2}",True,107362,0.2610055377688856,0.0010938222658237,32862.51364014584,1.7321717969352717,0.9854732764467944,0.1078109047231378,0.2858114968996171,0.5599187794564184,0.9896157604297664,0.0,2,,,,
kmeans__k=3__space=standard,kmeans,standard,"{""k"": 3}",True,107362,0.2800967693060431,0.0017301946827127,32866.54603223597,1.4482012872634586,0.8666242178872272,0.1121598084517908,0.4415440827908162,0.5036418844656396,0.9428203308503909,0.0,3,,,,
kmeans__k=4__space=standard,kmeans,standard,"{""k"": 4}",True,107362,0.312032604166271,0.0011454107480369,34219.55095786193,1.309383249742577,0.940266909954764,0.1357023882408544,0.4481945874235609,0.3160988059089808,0.9860276060819562,0.0,4,,,,
kmeans__k=5__space=standard,kmeans,standard,"{""k"": 5}",True,107362,0.3536827068744443,0.0010624529164345,35083.20011960782,1.1585378246396725,0.9780277342455044,0.1506367615035064,0.4573337296753846,0.314915892028837,0.9755185653885328,0.0,5,,,,
kmeans__k=6__space=standard,kmeans,standard,"{""k"": 6}",True,107362,0.3851578440008542,0.0010096656667495,35887.302448097325,1.1675776278971488,0.9935095770065634,0.1484005196924791,0.468331182844899,0.3016430394366722,0.9509295934936928,0.0,6,,,,
kmeans__k=7__space=standard,kmeans,standard,"{""k"": 7}",True,107362,0.4124866286210936,0.0014040577969329,35721.618140006,1.1096102755407051,0.9206805571447616,0.1523292591584086,0.4807250850755224,0.2298112926361282,0.9652325633358112,0.0,7,,,,
kmeans__k=8__space=standard,kmeans,standard,"{""k"": 8}",True,107362,0.431910701367085,0.0017246210825535,34823.431304091595,1.1307517408547905,0.9419778322072124,0.1551426865841538,0.4991100189152194,0.2370391758722825,0.9614300111228644,0.0,8,,,,
kmeans__k=9__space=standard,kmeans,standard,"{""k"": 9}",True,107362,0.4219271559566729,0.0015653768195939,32782.48007083948,1.0727499491488033,0.8166075377132986,0.1750450469596982,0.5082366374476959,0.1806318809262122,0.9511627453551412,0.0,9,,,,
kmeans__k=10__space=standard,kmeans,standard,"{""k"": 10}",True,107362,0.4227105358071782,0.0012757866332076,32616.265211748367,1.1631499141447397,0.87386043253754,0.1777782644036218,0.5236844487926826,0.1762262252938656,0.9646945510363436,0.0,10,,,,
kmeans__k=12__space=standard,kmeans,standard,"{""k"": 12}",True,107362,0.4555931763864966,0.0018220132756898,32216.40274800981,1.028089404625668,0.8669768627232785,0.1893598360832528,0.545186829976803,0.1834168513999366,0.9434728393437538,0.0,12,,,,
kmeans__k=14__space=standard,kmeans,standard,"{""k"": 14}",True,107362,0.4666612856924725,0.0020538714446512,31765.573376584474,1.1090990093968964,0.8452964471181882,0.1900874722504469,0.5394875003264531,0.1834261656824574,0.9380072726525124,0.0,14,,,,
kmeans__k=16__space=standard,kmeans,standard,"{""k"": 16}",True,107362,0.493816432857845,0.0023185045414303,31827.632860986683,0.96640983200455,0.8415427108528891,0.2146485872895212,0.5562367213457253,0.1760678824910117,0.9228559948033432,0.0,16,,,,
kmeans__k=18__space=standard,kmeans,standard,"{""k"": 18}",True,107362,0.5057829271841768,0.001360202676118,32929.24042983041,0.9583476130276346,0.8668019728073318,0.2097629068718722,0.5563019682687299,0.17217451239731,0.9159565355311102,0.0,18,,,,
kmeans__k=20__space=standard,kmeans,standard,"{""k"": 20}",True,107362,0.5304562277066045,0.0018205737630297,33000.16506739226,0.9367725498274307,0.8871152075076375,0.2284440642610924,0.5609189412906007,0.1748104543507013,0.9198715990965908,0.0,20,,,,
kmeans__k=2__space=l2,kmeans,l2,"{""k"": 2}",True,107362,0.3007285952711334,0.0011746253373504,41004.88947640561,1.55193457154713,0.9993008060822944,0.1061204069212263,0.3002409572527218,0.5391572437175164,0.9955713275488906,0.0,2,,,,
kmeans__k=3__space=l2,kmeans,l2,"{""k"": 3}",True,107362,0.3146078659199484,0.001452286601567,36387.18739343973,1.3940048495016475,0.934559422887312,0.1128662734192795,0.419379592595607,0.5449600417279857,0.9032579877394998,0.0,3,,,,
kmeans__k=4__space=l2,kmeans,l2,"{""k"": 4}",True,107362,0.3377728673093899,0.0011587072421469,37873.69070015666,1.2920249505391013,0.5642938281629033,0.1381798888374945,0.4447331294311994,0.3378849127251728,0.9726275040368078,0.0,4,,,,
kmeans__k=5__space=l2,kmeans,l2,"{""k"": 5}",True,107362,0.3972736731487989,0.0010411521838097,42368.33869604424,1.0622785107511608,0.998286555187626,0.1530797409070516,0.4414719937528354,0.3388070266947337,0.962825658659738,0.0,5,,,,
kmeans__k=6__space=l2,kmeans,l2,"{""k"": 6}",True,107362,0.419793011316005,0.0007130264875048,40631.309167616615,1.1181965109738894,0.999032631652533,0.1489355935835253,0.4471063542427777,0.329911886887353,0.9317890313590252,0.0,6,,,,
kmeans__k=7__space=l2,kmeans,l2,"{""k"": 7}",True,107362,0.4390073254471361,0.0012012031267799,39873.71912597772,1.075423425322615,0.876631562381807,0.1532469392790325,0.4617064044342437,0.2513365995417373,0.9536226770381914,0.0,7,,,,
kmeans__k=8__space=l2,kmeans,l2,"{""k"": 8}",True,107362,0.4353546765952386,0.0011027458711068,38211.72247391751,1.1974976570663045,0.8203115557226622,0.1540411054466273,0.4825353875757932,0.2491011717367411,0.9519660566476942,0.0,8,,,,
kmeans__k=9__space=l2,kmeans,l2,"{""k"": 9}",True,107362,0.439763037952731,0.0017730866730575,38062.71121699125,1.1703167292889018,0.9758587362569788,0.1656826029350591,0.4908973062410802,0.249157057431866,0.9540860085356998,0.0,9,,,,
kmeans__k=10__space=l2,kmeans,l2,"{""k"": 10}",True,107362,0.4528354537187774,0.0012302789717781,36624.15524557528,1.068885633841499,0.8922535278209637,0.1737089338287221,0.5187650584277471,0.2080810715150612,0.9377833301959132,0.0,10,,,,
kmeans__k=12__space=l2,kmeans,l2,"{""k"": 12}",True,107362,0.4652243484063721,0.0015067175954268,36952.367323239,1.0620748114185186,0.9267159769517006,0.1827971213841714,0.5249261906507452,0.1925914196829418,0.9435145503458934,0.0,12,,,,
kmeans__k=14__space=l2,kmeans,l2,"{""k"": 14}",True,107362,0.4820087013266595,0.00245022834103,33800.80370183322,1.036341797835578,0.8894899729720981,0.1938333373179181,0.52097583077625,0.2282278646075893,0.9110422968356378,0.0,14,,,,
kmeans__k=16__space=l2,kmeans,l2,"{""k"": 16}",True,107362,0.4956772463131321,0.0024416223563119,34824.06277657148,0.940739585931664,0.872241901355491,0.2117691533849854,0.5474700797668596,0.1843296510869767,0.9156142809725608,0.0,16,,,,
kmeans__k=18__space=l2,kmeans,l2,"{""k"": 18}",True,107362,0.5225386289701185,0.0019220926912176,35983.77554008391,0.9142231425043198,0.8963190855048174,0.2292218004821162,0.5569682962335132,0.1842737653918518,0.9135901310418202,0.0,18,,,,
kmeans__k=20__space=l2,kmeans,l2,"{""k"": 20}",True,107362,0.5117758504707852,0.0023998136277619,36854.70517354882,0.9025963046990032,0.8911130449239106,0.2436370016622548,0.5663969348451993,0.1872263929509509,0.936846706186535,0.0,20,,,,
hierarchical__fit_sample_size=5000_k=2_method=ward__space=standard,hierarchical,standard,"{""fit_sample_size"": 5000, ""k"": 2, ""method"": ""ward""}",True,4999,0.2497125396654773,0.0008617746919739,30245.26174910735,1.7869398820836957,0.3407445089995367,0.1292136615259979,0.3248885969988795,0.5097613680818167,0.9997250501389692,0.0,2,,,0.6396951498860097,0.2687067950155148
hierarchical__fit_sample_size=5000_k=3_method=ward__space=standard,hierarchical,standard,"{""fit_sample_size"": 5000, ""k"": 3, ""method"": ""ward""}",True,4999,0.2834657006647001,0.0010932637573334,30182.720887516807,1.3940047375128075,0.3867279016515459,0.1342697233302393,0.3648633531437664,0.4824705202958216,0.8733646775614121,0.0,3,,,0.6396951498860097,0.0378893030380091
hierarchical__fit_sample_size=5000_k=4_method=ward__space=standard,hierarchical,standard,"{""fit_sample_size"": 5000, ""k"": 4, ""method"": ""ward""}",True,4999,0.3063877654910082,0.0010780462582772,31940.650490225053,1.3664932697538723,0.5310730281514511,0.130596522207039,0.4314406381892623,0.3932117508988282,0.9342939261393616,0.0,4,,,0.6396951498860097,0.1787889557096651
hierarchical__fit_sample_size=5000_k=5_method=ward__space=standard,hierarchical,standard,"{""fit_sample_size"": 5000, ""k"": 5, ""method"": ""ward""}",True,4999,0.3395656719335512,0.0013209149408929,33512.93025130064,1.1337756720039174,0.7371498632038481,0.1434162607955538,0.4343329498710793,0.3915351800450811,0.929963826699412,0.0,5,,,0.6396951498860097,0.0529755140060054
hierarchical__fit_sample_size=5000_k=6_method=ward__space=standard,hierarchical,standard,"{""fit_sample_size"": 5000, ""k"": 6, ""method"": ""ward""}",True,4999,0.3762680056479196,0.0010886629976446,33204.84243859007,1.3357387911029128,0.8370925108403283,0.1494489884611903,0.4763339426068724,0.2998640114751961,0.9597628580514816,0.0,6,,,0.6396951498860097,0.1888472556910512
hierarchical__fit_sample_size=5000_k=7_method=ward__space=standard,hierarchical,standard,"{""fit_sample_size"": 5000, ""k"": 7, ""method"": ""ward""}",True,4999,0.3806915568595727,0.0018010653160767,31617.13138549864,1.320157637935285,0.8159930148523072,0.1632985094482123,0.5038973675804543,0.1919953056016095,0.9849029593927948,0.0,7,,,0.6396951498860097,0.0593209019099271
hierarchical__fit_sample_size=5000_k=8_method=ward__space=standard,hierarchical,standard,"{""fit_sample_size"": 5000, ""k"": 8, ""method"": ""ward""}",True,4999,0.4068363990210297,0.0016174672004516,32845.63748415665,1.1491755039521303,0.9010137914214164,0.1697840239428827,0.5160957380286461,0.1850095937109964,0.9667003520670876,0.0,8,,,0.6396951498860097,0.279724137510673
hierarchical__fit_sample_size=5000_k=9_method=ward__space=standard,hierarchical,standard,"{""fit_sample_size"": 5000, ""k"": 9, ""method"": ""ward""}",True,4999,0.4279619346078288,0.0013013278368377,32976.54118408521,1.0961182502538087,0.922645880570487,0.1768565380234955,0.5275460692295451,0.1813863378103984,0.9600465403480464,0.0,9,,,0.6396951498860097,0.084315357168607
hierarchical__fit_sample_size=5000_k=10_method=ward__space=standard,hierarchical,standard,"{""fit_sample_size"": 5000, ""k"": 10, ""method"": ""ward""}",True,4999,0.4187776011774226,0.0010350573567974,32209.18879413705,1.2027155540738728,0.930800437104384,0.1774960573064407,0.5345399714410015,0.1775581676943425,0.971394490324508,0.0,10,,,0.6396951498860097,0.0507666166562907
hierarchical__fit_sample_size=5000_k=12_method=ward__space=standard,hierarchical,standard,"{""fit_sample_size"": 5000, ""k"": 12, ""method"": ""ward""}",True,4999,0.4455956214345105,0.001611893530955,31572.664422428992,1.1946076130126335,0.8781325315844009,0.1883379257868757,0.5465206103062343,0.1764031966617611,0.9563839582616116,0.0,12,,,0.6396951498860097,0.0592775848585323
hierarchical__fit_sample_size=5000_k=14_method=ward__space=standard,hierarchical,standard,"{""fit_sample_size"": 5000, ""k"": 14, ""method"": ""ward""}",True,4999,0.4682371546320217,0.001300805305103,30796.535120844062,1.0931805732366968,0.879180249971335,0.1977354155486635,0.5526425311947675,0.1738790260986196,0.9459805005137746,0.0,14,,,0.6396951498860097,0.0637366111243335
hierarchical__fit_sample_size=5000_k=16_method=ward__space=standard,hierarchical,standard,"{""fit_sample_size"": 5000, ""k"": 16, ""method"": ""ward""}",True,4999,0.494925038019798,0.0014363064568404,31289.54153104025,1.0471643422800527,0.8675468464775816,0.2084490238411185,0.5661708415893304,0.1738790260986196,0.9345596785899328,0.0,16,,,0.6396951498860097,0.0763251600698285
hierarchical__fit_sample_size=5000_k=18_method=ward__space=standard,hierarchical,standard,"{""fit_sample_size"": 5000, ""k"": 18, ""method"": ""ward""}",True,4999,0.5121181927534757,0.0010043671736818,32171.594994465013,1.0232003936569347,0.8762876363598086,0.2151918358840736,0.5663958685719782,0.1738790260986196,0.928418427207106,0.0,18,,,0.6396951498860097,0.0554304769770841
hierarchical__fit_sample_size=5000_k=20_method=ward__space=standard,hierarchical,standard,"{""fit_sample_size"": 5000, ""k"": 20, ""method"": ""ward""}",True,4999,0.5280520886870301,0.0010292380119908,33265.554191426614,0.9044083462706785,0.9264749193384908,0.2277231244552472,0.5672495326727679,0.1716435982936234,0.914356001296746,0.0,20,,,0.6396951498860097,0.120552868014188
hierarchical__fit_sample_size=5000_k=2_method=average__space=standard,hierarchical,standard,"{""fit_sample_size"": 5000, ""k"": 2, ""method"": ""average""}",True,4999,0.2296676706270953,0.0011956391334528,21063.070582197903,1.7810043576029384,0.6793522388569407,0.1033749493067544,0.2739097724635713,0.7824649317263092,0.7556410002346905,0.0,2,,,0.8136888851864219,0.0206230096303594
hierarchical__fit_sample_size=5000_k=3_method=average__space=standard,hierarchical,standard,"{""fit_sample_size"": 5000, ""k"": 3, ""method"": ""average""}",True,4999,0.2427235163615516,0.0010827509454253,14804.047138144037,1.447332423696997,0.9697899832998096,0.1010957800197665,0.2191709845744294,0.8090851511708053,0.5606982737029765,0.0,3,,,0.8136888851864219,0.0545484397190048
hierarchical__fit_sample_size=5000_k=4_method=average__space=standard,hierarchical,standard,"{""fit_sample_size"": 5000, ""k"": 4, ""method"": ""average""}",True,4999,0.3053118740848873,0.0015275688425356,27562.61539910447,1.2872405319962477,0.8127809936354496,0.1139882841972215,0.4172013416364298,0.5745235744490602,0.7919067725414348,0.0,4,,,0.8136888851864219,0.0307156630604999
hierarchical__fit_sample_size=5000_k=5_method=average__space=standard,hierarchical,standard,"{""fit_sample_size"": 5000, ""k"": 5, ""method"": ""average""}",True,4999,0.3050298025871966,0.0015526298162962,21790.67165378907,1.1633905785204344,0.8443878884196344,0.1153749799175467,0.4180714875802599,0.574076488888061,0.7006759166395287,0.0,5,,,0.8136888851864219,0.0064439216370845
hierarchical__fit_sample_size=5000_k=6_method=average__space=standard,hierarchical,standard,"{""fit_sample_size"": 5000, ""k"": 6, ""method"": ""average""}",True,4999,0.3038159332273519,0.0018871781567143,19385.58946300475,1.140393039554227,0.8708409025277731,0.1170908664928016,0.4398246051134116,0.5666902628490528,0.6832532291280496,0.0,6,,,0.8136888851864219,0.0945206213946424
hierarchical__fit_sample_size=5000_k=7_method=average__space=standard,hierarchical,standard,"{""fit_sample_size"": 5000, ""k"": 7, ""method"": ""average""}",True,4999,0.3468532391962456,0.0011133179534562,23271.11559497128,1.1224402110758374,0.976953200229702,0.1235771067680363,0.4710711952361625,0.4659190402563291,0.7752320361416574,0.0,7,,,0.8136888851864219,0.0495060152684576
hierarchical__fit_sample_size=5000_k=8_method=average__space=standard,hierarchical,standard,"{""fit_sample_size"": 5000, ""k"": 8, ""method"": ""average""}",True,4999,0.3344256411251331,0.0007701487929243,20032.108149742056,1.2143740348644931,0.9719362786523386,0.1260974768531081,0.4708948307859136,0.4658352117136417,0.7305566802804603,0.0,8,,,0.8136888851864219,0.0179834216336722
hierarchical__fit_sample_size=5000_k=9_method=average__space=standard,hierarchical,standard,"{""fit_sample_size"": 5000, ""k"": 9, ""method"": ""average""}",True,4999,0.3298871015027486,0.0006185128206403,18091.76672537273,1.1814355104209335,0.8696569711133991,0.1279886091545885,0.4682045558163191,0.4627614984817719,0.7059965264546096,0.0,9,,,0.8136888851864219,0.0072015826535774
hierarchical__fit_sample_size=5000_k=10_method=average__space=standard,hierarchical,standard,"{""fit_sample_size"": 5000, ""k"": 10, ""method"": ""average""}",True,4999,0.3094432189685753,0.0024737052208455,16489.832746791464,1.1705953867375485,0.7066509093626608,0.1281704264877169,0.4699898737943009,0.4582254428941338,0.6890797179453304,0.0,10,,,0.8136888851864219,0.0710508840421184
hierarchical__fit_sample_size=5000_k=12_method=average__space=standard,hierarchical,standard,"{""fit_sample_size"": 5000, ""k"": 12, ""method"": ""average""}",True,4999,0.3876519451454895,0.00143290558255,20735.533561072418,1.0805868795014628,0.90176261815726,0.1515588516719239,0.4729758768320902,0.3180361766733108,0.7573329546014698,0.0,12,,,0.8136888851864219,0.0081998562160829
hierarchical__fit_sample_size=5000_k=14_method=average__space=standard,hierarchical,standard,"{""fit_sample_size"": 5000, ""k"": 14, ""method"": ""average""}",True,4999,0.4067582398667335,0.0012993651768734,20427.77088770877,1.0320358336066038,0.9132998238480482,0.1664357868674894,0.4910297220790589,0.3182969765838937,0.7634699494756215,0.0,14,,,0.8136888851864219,0.0078775228385385
hierarchical__fit_sample_size=5000_k=16_method=average__space=standard,hierarchical,standard,"{""fit_sample_size"": 5000, ""k"": 16, ""method"": ""average""}",True,4999,0.3993071620418723,0.0027177658349353,18678.544638658863,1.0671433859372843,0.9241899784802912,0.1699587762664994,0.4900791825251422,0.3192284048359755,0.7441796894350138,0.0,16,,,0.8136888851864219,0.0042973574780608
hierarchical__fit_sample_size=5000_k=18_method=average__space=standard,hierarchical,standard,"{""fit_sample_size"": 5000, ""k"": 18, ""method"": ""average""}",True,4999,0.4100413019517931,0.0031073538865632,18600.53743897244,1.03104015936045,0.913492074674108,0.1786979448025243,0.4982018019974395,0.3192563476835379,0.7451803615381876,0.0,18,,,0.8136888851864219,0.0033788650627681
hierarchical__fit_sample_size=5000_k=20_method=average__space=standard,hierarchical,standard,"{""fit_sample_size"": 5000, ""k"": 20, ""method"": ""average""}",True,4999,0.4498795818589404,0.0041988027874062,21130.47430572948,1.0030005477419217,0.8381383112884316,0.1876618982703246,0.5103135846829834,0.241351688679421,0.7830342198424458,0.0,20,,,0.8136888851864219,0.0005724196907846
hierarchical__fit_sample_size=5000_k=2_method=complete__space=standard,hierarchical,standard,"{""fit_sample_size"": 5000, ""k"": 2, ""method"": ""complete""}",True,4999,0.2485594222575911,0.0011617720921002,29413.26700241044,1.8453480362953176,0.6563589609770636,0.1015394064076063,0.3225239058296217,0.58443397105121,0.9793308814290328,0.0,2,,,0.6855593828431552,0.1248556003559444
hierarchical__fit_sample_size=5000_k=3_method=complete__space=standard,hierarchical,standard,"{""fit_sample_size"": 5000, ""k"": 3, ""method"": ""complete""}",True,4999,0.2529730154354207,0.0012916913708058,22638.978863309407,1.568753242718773,0.556618736596095,0.1065744858539746,0.3505393362586846,0.549738268661165,0.7951874162443202,0.0,3,,,0.6855593828431552,0.0460866080487389
hierarchical__fit_sample_size=5000_k=4_method=complete__space=standard,hierarchical,standard,"{""fit_sample_size"": 5000, ""k"": 4, ""method"": ""complete""}",True,4999,0.2506038874163955,0.0012987561441193,18815.946505990258,1.6524670088827558,0.5164915218510217,0.1134494355078328,0.4027156272225344,0.5272349620908702,0.7778509100708818,0.0,4,,,0.6855593828431552,0.0557963569648891
hierarchical__fit_sample_size=5000_k=5_method=complete__space=standard,hierarchical,standard,"{""fit_sample_size"": 5000, ""k"": 5, ""method"": ""complete""}",True,4999,0.2974762344064342,0.0020407827550543,22877.22501107262,1.34441972857166,0.7335234089528139,0.1196489062601717,0.4844005203625727,0.5031575417745571,0.8065577271077926,0.0,5,,,0.6855593828431552,0.0274009524097059
hierarchical__fit_sample_size=5000_k=6_method=complete__space=standard,hierarchical,standard,"{""fit_sample_size"": 5000, ""k"": 6, ""method"": ""complete""}",True,4999,0.3373503190401737,0.0015688108088229,27783.76746817257,1.2866227842211642,0.6261340157282272,0.136163436045678,0.4939292620127314,0.2668635085039399,0.9126284985803602,0.0,6,,,0.6855593828431552,0.0241416608626554
hierarchical__fit_sample_size=5000_k=7_method=complete__space=standard,hierarchical,standard,"{""fit_sample_size"": 5000, ""k"": 7, ""method"": ""complete""}",True,4999,0.3340950076993857,0.0015307580419589,24078.479118586365,1.2984784745936473,0.6653482252207591,0.1392563385458396,0.4977922932800796,0.2652893947579218,0.8660909374937018,0.0,7,,,0.6855593828431552,0.0780952747188248
hierarchical__fit_sample_size=5000_k=8_method=complete__space=standard,hierarchical,standard,"{""fit_sample_size"": 5000, ""k"": 8, ""method"": ""complete""}",True,4999,0.3866131285097803,0.0014632232257435,28579.564722009567,1.1946575392346617,0.6016769166751483,0.1559806331000667,0.506221045365336,0.2514390566494663,0.9039061127939156,0.0,8,,,0.6855593828431552,0.0619517400376934
hierarchical__fit_sample_size=5000_k=9_method=complete__space=standard,hierarchical,standard,"{""fit_sample_size"": 5000, ""k"": 9, ""method"": ""complete""}",True,4999,0.3903709760022578,0.0013425361731814,28797.634806252056,1.156693426115381,0.664812054553111,0.1593069638438298,0.516690970843581,0.2364244332259086,0.9091733500848236,0.0,9,,,0.6855593828431552,0.0122523047407793
hierarchical__fit_sample_size=5000_k=10_method=complete__space=standard,hierarchical,standard,"{""fit_sample_size"": 5000, ""k"": 10, ""method"": ""complete""}",True,4999,0.3918847127354097,0.0015442655326528,26471.731622128835,1.1393479115372005,0.708756307642943,0.1610641589492107,0.5204000982387451,0.2356327192116391,0.8862178717337451,0.0,10,,,0.6855593828431552,0.025956201430369
hierarchical__fit_sample_size=5000_k=12_method=complete__space=standard,hierarchical,standard,"{""fit_sample_size"": 5000, ""k"": 12, ""method"": ""complete""}",True,4999,0.3882563193420708,0.0012948165806233,25039.188238071056,1.2393120960761903,0.7143309199607787,0.1667653272902375,0.5323561143739732,0.2322795775041448,0.8917430380962974,0.0,12,,,0.6855593828431552,0.0068538782496181
hierarchical__fit_sample_size=5000_k=14_method=complete__space=standard,hierarchical,standard,"{""fit_sample_size"": 5000, ""k"": 14, ""method"": ""complete""}",True,4999,0.3962607917009035,0.0014843243411375,23184.420758697648,1.2169467078163403,0.6957828231924496,0.1721280601836321,0.5337170321703049,0.2319535776159162,0.859579637128177,0.0,14,,,0.6855593828431552,0.0451605959968048
hierarchical__fit_sample_size=5000_k=16_method=complete__space=standard,hierarchical,standard,"{""fit_sample_size"": 5000, ""k"": 16, ""method"": ""complete""}",True,4999,0.3964353157740136,0.0020707078202054,21191.45688746253,1.1695476905107056,0.6844532689106494,0.1783484072827998,0.5393507800196262,0.2319535776159162,0.8349024025898554,0.0,16,,,0.6855593828431552,0.0501664753819145
hierarchical__fit_sample_size=5000_k=18_method=complete__space=standard,hierarchical,standard,"{""fit_sample_size"": 5000, ""k"": 18, ""method"": ""complete""}",True,4999,0.412271735405216,0.0021746342841651,21284.16416512835,1.1806379881433366,0.6337281873356664,0.1957553090082516,0.5511084263700683,0.2311804921666884,0.843211738719629,0.0,18,,,0.6855593828431552,0.0163908738840265
hierarchical__fit_sample_size=5000_k=20_method=complete__space=standard,hierarchical,standard,"{""fit_sample_size"": 5000, ""k"": 20, ""method"": ""complete""}",True,4999,0.4209959392915142,0.0026359381999762,21291.88671223968,1.1691669485103853,0.6497885968554292,0.2018566666746336,0.5554104647692253,0.2155604403792775,0.8487285961200596,0.0,20,,,0.6855593828431552,0.0009020447843147
gmm__covariance_type=full_k=2__space=raw,gmm,raw,"{""covariance_type"": ""full"", ""k"": 2}",True,107362,0.2125544416229623,0.0018228737184922,28124.044545041088,1.7253640784749034,0.9823861920966632,0.1387916643280124,0.2904417734206649,0.5994206516272051,0.9712884828715384,0.0,2,2033252.6082593224,2032399.635678619,,
gmm__covariance_type=full_k=3__space=raw,gmm,raw,"{""covariance_type"": ""full"", ""k"": 3}",True,107362,0.2156759419412336,0.0015842034934821,22251.812537694077,1.738262460217577,0.4522353038020831,0.1693386131883155,0.4098302264393942,0.4682382966040126,0.9011604691520496,0.0,3,1760253.8727621154,1758969.621910269,,
gmm__covariance_type=full_k=4__space=raw,gmm,raw,"{""covariance_type"": ""full"", ""k"": 4}",True,107362,0.2529844397070165,0.0017842398749847,23487.360837247503,1.6633215378527326,0.5675616779655062,0.291711809509515,0.3583590852330394,0.4222164266686537,0.918218041357376,0.0,4,1202222.5411497576,1200507.0120267686,,
gmm__covariance_type=full_k=5__space=raw,gmm,raw,"{""covariance_type"": ""full"", ""k"": 5}",True,107362,0.2142076730995971,0.0014576408235766,19290.414888865824,1.989260106789105,0.5641603265313647,0.2099093822107899,0.4856421985207057,0.2847841880739926,0.964884325977746,0.0,5,831958.2536277998,829811.4462336684,,
gmm__covariance_type=full_k=6__space=raw,gmm,raw,"{""covariance_type"": ""full"", ""k"": 6}",True,107362,0.2975877643138777,0.0022780312072105,20867.46602517512,1.869008381858512,0.8275628625766327,0.3431742286333277,0.4872268363245436,0.2545965984240234,0.9767505225927468,0.0,6,158296.65774758416,155718.57208231022,,
gmm__covariance_type=full_k=7__space=raw,gmm,raw,"{""covariance_type"": ""full"", ""k"": 7}",True,107362,0.3170124449466529,0.002562439741791,20426.40487273345,1.7852204244987606,0.7802658091167153,0.3767203545813446,0.4963929381650428,0.2310128350813136,0.9628794917915146,0.0,7,27142.228358686592,24132.864422270155,,
gmm__covariance_type=full_k=8__space=raw,gmm,raw,"{""covariance_type"": ""full"", ""k"": 8}",True,107362,0.3243140537626272,0.002707182809267,21449.68110043513,1.546580255171579,0.7700328736491374,0.4179778114205377,0.5098535888901237,0.195590618654645,0.9748703811877988,0.0,8,-436312.34006795584,-439752.9822755148,,
gmm__covariance_type=full_k=9__space=raw,gmm,raw,"{""covariance_type"": ""full"", ""k"": 9}",True,107362,0.3519120024743351,0.0033437733077661,19714.155224773025,1.6622902643955595,0.8103985122909182,0.4188963352330432,0.5238513794663168,0.1842271939792477,0.9605284122160592,0.0,9,-550514.4529234837,-554386.373402185,,
gmm__covariance_type=full_k=10__space=raw,gmm,raw,"{""covariance_type"": ""full"", ""k"": 10}",True,107362,0.3664406918213915,0.0027314016221531,21271.74688789631,1.4842361302983662,0.7440127787268386,0.4313127740722025,0.530364890293322,0.1726774836534342,0.9626624133490402,0.0,10,-718043.6284699609,-722346.8272198047,,
gmm__covariance_type=full_k=12__space=raw,gmm,raw,"{""covariance_type"": ""full"", ""k"": 12}",True,107362,0.3824930633512833,0.0032047726423284,19252.806255488376,1.432779701823243,0.7336160503743558,0.5038406272300889,0.5474162599913648,0.1686071421918369,0.941673806055072,0.0,12,-1231266.8980349512,-1236432.65332708,,
gmm__covariance_type=full_k=14__space=raw,gmm,raw,"{""covariance_type"": ""full"", ""k"": 14}",True,107362,0.4058256950243736,0.0039882448883149,20598.035650761663,1.440523799771503,0.7499954480445307,0.5008241045893012,0.5483517355313983,0.1686071421918369,0.9497562906725416,0.0,14,-1412733.889911582,-1418762.2017459958,,
gmm__covariance_type=full_k=16__space=raw,gmm,raw,"{""covariance_type"": ""full"", ""k"": 16}",True,107362,0.4242360995886635,0.0033936659245737,20014.909086219148,1.2452823270073852,0.7127008257993617,0.523755688908171,0.5667931630867927,0.1686071421918369,0.9307960826101912,0.0,16,-1907948.101995881,-1914838.97037258,,
gmm__covariance_type=full_k=18__space=raw,gmm,raw,"{""covariance_type"": ""full"", ""k"": 18}",True,107362,0.4323520591863142,0.0034458271355969,18743.39799425454,1.235220971103944,0.7478497154293512,0.5357919221580503,0.5642996344714266,0.1686071421918369,0.9277828359024112,0.0,18,-2181973.11300843,-2189726.537927414,,
gmm__covariance_type=full_k=20__space=raw,gmm,raw,"{""covariance_type"": ""full"", ""k"": 20}",True,107362,0.4642154180171965,0.0036919000980174,20598.81828946695,1.440134619342778,0.7076661464665165,0.5729173140805763,0.5787453032062748,0.1686071421918369,0.9343615741664784,0.0,20,-2453122.8406831054,-2461738.8221443743,,
gmm__covariance_type=diag_k=2__space=raw,gmm,raw,"{""covariance_type"": ""diag"", ""k"": 2}",True,107362,0.244025639843021,0.0017175281457118,33787.135245388614,1.583333586010126,0.8766254900674677,0.0957124062276274,0.2536883529381246,0.5925653396918835,0.9751337947781644,0.0,2,2711987.522843952,2711671.25211178,,
gmm__covariance_type=diag_k=3__space=raw,gmm,raw,"{""covariance_type"": ""diag"", ""k"": 3}",True,107362,0.2227779075850943,0.0020309164061975,28495.66528689508,1.6283872428231436,0.792800545706994,0.1084828143644916,0.3009838682372597,0.5254652484119148,0.9087480678822925,0.0,3,2579683.4981741463,2579204.300095099,,
gmm__covariance_type=diag_k=4__space=raw,gmm,raw,"{""covariance_type"": ""diag"", ""k"": 4}",True,107362,0.2277983527901806,0.002514815334902,23771.274251322964,1.2672683582886175,0.8208142295127973,0.3373748746528154,0.2900045658193246,0.5540135243382203,0.8458701948914049,0.0,4,1961689.1737703125,1961047.0483443893,,
gmm__covariance_type=diag_k=5__space=raw,gmm,raw,"{""covariance_type"": ""diag"", ""k"": 5}",True,107362,0.3009931197679646,0.0025299045806256,28860.464780989823,1.2867285355207696,0.9210477810168396,0.3548694706965426,0.4346067657051911,0.3707457014586166,0.9452999721129842,0.0,5,1872523.592635507,1871718.539862708,,
gmm__covariance_type=diag_k=6__space=raw,gmm,raw,"{""covariance_type"": ""diag"", ""k"": 6}",True,107362,0.3455273289039813,0.0024593724647955,30359.13622952678,1.2247943929015654,0.8624658008610133,0.3555794411313607,0.4742988855861134,0.2858646448464075,0.9636249384237536,0.0,6,1782844.8580140732,1781876.8778943978,,
gmm__covariance_type=diag_k=7__space=raw,gmm,raw,"{""covariance_type"": ""diag"", ""k"": 7}",True,107362,0.3358752452983291,0.0032823105081248,25527.85757749844,1.1303401673181763,0.696096522984513,0.3785738791953453,0.4712518842019671,0.3125780071161118,0.8986021225934974,0.0,7,1499871.5677524563,1498740.660285905,,
gmm__covariance_type=diag_k=8__space=raw,gmm,raw,"{""covariance_type"": ""diag"", ""k"": 8}",True,107362,0.3488846801648135,0.0020277432290202,26824.22460055743,1.359445386776857,0.6340216244106504,0.3768640057918133,0.4920228519343944,0.2440900877405413,0.9332449081140262,0.0,8,1454489.713536389,1453195.8787229615,,
gmm__covariance_type=diag_k=9__space=raw,gmm,raw,"{""covariance_type"": ""diag"", ""k"": 9}",True,107362,0.3710676320140838,0.003056527894777,27395.973058864736,1.2788411110322389,0.6259476698594159,0.386438945465912,0.5073152231253586,0.2347851195022447,0.9254530594012628,0.0,9,1416018.0229925967,1414561.2608322932,,
gmm__covariance_type=diag_k=10__space=raw,gmm,raw,"{""covariance_type"": ""diag"", ""k"": 10}",True,107362,0.3618542721342087,0.0025946179921498,26465.99119301389,1.349700643581286,0.737357217851827,0.3865022830321341,0.5250828889426677,0.1620685158622231,0.96687288463862,0.0,10,1345144.5695575513,1343524.8800503716,,
gmm__covariance_type=diag_k=12__space=raw,gmm,raw,"{""covariance_type"": ""diag"", ""k"": 12}",True,107362,0.3792394430426481,0.002703477998585,24334.77241070266,1.295376346149957,0.7060738529613025,0.444008513750088,0.5373236765446652,0.1791322814403606,0.9274636172185582,0.0,12,1168925.2935367431,1166979.7493358117,,
gmm__covariance_type=diag_k=14__space=raw,gmm,raw,"{""covariance_type"": ""diag"", ""k"": 14}",True,107362,0.3944999740065243,0.0033844966954652,22565.76476030708,1.304752946565669,0.6833860735420775,0.4722897122275395,0.5492654966235629,0.1620685158622231,0.9363075566379144,0.0,14,1042822.3433047916,1040550.9444101078,,
gmm__covariance_type=diag_k=16__space=raw,gmm,raw,"{""covariance_type"": ""diag"", ""k"": 16}",True,107362,0.3875621749198078,0.0038027668679638,19217.11737365053,1.2622478525948164,0.7147946554709227,0.5433952458331057,0.5727257210798736,0.186714107412306,0.9034640611599744,0.0,16,-14437.472178524516,-17034.725766960357,,
gmm__covariance_type=diag_k=18__space=raw,gmm,raw,"{""covariance_type"": ""diag"", ""k"": 18}",True,107362,0.4261650746497578,0.0037668010654201,20443.885073928566,1.3279137244793182,0.7115768079799315,0.5565739661331743,0.5609933686843708,0.1620685158622231,0.9129111507235284,0.0,18,779032.9683422912,776109.8600601032,,
gmm__covariance_type=diag_k=20__space=raw,gmm,raw,"{""covariance_type"": ""diag"", ""k"": 20}",True,107362,0.4286709794039294,0.0040501716853814,21595.69943941033,1.2926973183550516,0.6473764590961123,0.5597631514165538,0.5799986953350402,0.1189433877908384,0.9334645941684212,0.0,20,-218127.98847494152,-221376.95145088155,,
gmm__covariance_type=full_k=2__space=standard,gmm,standard,"{""covariance_type"": ""full"", ""k"": 2}",True,107362,0.1800540140503577,0.0016824548222765,20989.33771049472,1.9915960723670665,0.9823861920966632,0.1387916643280124,0.2904417734206649,0.5994206516272051,0.9712884828715384,0.0,2,1484001.590217147,1483148.617636443,,
gmm__covariance_type=full_k=3__space=standard,gmm,standard,"{""covariance_type"": ""full"", ""k"": 3}",True,107362,0.1957422613335315,0.0011913964820313,18807.275487813356,2.182595327316444,0.8437381893469573,0.2270277844197339,0.3633379760899211,0.4374452785901902,0.9786741514946178,0.0,3,893049.208544176,891764.9576923294,,
gmm__covariance_type=full_k=4__space=standard,gmm,standard,"{""covariance_type"": ""full"", ""k"": 4}",True,107362,0.1626300941087433,0.0010124232812732,13246.57130780969,2.500684355817379,0.602717715200271,0.1852200611730463,0.4191960076557256,0.3844376967642182,0.9127998071111132,0.0,4,729611.381862052,727895.852739063,,
gmm__covariance_type=full_k=5__space=standard,gmm,standard,"{""covariance_type"": ""full"", ""k"": 5}",True,107362,0.2491810914203309,0.0018444799457086,16899.355617377874,1.7888629077250329,0.5863427685976466,0.3459054077114402,0.4372577556584592,0.3769024422048769,0.9215304737680547,0.0,5,221948.9871607432,219802.17976661172,,
gmm__covariance_type=full_k=6__space=standard,gmm,standard,"{""covariance_type"": ""full"", ""k"": 6}",True,107362,0.3030469481717053,0.0022580736730307,18964.14805472944,1.6457489984187372,0.6711148329736168,0.3068063237622712,0.482689782518467,0.2574374545928727,0.9681124356348508,0.0,6,-191384.81145591463,-193962.89712118855,,
gmm__covariance_type=full_k=7__space=standard,gmm,standard,"{""covariance_type"": ""full"", ""k"": 7}",True,107362,0.2710162625189906,0.0034074252475384,16691.155825310805,1.960380329859325,0.7026153463550854,0.3579908475043696,0.529929249376679,0.2171345541252957,0.9664434957217596,0.0,7,-719648.9247436792,-722658.2886800957,,
gmm__covariance_type=full_k=8__space=standard,gmm,standard,"{""covariance_type"": ""full"", ""k"": 8}",True,107362,0.3025301562378858,0.0022277741873288,17095.002211194926,1.7303065529373405,0.6484270974703179,0.3723341831654065,0.517088834033556,0.2289264357966506,0.9625825972348142,0.0,8,-1037620.7840259136,-1041061.4262334724,,
gmm__covariance_type=full_k=9__space=standard,gmm,standard,"{""covariance_type"": ""full"", ""k"": 9}",True,107362,0.3626787126415086,0.0032741122160287,18123.412262584072,1.697795411613979,0.8235254791973579,0.4569593551690482,0.5268627316128103,0.1789646243549859,0.9676765499733888,0.0,9,-1195973.972480439,-1199845.8929591407,,
gmm__covariance_type=full_k=10__space=standard,gmm,standard,"{""covariance_type"": ""full"", ""k"": 10}",True,107362,0.3205838562334292,0.0024199203923009,14957.694731529224,1.8627592580871155,0.7557917282016987,0.468111625876603,0.5349995733607101,0.18630427898139,0.9578873472997108,0.0,10,-1444805.3651110115,-1449108.5638608555,,
gmm__covariance_type=full_k=12__space=standard,gmm,standard,"{""covariance_type"": ""full"", ""k"": 12}",True,107362,0.3854120910312244,0.0030542014537708,17856.631510734074,1.464965033960847,0.7286746501839229,0.4947270502727349,0.5475781425864799,0.1686071421918369,0.9491910426057868,0.0,12,-1723118.324164125,-1728284.0794562537,,
gmm__covariance_type=full_k=14__space=standard,gmm,standard,"{""covariance_type"": ""full"", ""k"": 14}",True,107362,0.379230324232397,0.0024295214692471,17088.51428839497,1.428977814291721,0.7441314704859678,0.4293927802032357,0.5654420172840701,0.1686071421918369,0.9401084497886398,0.0,14,-2002253.8403793515,-2008282.152213765,,
gmm__covariance_type=full_k=16__space=standard,gmm,standard,"{""covariance_type"": ""full"", ""k"": 16}",True,107362,0.4147918293646859,0.0033392663709103,17272.193535336428,1.323411985657216,0.7895269600318087,0.5263962541572581,0.5644174902527126,0.1686071421918369,0.9348002098518085,0.0,16,-2366015.045672978,-2372905.9140496766,,
gmm__covariance_type=full_k=18__space=standard,gmm,standard,"{""covariance_type"": ""full"", ""k"": 18}",True,107362,0.4333083953340463,0.0018533357788136,21237.865683087985,1.367594070287315,0.7886976203654692,0.5640363226504449,0.5662733395075343,0.1686071421918369,0.9486677006407908,0.0,18,-2585689.2418534164,-2593442.6667724,,
gmm__covariance_type=full_k=20__space=standard,gmm,standard,"{""covariance_type"": ""full"", ""k"": 20}",True,107362,0.4549627834524058,0.0024952928379566,20419.312033905528,1.4310965421026027,0.778312464845313,0.5081799477177872,0.5773861889987199,0.1686071421918369,0.935670181684944,0.0,20,-2692478.26982141,-2701094.251282679,,
gmm__covariance_type=diag_k=2__space=standard,gmm,standard,"{""covariance_type"": ""diag"", ""k"": 2}",True,107362,0.2090670294783108,0.0015528697938872,25248.584381567496,1.8226390755137487,0.4800651638092716,0.0957124062276274,0.2536883529381246,0.5925653396918835,0.9751337947781644,0.0,2,2162765.068289928,2162448.797557757,,
gmm__covariance_type=diag_k=3__space=standard,gmm,standard,"{""covariance_type"": ""diag"", ""k"": 3}",True,107362,0.1954814992722618,0.0019796183881303,24020.67680468565,1.4625052464177355,0.787095208592528,0.2320184309485417,0.3530606917985162,0.5839123712300441,0.8712476220698759,0.0,3,1719506.478579934,1719027.2805008867,,
gmm__covariance_type=diag_k=4__space=standard,gmm,standard,"{""covariance_type"": ""diag"", ""k"": 4}",True,107362,0.2453133235510323,0.0020119427906671,27021.51599167686,1.4282862500055775,0.6529723233505039,0.2532354481666278,0.4555101365154342,0.3147668635085039,0.9812550183363984,0.0,4,1591019.2323501385,1590377.106924215,,
gmm__covariance_type=diag_k=5__space=standard,gmm,standard,"{""covariance_type"": ""diag"", ""k"": 5}",True,107362,0.2837464078389545,0.0026018481298314,24658.7683606271,1.344277018983254,0.9210477810168396,0.3548694706965426,0.4346067657051911,0.3707457014586166,0.9452999721129844,0.0,5,1323280.3201832965,1322475.2674104972,,
gmm__covariance_type=diag_k=6__space=standard,gmm,standard,"{""covariance_type"": ""diag"", ""k"": 6}",True,107362,0.3114540130122534,0.0019602020913166,24831.34581614632,1.382996094364384,0.9074524144710114,0.3544778722555926,0.4741302763728812,0.2804064752892085,0.9750831756436662,0.0,6,1237145.9200316295,1236177.9399119543,,
gmm__covariance_type=diag_k=7__space=standard,gmm,standard,"{""covariance_type"": ""diag"", ""k"": 7}",True,107362,0.3211744910810042,0.0027377465923681,24361.90950139697,1.2426942137104908,0.6392323152438388,0.3739953150872549,0.46329703948752,0.3102587507684283,0.909536949602642,0.0,7,982926.371597539,981795.4641309876,,
gmm__covariance_type=diag_k=8__space=standard,gmm,standard,"{""covariance_type"": ""diag"", ""k"": 8}",True,107362,0.3513198817407111,0.0028499156210044,22847.56952763449,1.427974203205122,0.7989358730586167,0.3770975425623965,0.5159979139514704,0.1865185074793688,0.9439822442855804,0.0,8,924354.4482187916,923060.613405364,,
gmm__covariance_type=diag_k=9__space=standard,gmm,standard,"{""covariance_type"": ""diag"", ""k"": 9}",True,107362,0.3696161634863656,0.0025199885372492,23326.14778789554,1.5170724531011204,0.5941713617334027,0.3900179033678265,0.5186481495555436,0.1790484528976733,0.9473145237075185,0.0,9,839630.3062450304,838173.5440847268,,
gmm__covariance_type=diag_k=10__space=standard,gmm,standard,"{""covariance_type"": ""diag"", ""k"": 10}",True,107362,0.3431810512360363,0.002329854131039,17917.235683386356,1.5117475223869945,0.6599994829359207,0.4192430600819163,0.5262668222015232,0.1879063355749706,0.9329243935197012,0.0,10,787494.1538898885,785874.464382709,,
gmm__covariance_type=diag_k=12__space=standard,gmm,standard,"{""covariance_type"": ""diag"", ""k"": 12}",True,107362,0.4069213303979335,0.0022987475091212,25300.049271784574,1.162914248941702,0.6695415505959129,0.443424189548148,0.5331381196945859,0.1728171978912464,0.9223214022290918,0.0,12,683323.2277324023,681377.6835314706,,
gmm__covariance_type=diag_k=14__space=standard,gmm,standard,"{""covariance_type"": ""diag"", ""k"": 14}",True,107362,0.3792033077723423,0.0031329397517435,19004.65375131505,1.3210940974868524,0.6892130294038473,0.4934236646196255,0.5571079178754488,0.1639313723663866,0.9107681924494933,0.0,14,472435.1547761224,470163.7558814387,,
gmm__covariance_type=diag_k=16__space=standard,gmm,standard,"{""covariance_type"": ""diag"", ""k"": 16}",True,107362,0.4026010581329774,0.0036490852965811,20399.363668486887,1.23857724537943,0.6352733746832021,0.5345623155055226,0.5698828708598433,0.1674335425942139,0.9146193154836364,0.0,16,371463.97004764207,368866.7164592063,,
gmm__covariance_type=diag_k=18__space=standard,gmm,standard,"{""covariance_type"": ""diag"", ""k"": 18}",True,107362,0.3977541923370566,0.0022209373763219,17700.32522219698,1.2855102206738065,0.7165313961899376,0.5414410713399394,0.5695752142273547,0.1672938283564017,0.9216336444200935,0.0,18,-622287.6548521854,-625210.7631343734,,
gmm__covariance_type=diag_k=20__space=standard,gmm,standard,"{""covariance_type"": ""diag"", ""k"": 20}",True,107362,0.4361239692070212,0.0016206703230014,17960.61928834494,1.2987588376321229,0.6602668646588371,0.5967964973516917,0.5690931506214055,0.1620685158622231,0.9057171552066062,0.0,20,44705.48737754293,41456.52440160289,,
gmm__covariance_type=full_k=2__space=l2,gmm,l2,"{""covariance_type"": ""full"", ""k"": 2}",True,107362,0.209217805250298,0.0019378065582959,25219.27105172038,1.807715446646067,0.9620973765195484,0.1372079514228037,0.2847903415715344,0.5998491086231628,0.971038791822209,0.0,2,-473427.6316410398,-474280.6042217438,,
gmm__covariance_type=full_k=3__space=l2,gmm,l2,"{""covariance_type"": ""full"", ""k"": 3}",True,107362,0.2141496125381025,0.0023572450490949,23160.121138771923,2.074588992524583,0.6252890824666839,0.1654616614726472,0.4313688596759959,0.3745552430096309,0.9961607631242372,0.0,3,-1050815.322332323,-1052099.5731841696,,
gmm__covariance_type=full_k=4__space=l2,gmm,l2,"{""covariance_type"": ""full"", ""k"": 4}",True,107362,0.261267885381413,0.0023923916418094,21795.412523784024,1.618862826085199,0.6465541437366543,0.2751447918075219,0.4173277148159359,0.4384698496674801,0.9257662667210896,0.0,4,-1423158.7220055433,-1424874.2511285322,,
gmm__covariance_type=full_k=5__space=l2,gmm,l2,"{""covariance_type"": ""full"", ""k"": 5}",True,107362,0.3038793550350173,0.0023779772417722,23738.11460866704,1.6281078412932122,0.8354640012924328,0.3128900999238679,0.4414743284244766,0.3162292058642723,0.94689859254556,0.0,5,-1466743.5465583564,-1468890.353952488,,
gmm__covariance_type=full_k=6__space=l2,gmm,l2,"{""covariance_type"": ""full"", ""k"": 6}",True,107362,0.2975167664989474,0.0019690697578586,23032.839457548813,1.611883466803332,0.9346705229127752,0.349199014122445,0.4724564925664194,0.2947877275013505,0.9609656232700882,0.0,6,-1898208.44732606,-1900786.532991334,,
gmm__covariance_type=full_k=7__space=l2,gmm,l2,"{""covariance_type"": ""full"", ""k"": 7}",True,107362,0.3437450488185837,0.0026112829179025,21314.07465277532,1.6713039575562465,0.7948109538820424,0.3743755985511019,0.4809782333378465,0.2314971777723962,0.9574891895979708,0.0,7,-2268587.390486254,-2271596.75442267,,
gmm__covariance_type=full_k=8__space=l2,gmm,l2,"{""covariance_type"": ""full"", ""k"": 8}",True,107362,0.3558341121133049,0.0031468338465559,22970.352196267257,1.5399385637870762,0.7814006468976428,0.394733054080381,0.4937625748826079,0.2170414113000875,0.9586362306457378,0.0,8,-2437982.429723854,-2441423.0719314134,,
gmm__covariance_type=full_k=9__space=l2,gmm,l2,"{""covariance_type"": ""full"", ""k"": 9}",True,107362,0.354401677419337,0.0034414998344392,21096.619789085475,1.6109687024184376,0.7141347064003765,0.4054294020299281,0.536103046438787,0.2170414113000875,0.9460763132660864,0.0,9,-2686243.814679617,-2690115.7351583187,,
gmm__covariance_type=full_k=10__space=l2,gmm,l2,"{""covariance_type"": ""full"", ""k"": 10}",True,107362,0.367114567918917,0.0033034090578516,22756.89894120556,1.3714436887815744,0.6383934596184434,0.4163039471890333,0.5387241921629857,0.1726774836534342,0.963248455175133,0.0,10,-2842566.086353479,-2846869.285103323,,
gmm__covariance_type=full_k=12__space=l2,gmm,l2,"{""covariance_type"": ""full"", ""k"": 12}",True,107362,0.3915736091911727,0.002549881166365,21889.93341919915,1.3599688938284622,0.8439386482928425,0.4453819173367157,0.5317560851899419,0.1726774836534342,0.9492847572300792,0.0,12,-3235538.6177777825,-3240704.3730699117,,
gmm__covariance_type=full_k=14__space=l2,gmm,l2,"{""covariance_type"": ""full"", ""k"": 14}",True,107362,0.4124598413127197,0.0025396940053013,21724.47631542289,1.4654697525554428,0.747541887000131,0.5116242336172321,0.5361086164719655,0.1726774836534342,0.949479026557472,0.0,14,-3507203.1653362853,-3513231.4771706997,,
gmm__covariance_type=full_k=16__space=l2,gmm,l2,"{""covariance_type"": ""full"", ""k"": 16}",True,107362,0.4272012788045233,0.0019015745380326,22829.07747502153,1.3524148159253768,0.7790366859666986,0.5202705140492472,0.5510215744279817,0.1726774836534342,0.9469599753392836,0.0,16,-3818851.232506568,-3825742.1008832655,,
gmm__covariance_type=full_k=18__space=l2,gmm,l2,"{""covariance_type"": ""full"", ""k"": 18}",True,107362,0.4698806706108781,0.0028723516869237,23434.4178627355,1.389832264537861,0.8065337670838483,0.5783875187370493,0.5615416112777188,0.1686071421918369,0.9298820239419786,0.0,18,-3876976.385277413,-3884729.810196396,,
gmm__covariance_type=full_k=20__space=l2,gmm,l2,"{""covariance_type"": ""full"", ""k"": 20}",True,107362,0.4868714077426889,0.0035158727832564,24518.489519045022,1.4024455390162691,0.7869939410523078,0.5443493968980853,0.5725555052782147,0.1726774836534342,0.9488785135689152,0.0,20,-4173284.868307015,-4181900.849768284,,
gmm__covariance_type=diag_k=2__space=l2,gmm,l2,"{""covariance_type"": ""diag"", ""k"": 2}",True,107362,0.2454171614870328,0.0014857615132434,30994.31227613328,1.6632575366714812,0.8422296110833467,0.0959004012927353,0.2676881035617805,0.5775320877032842,0.9825850861136092,0.0,2,149288.84457620495,148972.5738440338,,
gmm__covariance_type=diag_k=3__space=l2,gmm,l2,"{""covariance_type"": ""diag"", ""k"": 3}",True,107362,0.1444021351741371,0.0028904458835904,13845.325252203736,1.219580544678312,1.0,0.3133885857365934,0.1426869570783474,0.7205715243754773,0.7122673656796952,0.0,3,-445336.3801446572,-445815.5782237044,,
gmm__covariance_type=diag_k=4__space=l2,gmm,l2,"{""covariance_type"": ""diag"", ""k"": 4}",True,107362,0.2022955057304524,0.0028741719689833,19607.58763273346,1.3106083141159028,0.824433608657173,0.337234527697537,0.2718202197698669,0.5720925467111269,0.8288644666966775,0.0,4,-582788.1107470696,-583430.2361729929,,
gmm__covariance_type=diag_k=5__space=l2,gmm,l2,"{""covariance_type"": ""diag"", ""k"": 5}",True,107362,0.2820202837716262,0.0028524645187037,25745.151208389387,1.3498238834497016,0.7746118527964833,0.3583730232514521,0.4298567099905955,0.3838043255528027,0.9396202107797036,0.0,5,-670689.8394290467,-671494.892201846,,
gmm__covariance_type=diag_k=6__space=l2,gmm,l2,"{""covariance_type"": ""diag"", ""k"": 6}",True,107362,0.3317989257933335,0.0028536255014058,31076.90934285548,1.543530127259095,0.9912438640106952,0.3564994426623629,0.4836187956679065,0.1942307334066056,0.9926009758114858,0.0,6,-769792.1701497096,-770760.150269385,,
gmm__covariance_type=diag_k=7__space=l2,gmm,l2,"{""covariance_type"": ""diag"", ""k"": 7}",True,107362,0.3046401539326041,0.0032477351175297,26850.41582521375,1.441850900972489,0.7157021912861513,0.3766139869912965,0.4911203084946338,0.1942586762541681,0.9477653064810672,0.0,7,-993295.2411466294,-994426.1486131808,,
gmm__covariance_type=diag_k=8__space=l2,gmm,l2,"{""covariance_type"": ""diag"", ""k"": 8}",True,107362,0.3129708488803518,0.0032410757363168,26291.67157309312,1.3967916067645274,0.7768188881950199,0.399987671745554,0.4840942943044994,0.2637152810119036,0.933219945231348,0.0,8,-1038785.915351182,-1040079.7501646096,,
gmm__covariance_type=diag_k=9__space=l2,gmm,l2,"{""covariance_type"": ""diag"", ""k"": 9}",True,107362,0.339726241632763,0.0032535087858374,23669.67300056141,1.314625236371882,0.749160587549309,0.4135881986158487,0.5116415556835108,0.2113503846798681,0.943518818393481,0.0,9,-990237.724765096,-991694.4869253994,,
gmm__covariance_type=diag_k=10__space=l2,gmm,l2,"{""covariance_type"": ""diag"", ""k"": 10}",True,107362,0.3468737931009045,0.0037532700563751,25734.934375987115,1.4144818520748357,0.7212841970854941,0.4103270535844374,0.5247342384651881,0.1777630819098004,0.9447988151508514,0.0,10,-1163944.4153345742,-1165564.1048417538,,
gmm__covariance_type=diag_k=12__space=l2,gmm,l2,"{""covariance_type"": ""diag"", ""k"": 12}",True,107362,0.3783375514076325,0.0028752968024713,22013.273475035658,1.4580777749385037,0.6270713530859806,0.4427550656882012,0.5349808931397717,0.1620685158622231,0.9385104304257854,0.0,12,-1285248.1395984525,-1287193.683799384,,
gmm__covariance_type=diag_k=14__space=l2,gmm,l2,"{""covariance_type"": ""diag"", ""k"": 14}",True,107362,0.3930544058031499,0.003096205151605,20316.28507836885,1.2941175894528862,0.7311717968180963,0.5149549929893271,0.5380153831849406,0.183500679942624,0.908114072275652,0.0,14,-1542818.4456444348,-1545089.8445391185,,
gmm__covariance_type=diag_k=16__space=l2,gmm,l2,"{""covariance_type"": ""diag"", ""k"": 16}",True,107362,0.4042421447624482,0.0032478125550901,18143.624844904592,1.3169732694007892,0.7391832298716015,0.562906165016505,0.5491345013252557,0.1896760492539259,0.92004989118785,0.0,16,-1640764.710595779,-1643361.9641842148,,
gmm__covariance_type=diag_k=18__space=l2,gmm,l2,"{""covariance_type"": ""diag"", ""k"": 18}",True,107362,0.4265601491699842,0.0023153917094442,17014.577173947153,1.317996863693092,0.7043187217521595,0.5677053184979837,0.5434955085160311,0.1663437715392783,0.8890912765138724,0.0,18,-1771729.1425494028,-1774652.2508315907,,
gmm__covariance_type=diag_k=20__space=l2,gmm,l2,"{""covariance_type"": ""diag"", ""k"": 20}",True,107362,0.4281281106698665,0.0035763597577444,15611.555707655876,1.227413411736303,0.6707638128469041,0.6116412634774941,0.5560345916866957,0.2055196438218364,0.8903994591275058,0.0,20,-1923290.8198973904,-1926539.7828733304,,
hdbscan__min_cluster_size=250_min_samples=None__space=raw,hdbscan,raw,"{""min_cluster_size"": 250, ""min_samples"": null}",True,107362,0.9123257674691476,0.0011609584601649518,149130.53745561044,0.34242332548591115,0.8967477157632985,0.9506198526066222,0.6010911269312166,0.1317616295358562,0.8915784973421923,0.10237327918630428,116,,,,
hdbscan__min_cluster_size=250_min_samples=25__space=raw,hdbscan,raw,"{""min_cluster_size"": 250, ""min_samples"": 25}",True,107362,0.8546375555723108,0.0015369522699468638,48369.289211434225,0.550590840585452,0.9001354315970364,0.9373343106671642,0.5941102584424234,0.12620760943028664,0.8981674941651023,0.06287140701551759,119,,,,
hdbscan__min_cluster_size=500_min_samples=None__space=raw,hdbscan,raw,"{""min_cluster_size"": 500, ""min_samples"": null}",True,107362,0.8988542435058603,0.0022832546619754174,259445.85962813115,0.2793746214915911,0.8962658404812246,0.9355953184231014,0.6120544454002765,0.1508936210666413,0.9085934316315527,0.21618449730817235,62,,,,
hdbscan__min_cluster_size=500_min_samples=25__space=raw,hdbscan,raw,"{""min_cluster_size"": 500, ""min_samples"": 25}",True,107362,0.7946217446814308,0.001736974823365042,48985.722741304795,0.5812382885371224,0.8787471985821395,0.9138405142373336,0.6187987018437621,0.13199446991195518,0.9178088927623822,0.10395670721484324,74,,,,
hdbscan__min_cluster_size=1000_min_samples=None__space=raw,hdbscan,raw,"{""min_cluster_size"": 1000, ""min_samples"": null}",True,107362,0.8090064191710791,0.0012134268543959486,104174.74668476869,0.42120901827553514,0.9035331866045814,0.8771797965759983,0.6335680797741422,0.15884015911535865,0.9353933527937172,0.2553976267208137,31,,,,
hdbscan__min_cluster_size=1000_min_samples=25__space=raw,hdbscan,raw,"{""min_cluster_size"": 1000, ""min_samples"": 25}",True,107362,0.6308760683795706,0.0033017059423781333,25997.556446728544,0.7537281490202383,0.9267919568849828,0.8228083761930725,0.6451056504636736,0.129987920479905,0.9431609690114237,0.09012499767142937,38,,,,
hdbscan__min_cluster_size=2500_min_samples=None__space=raw,hdbscan,raw,"{""min_cluster_size"": 2500, ""min_samples"": null}",True,107362,0.7374098742647007,0.0008672407650221715,96546.32383459886,0.4858719305592476,1.0,0.7603716079181128,0.4552302643730806,0.2059424567777093,0.945016149948251,0.4256999683314394,11,,,,
hdbscan__min_cluster_size=2500_min_samples=25__space=raw,hdbscan,raw,"{""min_cluster_size"": 2500, ""min_samples"": 25}",True,107362,0.5494484052992231,0.0022513071442473607,23113.34382789493,0.9611224959929605,0.8085879555478677,0.715662740750474,0.5918853183919344,0.1447956577266922,0.973673595615675,0.1831746800543954,17,,,,
hdbscan__min_cluster_size=250_min_samples=None__space=standard,hdbscan,standard,"{""min_cluster_size"": 250, ""min_samples"": null}",True,107362,0.9159434387825238,0.0013514561285617266,159730.67817842733,0.28419160966118057,0.8743716173773332,0.9546814978468584,0.5985784170912716,0.1326037239319542,0.890620950281787,0.10807362008904454,115,,,,
hdbscan__min_cluster_size=250_min_samples=25__space=standard,hdbscan,standard,"{""min_cluster_size"": 250, ""min_samples"": 25}",True,107362,0.8598997482698916,0.0014126183407307505,45762.19026750248,0.5475553973650512,0.8947594164419225,0.9324838912405456,0.5952801441687268,0.1273135615312118,0.8976609691606421,0.07101208993871203,118,,,,
hdbscan__min_cluster_size=500_min_samples=None__space=standard,hdbscan,standard,"{""min_cluster_size"": 500, ""min_samples"": null}",True,107362,0.8851567211799596,0.0006458912180457746,197834.7675997009,0.29277812440671647,0.9051355459695497,0.9353375814018339,0.6162688527867732,0.14802294134104263,0.9093720672053776,0.20098358823419832,63,,,,
hdbscan__min_cluster_size=500_min_samples=25__space=standard,hdbscan,standard,"{""min_cluster_size"": 500, ""min_samples"": 25}",True,107362,0.7942564944179775,0.0018065657223506962,47467.88073081149,0.5787393985441218,0.9203120575461351,0.9056375266733275,0.6158580623409905,0.1323659713752593,0.91704557871618,0.10647156349546394,73,,,,
hdbscan__min_cluster_size=1000_min_samples=None__space=standard,hdbscan,standard,"{""min_cluster_size"": 1000, ""min_samples"": null}",True,107362,0.7987209814439691,0.000719403569564887,98931.85028581662,0.40628401940368514,0.9681336231377985,0.8612242185637888,0.6311395983786714,0.15654510935226965,0.9366255894580257,0.2444812876064157,31,,,,
hdbscan__min_cluster_size=1000_min_samples=25__space=standard,hdbscan,standard,"{""min_cluster_size"": 1000, ""min_samples"": 25}",True,107362,0.6399994909019184,0.003270667068527218,26259.19367714027,0.7095519966091712,0.9750813939699143,0.8299682266749522,0.6457847442718893,0.13122242086661776,0.9427339317390512,0.09868482330806058,38,,,,
hdbscan__min_cluster_size=2500_min_samples=None__space=standard,hdbscan,standard,"{""min_cluster_size"": 2500, ""min_samples"": null}",True,107362,0.7844162409732107,0.0011318808307652305,108352.87680072029,0.4607875330928784,0.9870856439137001,0.863236632705204,0.44586670934617095,0.21334005376344087,0.953594700215421,0.44561390436094706,12,,,,
hdbscan__min_cluster_size=2500_min_samples=25__space=standard,hdbscan,standard,"{""min_cluster_size"": 2500, ""min_samples"": 25}",True,107362,0.5426133538352412,0.0008779961924536959,21541.407859008097,0.958869395990304,0.8030659577246754,0.7159763658103705,0.5813523574694892,0.14282661267645239,0.9735016159420864,0.17191371248672715,17,,,,
hdbscan__min_cluster_size=250_min_samples=None__space=l2,hdbscan,l2,"{""min_cluster_size"": 250, ""min_samples"": null}",True,107362,0.913455553629956,0.0015836342438511769,147908.80458852035,0.32498968331381217,0.8951566745598326,0.9578761917287475,0.6010768772603701,0.13115329794046562,0.8915505954591642,0.0982097948994989,118,,,,
hdbscan__min_cluster_size=250_min_samples=25__space=l2,hdbscan,l2,"{""min_cluster_size"": 250, ""min_samples"": 25}",True,107362,0.8650410806978112,0.0018462467378984268,64380.34778537313,0.47533271711714276,0.8748025274020823,0.9385292338440071,0.5967569566710559,0.12661534779834077,0.8967016067152876,0.06588923455226244,121,,,,
hdbscan__min_cluster_size=500_min_samples=None__space=l2,hdbscan,l2,"{""min_cluster_size"": 500, ""min_samples"": null}",True,107362,0.8861437307175297,0.0008005895096129682,173278.284657282,0.29329659997698676,0.9371512788122748,0.9248577549304413,0.596465686077471,0.1485928266339009,0.9125155632472817,0.20404798718354725,60,,,,
hdbscan__min_cluster_size=500_min_samples=25__space=l2,hdbscan,l2,"{""min_cluster_size"": 500, ""min_samples"": 25}",True,107362,0.78399856678552,0.0021808655983817757,46402.495548430736,0.5714922478623494,0.911527317738203,0.9079072454176265,0.6135553663707856,0.1310571891545996,0.9203892466292878,0.09754848084052085,70,,,,
hdbscan__min_cluster_size=1000_min_samples=None__space=l2,hdbscan,l2,"{""min_cluster_size"": 1000, ""min_samples"": null}",True,107362,0.8170205558538264,0.001964086258691433,58214.28083519058,0.5029208093484536,0.7758163393987689,0.8425679156873186,0.6069638150603311,0.16112168506534705,0.930398144325209,0.26594139453437904,31,,,,
hdbscan__min_cluster_size=1000_min_samples=25__space=l2,hdbscan,l2,"{""min_cluster_size"": 1000, ""min_samples"": 25}",True,107362,0.6877462026358895,0.002440689882202894,27289.051229300472,0.7048631019953672,0.9369927797162821,0.8364556689773096,0.6207971706308851,0.14221873774990199,0.9356119691500137,0.16837428512881653,38,,,,
hdbscan__min_cluster_size=2500_min_samples=None__space=l2,hdbscan,l2,"{""min_cluster_size"": 2500, ""min_samples"": null}",True,107362,0.7887480485536499,0.0005916558276981646,169061.44650219101,0.38908796897545445,1.0,0.7988999138317456,0.514640420682718,0.20922377288230545,0.9576809171028309,0.4347068795290699,11,,,,
hdbscan__min_cluster_size=2500_min_samples=25__space=l2,hdbscan,l2,"{""min_cluster_size"": 2500, ""min_samples"": 25}",True,107362,0.5798198061192515,0.004247804996773872,24013.034069601083,0.9366665648077309,0.7687127824765964,0.7397718760568507,0.5949838871145359,0.14867285649053377,0.9710410323530513,0.20447644417950486,17,,,,
