corrida,config,d,seed,paso,paso_inicio,seg,loss,lr,grupos8_f1_tipo_deforestacion_D1,grupos8_f1_sup_deforestacion_D1,grupos8_f1_tipo_deforestacion_D2,grupos8_f1_sup_deforestacion_D2,grupos8_f1_tipo_deforestacion_D3,grupos8_f1_sup_deforestacion_D3,grupos8_f1_tipo_expansion_urbana,grupos8_f1_sup_expansion_urbana,grupos8_f1_tipo_degradacion,grupos8_f1_sup_degradacion,grupos8_f1_tipo_regeneracion,grupos8_f1_sup_regeneracion,grupos8_S,grupos8_S_sup,grupos12_f1_tipo_deforestacion_D1,grupos12_f1_sup_deforestacion_D1,grupos12_f1_tipo_deforestacion_D2,grupos12_f1_sup_deforestacion_D2,grupos12_f1_tipo_deforestacion_D3,grupos12_f1_sup_deforestacion_D3,grupos12_f1_tipo_expansion_urbana,grupos12_f1_sup_expansion_urbana,grupos12_f1_tipo_degradacion,grupos12_f1_sup_degradacion,grupos12_f1_tipo_regeneracion,grupos12_f1_sup_regeneracion,grupos12_S,grupos12_S_sup,grupos16_f1_tipo_deforestacion_D1,grupos16_f1_sup_deforestacion_D1,grupos16_f1_tipo_deforestacion_D2,grupos16_f1_sup_deforestacion_D2,grupos16_f1_tipo_deforestacion_D3,grupos16_f1_sup_deforestacion_D3,grupos16_f1_tipo_expansion_urbana,grupos16_f1_sup_expansion_urbana,grupos16_f1_tipo_degradacion,grupos16_f1_sup_degradacion,grupos16_f1_tipo_regeneracion,grupos16_f1_sup_regeneracion,grupos16_S,grupos16_S_sup,grupos24_f1_tipo_deforestacion_D1,grupos24_f1_sup_deforestacion_D1,grupos24_f1_tipo_deforestacion_D2,grupos24_f1_sup_deforestacion_D2,grupos24_f1_tipo_deforestacion_D3,grupos24_f1_sup_deforestacion_D3,grupos24_f1_tipo_expansion_urbana,grupos24_f1_sup_expansion_urbana,grupos24_f1_tipo_degradacion,grupos24_f1_sup_degradacion,grupos24_f1_tipo_regeneracion,grupos24_f1_sup_regeneracion,grupos24_S,grupos24_S_sup,grupos32_f1_tipo_deforestacion_D1,grupos32_f1_sup_deforestacion_D1,grupos32_f1_tipo_deforestacion_D2,grupos32_f1_sup_deforestacion_D2,grupos32_f1_tipo_deforestacion_D3,grupos32_f1_sup_deforestacion_D3,grupos32_f1_tipo_expansion_urbana,grupos32_f1_sup_expansion_urbana,grupos32_f1_tipo_degradacion,grupos32_f1_sup_degradacion,grupos32_f1_tipo_regeneracion,grupos32_f1_sup_regeneracion,grupos32_S,grupos32_S_sup,grupos48_f1_tipo_deforestacion_D1,grupos48_f1_sup_deforestacion_D1,grupos48_f1_tipo_deforestacion_D2,grupos48_f1_sup_deforestacion_D2,grupos48_f1_tipo_deforestacion_D3,grupos48_f1_sup_deforestacion_D3,grupos48_f1_tipo_expansion_urbana,grupos48_f1_sup_expansion_urbana,grupos48_f1_tipo_degradacion,grupos48_f1_sup_degradacion,grupos48_f1_tipo_regeneracion,grupos48_f1_sup_regeneracion,grupos48_S,grupos48_S_sup,grupos64_f1_tipo_deforestacion_D1,grupos64_f1_sup_deforestacion_D1,grupos64_f1_tipo_deforestacion_D2,grupos64_f1_sup_deforestacion_D2,grupos64_f1_tipo_deforestacion_D3,grupos64_f1_sup_deforestacion_D3,grupos64_f1_tipo_expansion_urbana,grupos64_f1_sup_expansion_urbana,grupos64_f1_tipo_degradacion,grupos64_f1_sup_degradacion,grupos64_f1_tipo_regeneracion,grupos64_f1_sup_regeneracion,grupos64_S,grupos64_S_sup,S,S_sup,f1_tipo_deforestacion_D1,f1_sup_deforestacion_D1,fechado_deforestacion_D1,f1_tipo_deforestacion_D2,f1_sup_deforestacion_D2,fechado_deforestacion_D2,f1_tipo_deforestacion_D3,f1_sup_deforestacion_D3,fechado_deforestacion_D3,f1_tipo_expansion_urbana,f1_sup_expansion_urbana,fechado_expansion_urbana,f1_tipo_degradacion,f1_sup_degradacion,fechado_degradacion,f1_tipo_regeneracion,f1_sup_regeneracion,fechado_regeneracion,S_vecinos,S_vecinos_sup,rec_anio,rec_exacta,rec_anio_entrenamiento,rec_exacta_entrenamiento
base_d8_s0,base,8,0,5000,0,141.72750091552734,0.6693807244300842,0.001,0.0,0.0,0.0,0.0,0.0,0.0,0.0,0.0,0.0,0.0,0.587734845799362,0.5386520180061707,0.1469337114498405,0.13466300450154267,0.0,0.0,0.0,0.0,0.0,0.0,0.5895196506550219,0.8986468583830344,0.0,0.0,0.6551160509970578,0.7001074602865751,0.3111589254130199,0.39968857966740234,0.0,0.0,0.3328050713153724,0.6703826312247261,0.3522561863173217,0.6752597171945203,0.5419501133786848,0.8870002256475338,0.2861562258313998,0.03580036102866506,0.6386885245901639,0.6988091920187589,0.42378715408611994,0.51753930704201,0.1879021879021879,0.6150209142550653,0.34630053394355453,0.8084449551429956,0.36823612087139845,0.8121001010304582,0.5010615711252654,0.8766748283181981,0.19742489270386265,0.034567249782451744,0.7067535545023697,0.7584591133766986,0.4265132414759695,0.6037224620717137,0.22597402597402597,0.6175533166736722,0.31275060144346434,0.670524012646143,0.472636815920398,0.8234945528197045,0.5209513023782559,0.8762389472674585,0.44642857142857145,0.07761712908065631,0.6944175540496934,0.7805313947406634,0.49972947724228756,0.6095611912838212,0.4698672114402451,0.4571600416443075,0.5316770186335403,0.6617554146309149,0.576214405360134,0.6644422808985075,0.6288372093023256,0.9027548803870354,0.4832298136645963,0.2558195394714968,0.6969183880799187,0.8479906980124142,0.58372623904787,0.6502544242322141,0.5408062930186824,0.6424530935180127,0.6221142162818954,0.6077802298044633,0.5995449374288965,0.6052766264389068,0.6565961732124874,0.911888282646773,0.47333333333333333,0.2497541700217689,0.724354501046755,0.8029118194158575,0.6104431224589335,0.6457643971678818,0.4288988387391487,0.5087419094237979,0.947615324472244,0.9984999321513304,0.5082508250825083,0.954711087975013,0.9956691646230631,0.5430752453653217,0.9538891476478808,0.9934319257881143,0.63916015625,0.9494787489975942,0.9986709158768349,0.8555743243243243,0.9524271844660194,0.9679291354143708,0.6875637104994903,0.9677617439361376,0.9991538350435797,0.48191624365482233,0.9554348826911992,0.9904052234639054,0.9480399247794011,0.28721973094170405,0.9497675444703432,0.31005101182801725
base_d8_s0,base,8,0,10000,0,258.32940340042114,0.04252668470144272,0.0009932515392240295,0.0,0.0,0.0,0.0,0.0,0.0,0.0,0.0,0.0,0.0,0.5968253968253968,0.6331602405173143,0.1492063492063492,0.15829006012932859,0.0,0.0,0.0,0.0,0.0,0.0,0.5166475315729047,0.8268868285227372,0.0,0.0,0.6108581436077057,0.656207600522519,0.2818764187951526,0.37077360726131403,0.0,0.0,0.23076923076923078,0.45339871566273265,0.24311926605504589,0.4598752876220159,0.5184331797235023,0.8467570676403338,0.0,0.0,0.649176327028676,0.7855464925758973,0.33139308475673435,0.4841820569944535,0.19950124688279303,0.6176638307891692,0.18376449598572703,0.5647269043789419,0.4005021971123666,0.8253846752033052,0.6373626373626373,0.8867339623070436,0.1741988496302383,0.02858981268126458,0.6442558746736292,0.8021066083985547,0.4292683354150334,0.5966722133776672,0.1875,0.49566656055002867,0.37163120567375885,0.7356840255326547,0.4641799881586738,0.7419093312451505,0.6414728682170543,0.8906821597547959,0.2916666666666667,0.057390522888719056,0.665774506523921,0.7096263858391744,0.4850044431712799,0.5788630935646585,0.16,0.5344660783201474,0.3193675889328063,0.7740164435028866,0.4059742023082145,0.7796399754166267,0.6448683015440508,0.8875849108858909,0.3677655677655678,0.05845154110838758,0.71869918699187,0.6450877039266707,0.5066117466787905,0.5717912470835422,0.4525691699604743,0.6333633155437458,0.5040448039825762,0.792443599868873,0.5349748181309457,0.8390782496288026,0.6420454545454546,0.9219429124506342,0.39173789173789175,0.2506833650367398,0.71939477303989,0.7922228389674194,0.5625935958369754,0.6799527095338168,0.39227913912290224,0.49150356970639725,0.946875,0.9984382721000632,0.566006600660066,0.9508026929052305,0.9836487791640189,0.5108932461873639,0.9503940658321743,0.9815281649614698,0.5951219512195122,0.9309504467912266,0.6008321675778402,0.7670157068062827,0.944713870029098,0.9974925444120252,0.5605749486652978,0.9624615384615385,0.9949512097250998,0.3820332480818414,0.9468707770485827,0.8952869151142039,0.9648054390279184,0.42376681614349776,0.9663079624382244,0.4466618083973317
base_d8_s0,base,8,0,15000,0,375.5883548259735,0.02324720472097397,0.0009731848495054604,0.0,0.0,0.0,0.0,0.0,0.0,0.0,0.0,0.0,0.0,0.46074074074074073,0.3636637718119504,0.11518518518518518,0.0909159429529876,0.0,0.0,0.0,0.0,0.0,0.0,0.507531865585168,0.8267282472100483,0.0,0.0,0.6000701016473887,0.7079138968455522,0.2769004918081392,0.38366053601390016,0.0,0.0,0.0,0.0,0.0,0.0,0.5017502917152858,0.8269959855931913,0.0,0.0,0.6014084507042253,0.7381159467904146,0.2757896856048778,0.39127798309590145,0.0,0.0,0.1651705565529623,0.37679439664628456,0.17128874388254486,0.37836465424640997,0.491701244813278,0.5592924815732991,0.16488046166529266,0.014728071441701112,0.6288970834730138,0.7206661402890673,0.34940797252418837,0.3866015942337414,0.14690721649484537,0.5653248334583345,0.2618657937806874,0.7754594510745048,0.3729946524064171,0.7811177136998562,0.5780346820809249,0.5630537489054848,0.19393939393939394,0.03312482704102532,0.6653944020356234,0.7924528736120968,0.4244894247374814,0.523983028909043,0.4427906976744186,0.5877397882490901,0.470074812967581,0.8159877975904742,0.4813519813519814,0.8194415748313967,0.5814432989690722,0.6145535466370795,0.38115330520393814,0.25659463955006756,0.6961072947333987,0.751853215148,0.5308607657261007,0.5910144470563669,0.4871550903901047,0.8485995535308454,0.496,0.8582012391612804,0.5271966527196653,0.8422005275847032,0.6292134831460674,0.6611097471281129,0.39017543859649123,0.25147862186868203,0.7451847173981686,0.7749435533343701,0.5670060550443292,0.6342997572725271,0.3628056543757574,0.4288218985049239,0.9456521739130435,0.9919488269456344,0.5279146141215106,0.951937984496124,0.9782650982607225,0.4815418023887079,0.9478060046189376,0.9408780732117504,0.5604288499025342,0.9359286293592863,0.9982755666563515,0.7729636048526863,0.9426627793974732,0.9214222958133297,0.5536082474226804,0.9616681999386691,0.9995325685927655,0.3807397959183674,0.9471812490928659,0.9723986076337873,0.9786778533198321,0.634304932735426,0.9823637589984973,0.6673580357643366
base_d8_s0,base,8,0,20000,0,492.5936563014984,0.016078587621450424,0.0009403472975591973,0.0,0.0,0.0,0.0,0.0,0.0,0.0,0.0,0.0,0.0,0.28815977175463625,0.023205027457509405,0.07203994293865906,0.005801256864377351,0.0,0.0,0.0,0.0,0.0,0.0,0.496054114994363,0.8246436787587175,0.0,0.0,0.43471337579617836,0.6094924293686838,0.23269187269763536,0.35853402703185033,0.0,0.0,0.0,0.0,0.0,0.0,0.47841306884480744,0.8153835117143345,0.20754716981132076,0.21309873567323642,0.5879674796747968,0.7840854853952742,0.31848192958273125,0.4531419331957113,0.0,0.0,0.19255222524977295,0.4812562365228283,0.19950535861500412,0.48804309768235815,0.5279187817258884,0.40057923671542983,0.20081632653061224,0.0223077998762945,0.6180854587611792,0.6737656838528346,0.3693766070764847,0.3549381246282386,0.17358490566037735,0.5717335311358306,0.250814332247557,0.759669014941876,0.39033693579148127,0.7868874466272204,0.6190476190476191,0.4384290260145185,0.2756972111553785,0.2461324821451088,0.640981929764746,0.6682100153278924,0.45182637113355384,0.5147170469306239,0.30011723329425555,0.4559799913621655,0.3421875,0.6441438768507377,0.4466876971608833,0.7351110149632156,0.6213235294117647,0.5902715940231518,0.3535580524344569,0.2475828547734243,0.6620013995801259,0.7291273569796054,0.4999701145611818,0.544681691708722,0.3484013230429989,0.4650226440530283,0.4297520661157025,0.7419298205736179,0.4753199268738574,0.7456762642161463,0.6093906093906094,0.5875606125549642,0.391304347826087,0.4763716540763363,0.7130044843049327,0.7429237967459813,0.5328809700497872,0.6144330765812198,0.35389540114857615,0.4066067367058204,0.951048951048951,0.9230649520120825,0.5547385620915033,0.9515463917525773,0.9188691920843385,0.48645720476706394,0.951366373320982,0.9188344381706841,0.5686465433300877,0.9368932038834952,0.8229373045238089,0.7288428324697754,0.9414043583535109,0.8937854046767548,0.573045267489712,0.9610787618755746,0.9994259719559071,0.36192602040816324,0.9476742240383544,0.9091012188113764,0.9825907710111385,0.6986547085201794,0.9864577249194859,0.7445484612366164
base_d8_s0,base,8,0,25000,0,610.4835677146912,0.011201729066669941,0.0008956346062012249,0.0,0.0,0.0,0.0,0.0,0.0,0.0,0.0,0.0,0.0,0.28141176470588236,0.021728828207896952,0.07035294117647059,0.005432207051974238,0.0,0.0,0.0,0.0,0.0,0.0,0.35076252723311546,0.2548933698573989,0.0,0.0,0.25233186057928325,0.02140796390230432,0.15077359695309966,0.0690753334399258,0.0,0.0,0.0,0.0,0.0,0.0,0.37264150943396224,0.5137475464567498,0.2115085536547434,0.2108738227601814,0.4751045229950589,0.636017600580714,0.26481364652094114,0.3401597424494113,0.0,0.0,0.0,0.0,0.2766407904022583,0.38295588612924714,0.5687203791469194,0.4352190197145599,0.18196588139723802,0.023275265227092317,0.6111859838274932,0.6632003361590011,0.36352146029310084,0.3123366457859339,0.17789072426937738,0.571811545381218,0.28663967611336033,0.7503536020266293,0.3861055444221777,0.7557235646064575,0.4166666666666667,0.8025020122597278,0.26151560178306094,0.03689103948749119,0.6399210785925682,0.7462045707434272,0.4004121654943169,0.5695567982905203,0.2907801418439716,0.01935190573832572,0.3914835164835165,0.7676136330616312,0.4433734939759036,0.7725001637719702,0.5267489711934157,0.8245284869971322,0.38258575197889183,0.3909406421166242,0.6452485627324992,0.7881987989937768,0.4824489175014843,0.6308724572412105,0.33410672853828305,0.39703752588532193,0.3980309423347398,0.7822690738587417,0.4819846426461902,0.7862347963535226,0.6147859922178989,0.9015236780623008,0.34695340501792116,0.05381333148865352,0.6759040216289287,0.7929489767232477,0.5105877141761216,0.600866612910016,0.32041577744507643,0.36118568530985595,0.9458204334365325,0.9206893363029456,0.544189852700491,0.946611909650924,0.9203233135565834,0.4598698481561822,0.9433962264150944,0.9196022231762818,0.5292682926829269,0.93354943273906,0.8231761423150145,0.6901041666666666,0.9412336085478388,0.961511032450134,0.5454076367389061,0.9556439278066687,0.9993996249360544,0.34699103713188223,0.9439257897319377,0.9260729393449516,0.98801533342977,0.8015695067264574,0.9921737259248945,0.8420315040080723
base_d8_s0,base,8,0,30000,0,727.3424515724182,0.008785278536379337,0.0008402664210945015,0.0,0.0,0.0,0.0,0.0,0.0,0.0,0.0,0.0,0.0,0.29140958709065024,0.020850756992416113,0.07285239677266256,0.005212689248104028,0.0,0.0,0.0,0.0,0.0,0.0,0.3262092238470191,0.24218103729850524,0.0,0.0,0.3867093674939952,0.44690861588977104,0.17822964783525358,0.17227241329706908,0.0,0.0,0.0,0.0,0.0,0.0,0.4811594202898551,0.21791780135607258,0.2007905138339921,0.2587502775478558,0.3175888439046334,0.05857377620158689,0.24988469450712014,0.1338104637763788,0.0,0.0,0.0,0.0,0.16466826538768986,0.3790766177736415,0.45253863134657835,0.7999660032982612,0.2994269340974212,0.227515361685408,0.5712314591238358,0.6277577352941733,0.344521611590933,0.4453994932172641,0.0,0.0,0.3291326908821349,0.6873995866754526,0.34496919917864477,0.6917692483272466,0.5404858299595142,0.848709270108499,0.27840481565086533,0.24676608677240572,0.6136054421768707,0.7080072566200044,0.41429917945187755,0.5658013896254522,0.32744405182567726,0.46824961473392246,0.33829287392325763,0.4328927851348871,0.43911917098445596,0.5442506163401644,0.5518485121731289,0.6031276724642363,0.3124128312412831,0.46735442500693025,0.6605316973415133,0.8008438287753841,0.47326960158343057,0.588280899579052,0.34124293785310733,0.33965436730895043,0.38074074074074077,0.696068856076209,0.40355677154582764,0.7021452422568315,0.5253664036076663,0.9021705437972898,0.45545796737766625,0.40862579538202903,0.6909090909090909,0.8403600455047483,0.5117284029852455,0.6826114683078494,0.3206836478180747,0.37048411672159565,0.9409056024558711,0.8905646224597359,0.5195758564437194,0.9433384379785605,0.8942184612628732,0.4485930735930736,0.9390187987161852,0.8937934751175655,0.5078125,0.9351701782820098,0.8235921354310545,0.6793760831889082,0.9420924574209246,0.97128831997744,0.5568181818181818,0.9610787618755746,0.9979758027414005,0.35778061224489793,0.9448572526571787,0.921428777774155,0.9861420512078692,0.7497757847533633,0.9905046753307812,0.7999327316553618
base_d8_s0,base,8,0,35000,0,846.0507011413574,0.0069623664021492004,0.000775753041994652,0.0,0.0,0.0,0.0,0.0,0.0,0.0,0.0,0.0,0.0,0.26440037771482533,0.021746832400755388,0.06610009442870633,0.005436708100188847,0.0,0.0,0.0,0.0,0.0,0.0,0.4820295983086681,0.1591240224377777,0.24904507257448433,0.22220159224677064,0.2510948905109489,0.020930744072815022,0.24554239034852535,0.10056408968934084,0.0,0.0,0.0,0.0,0.0,0.0,0.3745583038869258,0.17706750933439416,0.2260327357755261,0.22024419819420837,0.3612565445026178,0.3424604864916794,0.24046189604126741,0.18494304850507048,0.0,0.0,0.0,0.0,0.2777390090718772,0.3875934116511098,0.5807622504537205,0.31116210679653106,0.1903986981285598,0.02423233284665768,0.64526588845655,0.5206189289732611,0.377251626682364,0.24630279312503828,0.0,0.0,0.2671875,0.6827050799353261,0.3599476439790576,0.689185198569272,0.5909090909090909,0.6372184156526662,0.2785388127853881,0.24384720048086822,0.6562703053931124,0.7634311011538902,0.43369081427015266,0.5254483691972394,0.28672985781990523,0.022943037719037485,0.40440165061898214,0.7963962133491677,0.4606133493686109,0.8012628262891668,0.6442477876106195,0.8121433661336739,0.3203463203463203,0.23780059347522084,0.6587982832618026,0.7605270219203512,0.5018268359553104,0.5876679184954258,0.2902829028290283,0.4655655851770441,0.4303448275862069,0.770505788559294,0.44558258642765686,0.7747190075239809,0.5974282888229476,0.6774476856835963,0.3623496107572541,0.38821206836873523,0.677170868347339,0.7135362138312632,0.5064213850521262,0.6123648570759253,0.3387564346826361,0.32324682631260415,0.939183987682833,0.9970580326148923,0.4532786885245902,0.9435897435897436,0.9973999102279878,0.3983695652173913,0.9388505747126437,0.9969864057378962,0.4544564152791381,0.9369951534733441,0.861243497483373,0.6715517241379311,0.9434146341463414,0.8938454620730268,0.5392967942088935,0.9605383909452432,0.999466963621973,0.33853503184713374,0.9453724034733337,0.9379260098429912,0.9836395197454072,0.6672645739910313,0.9882443142878325,0.7208363697516676
base_d8_s0,base,8,0,40000,0,964.1038665771484,0.0054324413649737835,0.0007038542257096924,0.0,0.0,0.0,0.0,0.0,0.0,0.0,0.0,0.0,0.0,0.0,0.0,0.0,0.0,0.0,0.0,0.0,0.0,0.0,0.0,0.3558139534883721,0.11791150525452405,0.0,0.0,0.24110671936758893,0.017219421329999984,0.14923016821399027,0.033782731646131006,0.0,0.0,0.0,0.0,0.0,0.0,0.351981351981352,0.11635847308715262,0.2187742435996897,0.028630077343808926,0.28949771689497716,0.025502881839901154,0.2150633281190047,0.04262285806771568,0.0,0.0,0.14911463187325255,0.3853335099420023,0.2663690476190476,0.39551839083873663,0.3148831488314883,0.09650413528351585,0.28125,0.04338949268604819,0.4230769230769231,0.24081657453846095,0.28942615793479454,0.16024854235873448,0.0,0.0,0.16728624535315986,0.480107558152419,0.17003367003367004,0.48115358619926724,0.38212290502793295,0.4444077902483178,0.26047904191616766,0.036910660446714476,0.5646978490952543,0.6585115252471854,0.32993494195874123,0.3650625893481949,0.22934648581997533,0.0009968415526526485,0.32526475037821484,0.7265642705747022,0.3403068340306834,0.7307030320815414,0.45383759733036705,0.7940974145072993,0.33473980309423346,0.05625020071543245,0.6376021798365122,0.7698027593090369,0.4311214009176843,0.5265596056503502,0.33812154696132596,0.5762017479453548,0.37755102040816324,0.8094305463376453,0.41482444733420026,0.8121712083352038,0.5026178010471204,0.6003690441203161,0.38589211618257263,0.05376109840913566,0.675392670157068,0.8021012740924003,0.4851837314053311,0.5472081460403133,0.27142281836422083,0.23935492473020564,0.939463601532567,0.9958270731708525,0.4812398042414356,0.9453802960694232,0.9974641082787085,0.39794816414686823,0.9412844036697248,0.995743045678318,0.4590643274853801,0.9168026101141925,0.8107624479880757,0.6645907473309609,0.9402041808458921,0.9476707725067584,0.5289555325749742,0.9500304692260817,0.9643072799845268,0.33226427196921104,0.9372700068191846,0.9297713107138301,0.9912339071314914,0.8466367713004485,0.9955027856689493,0.8970794327036269
base_d8_s0,base,8,0,45000,0,1082.0608389377594,0.0044449432753026485,0.0006265311845216508,0.0,0.0,0.0,0.0,0.0,0.0,0.0,0.0,0.0,0.0,0.0,0.0,0.0,0.0,0.0,0.0,0.0,0.0,0.0,0.0,0.35944700460829493,0.11846267948775473,0.0,0.0,0.0,0.0,0.08986175115207373,0.02961566987193868,0.0,0.0,0.0,0.0,0.0,0.0,0.34393404004711425,0.10029739157478464,0.2232630757220921,0.21061404146896892,0.3152542372881356,0.036883056753787266,0.2206128382643355,0.0869486224493852,0.0,0.0,0.1695852534562212,0.4823164771951771,0.27765404602821087,0.4913179638643922,0.4266389177939646,0.17195337839274025,0.28591851322373124,0.2264816437905743,0.5841784989858012,0.4402211428324364,0.36145392412457694,0.29080024467556853,0.0,0.0,0.1280878316559927,0.01655319616114871,0.3177570093457944,0.39601518044830575,0.4165733482642777,0.2390801351477556,0.27245508982035926,0.22658047212805865,0.5832499165832499,0.42792223882330743,0.35522332541712065,0.2577764095755683,0.2983050847457627,0.43568639588413083,0.38545953360768176,0.7034406944509007,0.4424352019288728,0.709314464229755,0.5762394761459307,0.38480620227332507,0.27102803738317754,0.2460420605572774,0.6617505610772684,0.6305339149976863,0.4711045036751206,0.4693823406708044,0.34062140391254314,0.4939615592835775,0.4,0.7460054486174635,0.44711842938568713,0.7493204901812092,0.5728848114169215,0.6531851201197653,0.48132271892222905,0.39781496920439885,0.6735324407826982,0.7475793547862586,0.5309133122219813,0.6154188192011265,0.2898813792650298,0.24999172949205595,0.9464701318851824,0.9985366371617836,0.45819672131147543,0.9480719794344473,0.9877795831401436,0.39045553145336226,0.9441108545034642,0.9875415209633412,0.44471624266144816,0.9325751421608448,0.9866544696711151,0.681184668989547,0.9385365853658536,0.9712862388847306,0.5587318087318087,0.958828911253431,0.9678078428702089,0.3466921119592875,0.9440395735136236,0.979258616295286,0.9886518154202227,0.7858744394618834,0.9930435128542212,0.833118448343517
base_d8_s0,base,8,0,50000,0,1200.2516858577728,0.003348588477820158,0.000545893089428012,0.0,0.0,0.0,0.0,0.0,0.0,0.0,0.0,0.0,0.0,0.26874115983026875,0.01921463564426639,0.06718528995756719,0.004803658911066598,0.0,0.0,0.0,0.0,0.0,0.0,0.0,0.0,0.22734254992319508,0.03490354780331736,0.23893805309734514,0.01886282125019174,0.11657015075513505,0.013441592263377274,0.0,0.0,0.0,0.0,0.0,0.0,0.36662749706227965,0.20471468303905432,0.22066822066822067,0.034752159483817636,0.33418584825234443,0.3374970904041672,0.2303703914957112,0.1442409832317598,0.0,0.0,0.0,0.0,0.0,0.0,0.4416135881104034,0.5344433885524112,0.29310344827586204,0.23016076689755866,0.5585521646557843,0.6653995804708593,0.3233173002605124,0.3575009339802073,0.0,0.0,0.14869888475836432,0.3843366643757602,0.16498316498316498,0.39182467596319315,0.38979118329466356,0.38013445255814965,0.27165932452276065,0.05198481560752112,0.6309484193011647,0.5980719598353358,0.34923990259144133,0.32222791869516443,0.283704572098476,0.043074067914975984,0.39809782608695654,0.6867332876222532,0.44976076555023925,0.6925063203076212,0.4717832957110609,0.8260651919708386,0.2964049889948643,0.23940744218742901,0.6460296096904441,0.7981093098430269,0.44785140391039835,0.5844216256540611,0.36538461538461536,0.018451446345915782,0.44825313117996046,0.723168962126901,0.4902077151335312,0.7283887885029189,0.5830721003134797,0.8696268599313957,0.44555071561916615,0.3069009887375388,0.6698240866035182,0.7992601829559108,0.5332655141088832,0.616447774320856,0.2953999932970927,0.29186921243664177,0.9438029253271748,0.9946482176066124,0.4624796084828711,0.9437052200614124,0.996390481489022,0.4376355748373102,0.9424758398527382,0.9961701169717495,0.49267578125,0.9237012987012987,0.8128881784861867,0.679261862917399,0.9337877312560857,0.9157543928054436,0.5104275286757038,0.9530487804878048,0.9976125108471431,0.3307741522712732,0.9384664513814077,0.9304978385403087,0.9907493128887603,0.8354260089686099,0.9951555942127525,0.8875497505465553
base_d8_s0,base,8,0,55000,0,1319.1402530670166,0.002438134513795376,0.0004641395374551053,0.0,0.0,0.0,0.0,0.0,0.0,0.0,0.0,0.0,0.0,0.24976787372330547,0.018380097357039268,0.06244196843082637,0.004595024339259817,0.0,0.0,0.0,0.0,0.0,0.0,0.0,0.0,0.21167315175097276,0.027065889844048577,0.24336069531627233,0.02114772168783154,0.11375846176681127,0.012053402882970028,0.0,0.0,0.0,0.0,0.0,0.0,0.36471990464839094,0.47495940839114575,0.0,0.0,0.3801980198019802,0.5195407232633766,0.1862294811125928,0.24862503291363058,0.0,0.0,0.18380345768880801,0.4815344471240022,0.29737609329446063,0.49012015496993144,0.47958115183246075,0.18625017435748528,0.301699716713881,0.23270254360990594,0.5597788527988943,0.2682305577917165,0.37536322625158136,0.2527670357809381,0.0,0.0,0.12138188608776844,0.3759663278706887,0.23880597014925373,0.38559715348748014,0.4386149003147954,0.795022784242467,0.3206634416033172,0.05287379249811055,0.6055167829843802,0.6707369259095879,0.37121443591204173,0.4431219991090554,0.1272475795297372,0.27045118109188915,0.293896006028636,0.7316933172024125,0.3515625,0.7370950547849972,0.5777331995987964,0.869589416950306,0.4132334581772784,0.4476239406686801,0.665139116202946,0.8560475530989644,0.4784186172912863,0.6882518571027625,0.33069082672706684,0.5426684197437767,0.43349753694581283,0.743705468701784,0.47375,0.7471206610822558,0.5433403805496829,0.7072619505450349,0.4132013201320132,0.39254171563156076,0.6969595723354494,0.7746715704868634,0.5165368485603596,0.6380766882931828,0.30056614847507135,0.3267844343459713,0.9481825212683681,0.9998177522114003,0.4429037520391517,0.9474768280123584,0.9997754034437409,0.3842391304347826,0.944007403979639,0.9995361782636555,0.4455882352941177,0.9279352226720647,0.7391953396185593,0.6465968586387435,0.9337203676826318,0.8751135221217895,0.5538860103626942,0.9571865443425076,0.9978796829946197,0.331629392971246,0.9413494297793314,0.9029745806769751,0.9938304643425431,0.8995515695067264,0.99844848818012,0.9588541958629968
base_d8_s0,base,8,0,60000,0,1437.3015832901,0.001684178365394473,0.0003835005523851469,0.0,0.0,0.0,0.0,0.0,0.0,0.0,0.0,0.0,0.0,0.41792114695340504,0.5154135959287791,0.10448028673835126,0.12885339898219478,0.0,0.0,0.0,0.0,0.0,0.0,0.37657864523536166,0.20389974988937612,0.0,0.0,0.2541062801932367,0.018968304210881744,0.1576712313571496,0.05571701352506447,0.0,0.0,0.0,0.0,0.0,0.0,0.35555555555555557,0.25120029488880435,0.22685185185185186,0.2169861610695178,0.4412094064949608,0.5767613224473876,0.25590420347559206,0.26123694460142743,0.0,0.0,0.18065693430656934,0.4813269199340909,0.3152639087018545,0.490661937050694,0.5408805031446541,0.5599486719533757,0.2828282828282828,0.04136791128184526,0.5919899874843555,0.7001224540300338,0.39525143028169174,0.4063588307317124,0.0,0.0,0.14794007490636704,0.4779969376753231,0.27395209580838326,0.48835119782135417,0.4574898785425101,0.4635967469447135,0.27719821162444114,0.22097081870916585,0.599528460761199,0.7043248947225879,0.3687118186249334,0.4277521263855066,0.18281036834924966,0.0006959436947170295,0.3376230128690386,0.7274495325879817,0.43266832917705733,0.7352774682027543,0.5257142857142857,0.7910546050003717,0.32770745428973275,0.30465668783119215,0.6793048973143759,0.80150483934594,0.4626068018625441,0.5962559450848304,0.29930394431554525,0.45915323044791656,0.3596358118361153,0.7608023093469614,0.4547738693467337,0.7662551595252556,0.5615866388308977,0.8652347091839734,0.4335223692501575,0.4410018200167995,0.6906521040796659,0.7977037958269182,0.5142497468317131,0.6915026395336006,0.32269650273885364,0.3668109855491909,0.9415384615384615,0.9971189538000278,0.4199346405228758,0.9442455242966752,0.9974598285481479,0.41278439869989164,0.9397701149425287,0.9971641168775913,0.46819960861056753,0.9228269699431356,0.8129070855404582,0.6346830985915493,0.939290917921321,0.9491654954994505,0.5294725956566702,0.9528158295281582,0.9689414935052377,0.3351437699680511,0.9391962710796259,0.9320654269051005,0.9898596846521047,0.8221973094170404,0.9942713409727509,0.8694433544481193
base_d8_s0,base,8,0,65000,0,1556.2544176578522,0.0012640483910217881,0.0003061757555207003,0.0,0.0,0.0,0.0,0.0,0.0,0.0,0.0,0.0,0.0,0.27121771217712176,0.021317035363569176,0.06780442804428044,0.005329258840892294,0.0,0.0,0.0,0.0,0.0,0.0,0.35362997658079626,0.20113805347933916,0.0,0.0,0.2409288824383164,0.021086396851618203,0.14863971475477816,0.05555611258273934,0.0,0.0,0.0,0.0,0.0,0.0,0.35587188612099646,0.26194790426854003,0.0,0.0,0.2826984855438274,0.4452874638629579,0.15964259291620597,0.1768088420328745,0.0,0.0,0.0,0.0,0.0,0.0,0.40987124463519314,0.3229768988005469,0.18181818181818182,0.022938564438231265,0.5650433622414943,0.5723211705277008,0.2891831971737173,0.22955915844161975,0.0,0.0,0.11798287345385347,0.3769858436953719,0.2178988326848249,0.3841970850677983,0.49706457925636005,0.7920528221127047,0.2716417910447761,0.23012544553185646,0.5958164642375169,0.7005893958887344,0.3691208508128865,0.494123826613588,0.2925089179548157,0.018236164177895742,0.3493708364174685,0.6877768902359743,0.4133077415227127,0.6924788568197264,0.44040862656072643,0.8211106355283699,0.33079584775086507,0.24678854948393072,0.6278272789581906,0.6493548569235909,0.43769022964202864,0.5458545030867725,0.31316725978647686,0.021709833639474253,0.3516819571865443,0.5448250518858748,0.4367816091954023,0.6411698389764862,0.5128755364806867,0.644147611772545,0.3831715210355987,0.3925036028517467,0.6787301587301587,0.7524708152618593,0.4854968729089797,0.5479225678466907,0.27965398375041095,0.29359346706359674,0.9443585780525502,0.9984968546026545,0.411620294599018,0.9460708782742681,0.9997746609376594,0.36319218241042345,0.9417744916820703,0.9995525780829899,0.4205103042198234,0.9214574898785425,0.4764436218559679,0.672231985940246,0.9409468033186921,0.9812137590867724,0.4948132780082988,0.9554606467358145,0.9647981575818875,0.3448275862068966,0.9404832306506696,0.8554325590997656,0.9945899030811515,0.9179372197309417,0.9992947673546,0.9805482370088009
base_d8_s0,base,8,0,70000,0,1674.3318498134613,0.0006964120548218489,0.00023427436574952577,0.0,0.0,0.0,0.0,0.0,0.0,0.0,0.0,0.0,0.0,0.26666666666666666,0.021135777027796156,0.06666666666666667,0.005283944256949039,0.0,0.0,0.0,0.0,0.0,0.0,0.37543453070683663,0.48661475982013286,0.0,0.0,0.24177949709864605,0.021454824268288746,0.15430350695137068,0.1270173960221054,0.0,0.0,0.0,0.0,0.16890292028413575,0.37998814746329884,0.3561320754716981,0.4749170265041345,0.21362229102167182,0.20832737758759312,0.342327150084317,0.518814572179352,0.24209562250143307,0.3321804230230448,0.0,0.0,0.1781450872359963,0.48067864825240364,0.17985012489592006,0.4817173885944573,0.5318761384335154,0.41635264368205005,0.2826086956521739,0.040584675092888454,0.5516528925619835,0.5707410093667247,0.37136736600624454,0.3371192517726542,0.0,0.0,0.15627906976744185,0.4030102797707656,0.26746806912096166,0.4128227876389992,0.41301907968574636,0.7739809337043961,0.2932551319648094,0.22702463779697896,0.6068821689259646,0.7044917720024244,0.36360135671816374,0.4943604248267636,0.1793478260869565,0.0006828248198599726,0.3373313343328336,0.733252530066656,0.399740428293316,0.7371730827590186,0.46068660022148394,0.7920540411096921,0.2925018559762435,0.2904288491782292,0.6089162740123233,0.727168578752468,0.4168944816119382,0.5750052370638918,0.313953488372093,0.39316452881344277,0.4040114613180516,0.7827520308687809,0.450721908349027,0.7861263422529016,0.5790441176470589,0.6527789979214791,0.4423676012461059,0.4441918789376413,0.6648294867378574,0.7542483836536156,0.5189508729110198,0.6263083902894444,0.30483998190954814,0.35675358103640764,0.9406322282189669,0.995757742232478,0.419672131147541,0.9451563300871348,0.9974440582763404,0.4078091106290672,0.940959409594096,0.9972451614905031,0.46176470588235297,0.9248181083265966,0.8133672860555088,0.6704545454545454,0.9335918565196316,0.9626218058966567,0.5192107995846313,0.9572649572649573,0.9995009697383868,0.3360969387755102,0.9394810611861462,0.9430764289225815,0.9939172573412411,0.9015695067264574,0.998614850752881,0.9615449296485229
base_d8_s0,base,8,0,75000,0,1792.1001353263855,0.00044354505371302366,0.00016975766555164706,0.0,0.0,0.0,0.0,0.0,0.0,0.0,0.0,0.0,0.0,0.0,0.0,0.0,0.0,0.0,0.0,0.0,0.0,0.0,0.0,0.3709677419354839,0.20713578326090895,0.0,0.0,0.23867510959571359,0.01877840216833475,0.15241071288279937,0.05647854635731092,0.0,0.0,0.0,0.0,0.0,0.0,0.35571260306242636,0.2012309984078515,0.20791311093871218,0.21076678613266017,0.33363068688670827,0.3373101366771813,0.22431410022196172,0.18732698030442324,0.0,0.0,0.0,0.0,0.24324324324324326,0.2729165817141158,0.5079962370649106,0.3531641974726138,0.3141654978962132,0.23121192504599125,0.567530695770805,0.575120872830534,0.3676933779532524,0.3126172973134611,0.0,0.0,0.14325581395348838,0.37836569798637304,0.3483955468238376,0.543730011472269,0.42081447963800905,0.7966448365843616,0.28160484481453446,0.23090013341230176,0.5951724137931035,0.6287443855604133,0.3653688812928556,0.4909136480108227,0.3120567375886525,0.3065351363487434,0.3645833333333333,0.6157593366749233,0.41703750794659883,0.7378905726008439,0.5571847507331378,0.7659356526677968,0.4012820512820513,0.21870473924816392,0.653220559531555,0.7352737044822569,0.4940616386257347,0.568327277901597,0.256857855361596,0.4905877755494259,0.4118476727785614,0.765236509941077,0.4544891640866873,0.77041666439422,0.603988603988604,0.7244681158042213,0.381211708645337,0.05743307750452402,0.6802096985583224,0.7381156496303156,0.5099520604836363,0.5488576232251587,0.3019715387800343,0.3092173390161105,0.9414483821263482,0.9957598473689823,0.4967266775777414,0.9437052200614124,0.9974376016304112,0.4235357917570499,0.9405255878284924,0.9972396379033485,0.47205882352941175,0.9255663430420712,0.7392165389335236,0.6643356643356644,0.9402622632345798,0.986893714606805,0.5258264462809917,0.9586016559337627,0.9979224376670484,0.35476647472808703,0.9415808313872911,0.9302112633770727,0.9952553160711702,0.9309417040358744,0.9997088654976682,0.9914232860586356
base_d8_s0,base,8,0,80000,0,1911.3305976390839,0.0002530996862333268,0.00011438550232597633,0.0,0.0,0.0,0.0,0.0,0.0,0.0,0.0,0.0,0.0,0.0,0.0,0.0,0.0,0.0,0.0,0.0,0.0,0.0,0.0,0.3690888119953864,0.30465790274427534,0.0,0.0,0.24613899613899615,0.02158832203606595,0.15380695203359562,0.08156155619508532,0.0,0.0,0.0,0.0,0.0,0.0,0.3547257876312719,0.4737627533323684,0.21134421134421136,0.21386796780743195,0.34057045551298426,0.519339107539038,0.22666011362211685,0.3017424571697096,0.0,0.0,0.0,0.0,0.1550759392486011,0.3762418590555124,0.5441819772528433,0.30563431394593527,0.2931407942238267,0.039993152994048715,0.5975189524465886,0.5033317359984485,0.3716334259181981,0.24359328898923416,0.17435897435897435,0.4202155511281875,0.2833607907742998,0.6100761314026213,0.38165879973027644,0.6158622939069847,0.5290068829891839,0.429912765447695,0.2723146747352496,0.2302366953017757,0.6170500676589986,0.6290153513722333,0.4245411200844872,0.45947070106690885,0.29473684210526313,0.03296278787178167,0.39972714870395637,0.5239860027189073,0.42458808618504434,0.5253978777220246,0.5365365365365365,0.8084185165257468,0.3324022346368715,0.05727998736019574,0.6287853011228309,0.7716486019435891,0.46768535782358167,0.49953233215010906,0.2658536585365854,0.33545144207188393,0.42263610315186245,0.6977978542544699,0.4585987261146497,0.7025032379117612,0.5429769392033543,0.8561932099237005,0.4259501965923984,0.3925178848895687,0.6401950539881575,0.7945454213010775,0.49787125476290234,0.6554601735484296,0.3060283177492688,0.32019435844563954,0.9429892141756548,0.9970561928919828,0.45669934640522875,0.9422585590189065,0.9974283350906735,0.3969631236442516,0.9410138248847926,0.9972822108476521,0.4534769833496572,0.9204545454545454,0.5047663561065631,0.6419753086419753,0.939113492450073,0.9870546864410263,0.5181535269709544,0.9557251908396946,0.999493909751886,0.34760383386581467,0.9393451070260245,0.8721426329773945,0.9951178938232316,0.9295964125560539,0.9997613058738646,0.9928807668591288
base_d8_s0,base,8,0,85000,0,2028.8126308918,0.00012427533511072397,6.96682843408539e-05,0.0,0.0,0.0,0.0,0.0,0.0,0.0,0.0,0.0,0.0,0.2542764678687009,0.020187370928796352,0.06356911696717522,0.005046842732199088,0.0,0.0,0.0,0.0,0.0,0.0,0.37209302325581395,0.30011228433896026,0.0,0.0,0.2457831325301205,0.02204535671173304,0.15446903894648362,0.08053941026267332,0.0,0.0,0.0,0.0,0.17480314960629922,0.37988944429326366,0.36533957845433257,0.29989008435043707,0.21101629169899147,0.21385494157614515,0.34667802385008517,0.44769341205114627,0.2453254026347106,0.2720170631855374,0.0,0.0,0.1759853345554537,0.38315817537180374,0.3015075376884422,0.3935274049543954,0.5562671546203111,0.5724684751466377,0.2971014492753623,0.231409370971301,0.5822544995263657,0.6112721029849998,0.3986968485425011,0.4185112856362512,0.18018018018018017,0.42041945780265355,0.26578073089701,0.608552817979726,0.36709721278042146,0.6139928118353679,0.4009009009009009,0.7745839337721038,0.27403482210446634,0.22458544661556484,0.5881126173096975,0.7011398108123181,0.38351692873356713,0.5619910551014756,0.28944246737841045,0.4190213612083638,0.3075684380032206,0.6814775341060186,0.37215713301171605,0.6876634905042183,0.515274949083503,0.6413057765268859,0.3224431818181818,0.3044907964140675,0.6695450016605778,0.7638838744853885,0.4575797863400113,0.5764336440081356,0.33715596330275227,0.3310318434173186,0.3630952380952381,0.6733731941119045,0.4354940213971051,0.6788556390668217,0.5731225296442688,0.6644762114703351,0.42201834862385323,0.3059868116376579,0.6718954248366014,0.7405328724598882,0.5114045110091054,0.5680206969416407,0.31636594759622205,0.3546514282668447,0.9382716049382716,0.9805237446702371,0.4564144736842105,0.9399692149820421,0.983192516701158,0.4066593886462882,0.9376443418013857,0.9831349039806018,0.46206896551724136,0.926829268292683,0.8044471216807525,0.631578947368421,0.9431762991743565,0.9627519705110298,0.518022657054583,0.9574793514836342,0.9994775228481897,0.35527156549520766,0.94152832654781,0.9372400842059927,0.9952336178214958,0.932286995515695,0.999783005339877,0.9936095072593756
base_d8_s0,base,8,0,90000,0,2147.1189765930176,6.86710118316114e-05,3.682578073382615e-05,0.0,0.0,0.0,0.0,0.0,0.0,0.0,0.0,0.0,0.0,0.2523191094619666,0.019950029532816688,0.06307977736549165,0.004987507383204172,0.0,0.0,0.0,0.0,0.0,0.0,0.379746835443038,0.16668201137403105,0.0,0.0,0.24963855421686748,0.021597549792711952,0.15734634741497638,0.04706989029168575,0.0,0.0,0.0,0.0,0.0,0.0,0.37630662020905925,0.299941941993833,0.17807089859851608,0.02471689578432941,0.2929759704251386,0.4189054895265589,0.21183837230817848,0.18589108182618033,0.0,0.0,0.0,0.0,0.17315329626687848,0.3773880871580036,0.5456204379562044,0.7343634601835644,0.28654970760233917,0.21835768502808164,0.6005121638924455,0.6634426703483077,0.3726000187183205,0.4354899611531554,0.17262638717632553,0.337343720296547,0.25874694873881204,0.5730658872359017,0.3588709677419355,0.5798940070978121,0.5483584738243124,0.798142841148481,0.2838427947598253,0.037969673324751756,0.6156901688182721,0.7541242703533639,0.4278265513220252,0.5217511640925042,0.27946537059538273,0.49428760137564226,0.34142640364188165,0.6853611564479712,0.4468864468864469,0.7694761109967927,0.4694104560622914,0.5955207442533776,0.35251798561151076,0.2343388273777741,0.65856,0.6709949233981652,0.4591036288454265,0.5376406961590298,0.34850166481687017,0.5020951060328513,0.42323651452282157,0.7646304204270409,0.4731977818853974,0.7696107577733382,0.5491388044579534,0.7385436991077141,0.36867636867636866,0.055642677886080384,0.6717654557042703,0.787451084153592,0.5011398206450721,0.5651040556396159,0.31327635951707006,0.32827633664933936,0.9407236335642802,0.9970566996001137,0.46317512274959083,0.9396728016359919,0.9974175493300999,0.40315560391730143,0.9373848987108656,0.9972229129120789,0.4592337917485265,0.9277010560519903,0.6908891726555215,0.6366024518388792,0.943524829600779,0.9627510567751407,0.5237358101135191,0.9581167838581474,0.9978837905584671,0.35641352903637524,0.9421507785369907,0.9121891018174735,0.9952263850716042,0.9316143497757847,0.9997323732525148,0.9919277986434217
base_d8_s0,base,8,0,95000,0,2266.7174475193024,4.8160753067350015e-05,1.675384938927588e-05,0.0,0.0,0.0,0.0,0.0,0.0,0.0,0.0,0.0,0.0,0.0,0.0,0.0,0.0,0.0,0.0,0.0,0.0,0.0,0.0,0.379746835443038,0.30826436599633755,0.0,0.0,0.24879459980713597,0.021597110809464058,0.15713535881254348,0.08246536920145041,0.0,0.0,0.0,0.0,0.0,0.0,0.3627906976744186,0.25151716740151475,0.0,0.0,0.44651509504286246,0.5785649943619734,0.20232644817932027,0.20752054044087204,0.0,0.0,0.0,0.0,0.1597444089456869,0.3763018170910646,0.5418181818181819,0.5606095093655462,0.27985347985347986,0.03823530214039436,0.6082979418490689,0.6929207427465954,0.3708044349589899,0.3542998733207227,0.0,0.0,0.2550771730300569,0.5820353611874846,0.3658051689860835,0.5891965309071368,0.4294049008168028,0.8229001955139615,0.2829771554900516,0.04093105095836937,0.6455163483327938,0.7726207913730087,0.3912147963279238,0.5067156671358867,0.28399518652226236,0.4944750272631293,0.36459909228441756,0.7118257804955694,0.4437340153452685,0.7458620850854805,0.603145235892692,0.6592546226137983,0.3298097251585624,0.4718593284168525,0.6684039087947883,0.7642517893025581,0.49136707530750634,0.6365216761536505,0.25404732254047324,0.5350339265044258,0.3731911652703732,0.8055810431820852,0.4344919786096257,0.810868184056381,0.5394456289978679,0.8434304256302191,0.4039344262295082,0.3911339368386543,0.677366524729774,0.751501058992226,0.4936641838576602,0.6758066181771825,0.30093032820627774,0.3519042492042521,0.9406322282189669,0.980532144010971,0.46229508196721314,0.9401534526854219,0.9831900295585198,0.40261153427638735,0.9378166743436205,0.9831328657413436,0.4567779960707269,0.9275834011391375,0.8044693382854513,0.631578947368421,0.9431210500729217,0.9627486386377385,0.5412371134020618,0.9580911593759559,0.9979301244459667,0.3550446998722861,0.9420824322510046,0.936858278618192,0.9952697815709532,0.933408071748879,0.9998770363592636,0.9962441840910365
base_d8_s0,base,8,0,100000,0,2385.4167647361755,3.971038313466124e-05,1.0000000270662288e-05,0.0,0.0,0.0,0.0,0.0,0.0,0.0,0.0,0.0,0.0,0.24895494658615885,0.019456688444951978,0.062238736646539713,0.0048641721112379945,0.0,0.0,0.0,0.0,0.0,0.0,0.3876146788990826,0.20735963367172722,0.0,0.0,0.2416626389560174,0.020887330993235344,0.157319329463775,0.05706174116624064,0.0,0.0,0.0,0.0,0.1792452830188679,0.38007372887303925,0.3691588785046729,0.29996912441094437,0.21085271317829457,0.21078611395905852,0.34523809523809523,0.44756476182398863,0.24624952864850466,0.27125281078791785,0.0,0.0,0.1890909090909091,0.4807284836047451,0.19966996699669967,0.48178715596767757,0.4225352112676056,0.5345628195292891,0.30148619957537154,0.05380049522099134,0.5390855457227138,0.6818456166406869,0.3481734788153902,0.39776186947877706,0.0,0.0,0.16620498614958448,0.3896344175129621,0.2753515914137676,0.7161389453334494,0.4732334047109208,0.4015703930645584,0.28334589299171065,0.2340393094369863,0.6359077231695085,0.6303933350386347,0.38491813668164765,0.40864853962224584,0.29674306393244876,0.4200119939364943,0.3918252290345314,0.7042758339352444,0.4023514043109079,0.7086757298707408,0.5141657922350472,0.8721980251907667,0.3528610354223433,0.057062972939946895,0.6511149228130361,0.7917378455493914,0.470445412390764,0.5829966740652329,0.27560050568900124,0.010853059413187404,0.4146868250539957,0.702110966828214,0.4645820038289726,0.7068589111037681,0.5641547861507128,0.8549188720141444,0.3836734693877551,0.44026741149171267,0.6312456016889515,0.7750249015747791,0.4910075755211856,0.6358713743822565,0.3086217425954009,0.3369224545162727,0.9406322282189669,0.9805343309362164,0.4663934426229508,0.9405737704918032,0.9831939838432506,0.4046840958605665,0.9381918819188192,0.9831367807429878,0.4567354965585054,0.9259560618388935,0.8041419886886609,0.6300527240773286,0.9416342412451362,0.9627473217962031,0.5092975206611571,0.9587029672682778,0.9979327305713469,0.3596043395022336,0.9415231409738759,0.9367776015575906,0.9953638073195429,0.9349775784753364,0.9998860778034354,0.9965244688603622
