conjunto,proceso,n_tipos,superficie,unidad,frac_superficie_dinamica,n_eventos,frac_eventos_costura,frac_eventos_sensor,frac_eventos_censura,superficie_sin_marcas,superficie_transicion_cruda,anio_mediano
Argentina,deforestacion_D1,956,452347.0,px,0.1927817696746533,969,0.07391278397598432,0.1704309073746991,0.032632507388846765,327073.0,448806.0,2002.0
Argentina,deforestacion_D2,1706,642876.0,px,0.27398164011558035,1722,0.06131397533690878,0.19028813010962756,0.02514838918407725,464978.0,642917.0,2001.0
Argentina,deforestacion_D3,1792,650268.0,px,0.2771319712583425,1809,0.06070457037322946,0.19181696978457535,0.025090074227622147,469765.0,650314.0,2001.0
Argentina,expansion_urbana,619,47177.0,px,0.020105948636646467,619,0.02204464039680353,0.039765139792695595,0.19630328337961295,35000.0,47177.0,2012.0
Argentina,degradacion,1606,679880.0,px,0.28975204780047903,1638,0.031140112859745956,0.16728508630667438,0.017198095767538925,533330.0,683156.0,2004.0
Argentina,regeneracion,2495,333263.0,px,0.14203041228765523,2538,0.17029680995285112,0.09874869530790734,0.06876777080608976,220707.0,333611.0,2014.0
mundo,deforestacion_D1,6292,1430082.5985895044,km2,0.16622000009516696,6974,0.1355703583471824,0.17377860030795197,0.055466097514331895,908634.2367476093,1428993.9205090685,2002.0
mundo,deforestacion_D2,8990,1762802.280378118,km2,0.20489235761711322,9764,0.12697694678979657,0.18755115713575607,0.04763579355081262,1124662.2790760298,1764049.6590460204,2002.0
mundo,deforestacion_D3,12273,2067766.0451005222,km2,0.24033861579211466,13113,0.11683867365804035,0.18760215764948568,0.046719123260273124,1341944.199519744,2069515.3823885638,2002.0
mundo,expansion_urbana,12459,517047.95051973156,km2,0.060097025493046526,12459,0.03711094075339602,0.039123207919756285,0.14143172851138588,404504.62804515386,517077.3284803043,2008.0
mundo,degradacion,13768,1046021.50666803,km2,0.12158017663412934,14688,0.06569271147630089,0.16720817774100427,0.06319655504367915,736480.4675733799,1055582.300383798,2007.0
mundo,regeneracion,17777,2049863.287184684,km2,0.2382577594657672,19266,0.1084758117162398,0.13744867479718428,0.10957834850610418,1321351.2708572857,2058856.191684573,2007.0
