conjunto,proceso,anio,superficie
Argentina,deforestacion_D1,1995,30070.0
Argentina,deforestacion_D1,1996,18425.0
Argentina,deforestacion_D1,1997,26997.0
Argentina,deforestacion_D1,1998,37139.0
Argentina,deforestacion_D1,1999,58938.0
Argentina,deforestacion_D1,2000,18160.0
Argentina,deforestacion_D1,2001,32457.0
Argentina,deforestacion_D1,2002,21790.0
Argentina,deforestacion_D1,2003,37448.0
Argentina,deforestacion_D1,2004,41095.0
Argentina,deforestacion_D1,2005,24095.0
Argentina,deforestacion_D1,2006,13391.0
Argentina,deforestacion_D1,2007,13393.0
Argentina,deforestacion_D1,2008,15835.0
Argentina,deforestacion_D1,2009,5072.0
Argentina,deforestacion_D1,2010,10387.0
Argentina,deforestacion_D1,2011,5482.0
Argentina,deforestacion_D1,2012,4739.0
Argentina,deforestacion_D1,2013,1919.0
Argentina,deforestacion_D1,2014,1808.0
Argentina,deforestacion_D1,2016,3366.0
Argentina,deforestacion_D1,2017,2351.0
Argentina,deforestacion_D1,2018,5850.0
Argentina,deforestacion_D1,2019,4756.0
Argentina,deforestacion_D1,2020,2646.0
Argentina,deforestacion_D1,2021,10546.0
Argentina,deforestacion_D1,2022,4216.0
Argentina,deforestacion_D2,1995,33449.0
Argentina,deforestacion_D2,1996,22612.0
Argentina,deforestacion_D2,1997,33597.0
Argentina,deforestacion_D2,1998,54867.0
Argentina,deforestacion_D2,1999,88141.0
Argentina,deforestacion_D2,2000,34196.0
Argentina,deforestacion_D2,2001,63113.0
Argentina,deforestacion_D2,2002,31406.0
Argentina,deforestacion_D2,2003,45138.0
Argentina,deforestacion_D2,2004,46959.0
Argentina,deforestacion_D2,2005,31067.0
Argentina,deforestacion_D2,2006,19144.0
Argentina,deforestacion_D2,2007,19779.0
Argentina,deforestacion_D2,2008,21804.0
Argentina,deforestacion_D2,2009,11287.0
Argentina,deforestacion_D2,2010,16728.0
Argentina,deforestacion_D2,2011,7920.0
Argentina,deforestacion_D2,2012,6517.0
Argentina,deforestacion_D2,2013,2986.0
Argentina,deforestacion_D2,2014,2615.0
Argentina,deforestacion_D2,2016,5970.0
Argentina,deforestacion_D2,2017,3653.0
Argentina,deforestacion_D2,2018,9621.0
Argentina,deforestacion_D2,2019,10053.0
Argentina,deforestacion_D2,2020,4114.0
Argentina,deforestacion_D2,2021,10791.0
Argentina,deforestacion_D2,2022,5377.0
Argentina,deforestacion_D3,1995,33449.0
Argentina,deforestacion_D3,1996,22624.0
Argentina,deforestacion_D3,1997,33753.0
Argentina,deforestacion_D3,1998,54924.0
Argentina,deforestacion_D3,1999,89028.0
Argentina,deforestacion_D3,2000,35710.0
Argentina,deforestacion_D3,2001,64977.0
Argentina,deforestacion_D3,2002,31908.0
Argentina,deforestacion_D3,2003,45225.0
Argentina,deforestacion_D3,2004,47231.0
Argentina,deforestacion_D3,2005,31138.0
Argentina,deforestacion_D3,2006,19149.0
Argentina,deforestacion_D3,2007,20058.0
Argentina,deforestacion_D3,2008,22057.0
Argentina,deforestacion_D3,2009,11384.0
Argentina,deforestacion_D3,2010,16764.0
Argentina,deforestacion_D3,2011,8035.0
Argentina,deforestacion_D3,2012,6728.0
Argentina,deforestacion_D3,2013,3106.0
Argentina,deforestacion_D3,2014,2690.0
Argentina,deforestacion_D3,2016,6027.0
Argentina,deforestacion_D3,2017,3728.0
Argentina,deforestacion_D3,2018,9709.0
Argentina,deforestacion_D3,2019,10389.0
Argentina,deforestacion_D3,2020,4190.0
Argentina,deforestacion_D3,2021,10841.0
Argentina,deforestacion_D3,2022,5475.0
Argentina,expansion_urbana,1993,1344.0
Argentina,expansion_urbana,1994,1343.0
Argentina,expansion_urbana,1995,1040.0
Argentina,expansion_urbana,1996,976.0
Argentina,expansion_urbana,1997,920.0
Argentina,expansion_urbana,1998,924.0
Argentina,expansion_urbana,1999,908.0
Argentina,expansion_urbana,2000,968.0
Argentina,expansion_urbana,2001,1243.0
Argentina,expansion_urbana,2002,631.0
Argentina,expansion_urbana,2003,391.0
Argentina,expansion_urbana,2004,339.0
Argentina,expansion_urbana,2005,1647.0
Argentina,expansion_urbana,2006,2362.0
Argentina,expansion_urbana,2007,1977.0
Argentina,expansion_urbana,2008,1588.0
Argentina,expansion_urbana,2009,1443.0
Argentina,expansion_urbana,2010,1572.0
Argentina,expansion_urbana,2011,1767.0
Argentina,expansion_urbana,2012,2381.0
Argentina,expansion_urbana,2013,5393.0
Argentina,expansion_urbana,2014,2751.0
Argentina,expansion_urbana,2015,910.0
Argentina,expansion_urbana,2017,2622.0
Argentina,expansion_urbana,2018,1168.0
Argentina,expansion_urbana,2019,1995.0
Argentina,expansion_urbana,2021,2820.0
Argentina,expansion_urbana,2022,3754.0
Argentina,degradacion,1995,16312.0
Argentina,degradacion,1996,10258.0
Argentina,degradacion,1997,10645.0
Argentina,degradacion,1998,32045.0
Argentina,degradacion,1999,62013.0
Argentina,degradacion,2000,51734.0
Argentina,degradacion,2001,41174.0
Argentina,degradacion,2002,22658.0
Argentina,degradacion,2003,38226.0
Argentina,degradacion,2004,56964.0
Argentina,degradacion,2005,32130.0
Argentina,degradacion,2006,28296.0
Argentina,degradacion,2007,38182.0
Argentina,degradacion,2008,46260.0
Argentina,degradacion,2009,21966.0
Argentina,degradacion,2010,38554.0
Argentina,degradacion,2011,20054.0
Argentina,degradacion,2012,20193.0
Argentina,degradacion,2013,8968.0
Argentina,degradacion,2014,8371.0
Argentina,degradacion,2016,4862.0
Argentina,degradacion,2017,4903.0
Argentina,degradacion,2018,22610.0
Argentina,degradacion,2019,22861.0
Argentina,degradacion,2020,8026.0
Argentina,degradacion,2021,6089.0
Argentina,degradacion,2022,5605.0
Argentina,regeneracion,1995,2718.0
Argentina,regeneracion,1996,3776.0
Argentina,regeneracion,1997,1775.0
Argentina,regeneracion,1998,4447.0
Argentina,regeneracion,1999,17054.0
Argentina,regeneracion,2000,15870.0
Argentina,regeneracion,2001,11128.0
Argentina,regeneracion,2002,5531.0
Argentina,regeneracion,2003,6095.0
Argentina,regeneracion,2004,15077.0
Argentina,regeneracion,2005,5602.0
Argentina,regeneracion,2006,6296.0
Argentina,regeneracion,2007,7750.0
Argentina,regeneracion,2008,4400.0
Argentina,regeneracion,2009,8418.0
Argentina,regeneracion,2010,21402.0
Argentina,regeneracion,2011,5643.0
Argentina,regeneracion,2012,5440.0
Argentina,regeneracion,2013,6444.0
Argentina,regeneracion,2014,21288.0
Argentina,regeneracion,2016,54061.0
Argentina,regeneracion,2017,15277.0
Argentina,regeneracion,2018,16265.0
Argentina,regeneracion,2019,31550.0
Argentina,regeneracion,2020,17177.0
Argentina,regeneracion,2021,9672.0
Argentina,regeneracion,2022,13256.0
mundo,deforestacion_D1,1993,14016.538681154765
mundo,deforestacion_D1,1995,164381.10723166782
mundo,deforestacion_D1,1996,44687.68816430478
mundo,deforestacion_D1,1997,59621.598480983586
mundo,deforestacion_D1,1998,94439.84706130072
mundo,deforestacion_D1,1999,175433.29052902968
mundo,deforestacion_D1,2000,73188.11665111106
mundo,deforestacion_D1,2001,64724.35391013267
mundo,deforestacion_D1,2002,37845.320144103476
mundo,deforestacion_D1,2003,42329.530402286786
mundo,deforestacion_D1,2004,150367.19037191293
mundo,deforestacion_D1,2005,27532.96319939261
mundo,deforestacion_D1,2006,24327.18933014127
mundo,deforestacion_D1,2007,30255.990557035388
mundo,deforestacion_D1,2008,32404.0743010171
mundo,deforestacion_D1,2009,28539.456402486405
mundo,deforestacion_D1,2010,31580.426921535345
mundo,deforestacion_D1,2011,26824.998869711028
mundo,deforestacion_D1,2012,22381.289734060116
mundo,deforestacion_D1,2013,13145.979235902587
mundo,deforestacion_D1,2014,29373.252162396013
mundo,deforestacion_D1,2015,63.17420519833266
mundo,deforestacion_D1,2016,29576.567674579488
mundo,deforestacion_D1,2017,17204.95904039346
mundo,deforestacion_D1,2018,53405.28564152216
mundo,deforestacion_D1,2019,54545.15526860103
mundo,deforestacion_D1,2020,23149.017802676328
mundo,deforestacion_D1,2021,31419.00167607485
mundo,deforestacion_D1,2022,33915.71156085229
mundo,deforestacion_D2,1993,14016.538681154765
mundo,deforestacion_D2,1995,188793.36284311113
mundo,deforestacion_D2,1996,59062.02853919454
mundo,deforestacion_D2,1997,75969.44473356423
mundo,deforestacion_D2,1998,112842.47650683999
mundo,deforestacion_D2,1999,218641.3571865077
mundo,deforestacion_D2,2000,112093.59440098437
mundo,deforestacion_D2,2001,89465.97189915874
mundo,deforestacion_D2,2002,54396.873423768775
mundo,deforestacion_D2,2003,58554.59994624923
mundo,deforestacion_D2,2004,166351.39878914555
mundo,deforestacion_D2,2005,34137.253744624104
mundo,deforestacion_D2,2006,30079.035025849626
mundo,deforestacion_D2,2007,40189.15048628978
mundo,deforestacion_D2,2008,42844.05251908781
mundo,deforestacion_D2,2009,39476.56915335525
mundo,deforestacion_D2,2010,38333.6069516795
mundo,deforestacion_D2,2011,33381.01173427209
mundo,deforestacion_D2,2012,26165.514901975734
mundo,deforestacion_D2,2013,15686.112326896298
mundo,deforestacion_D2,2014,32273.797720133716
mundo,deforestacion_D2,2015,63.17420519833266
mundo,deforestacion_D2,2016,35122.68753269632
mundo,deforestacion_D2,2017,20066.369042166265
mundo,deforestacion_D2,2018,60814.361336403956
mundo,deforestacion_D2,2019,68614.5898448811
mundo,deforestacion_D2,2020,26020.349520474832
mundo,deforestacion_D2,2021,33625.93749501994
mundo,deforestacion_D2,2022,36357.38814501056
mundo,deforestacion_D3,1993,14016.538681154765
mundo,deforestacion_D3,1995,199613.43252896817
mundo,deforestacion_D3,1996,67807.29570782465
mundo,deforestacion_D3,1997,86423.67333635627
mundo,deforestacion_D3,1998,123970.22958562113
mundo,deforestacion_D3,1999,243801.27174471674
mundo,deforestacion_D3,2000,144238.23624297418
mundo,deforestacion_D3,2001,106575.97154234076
mundo,deforestacion_D3,2002,65966.93074953489
mundo,deforestacion_D3,2003,68084.66063476352
mundo,deforestacion_D3,2004,182443.26684055335
mundo,deforestacion_D3,2005,39458.520733831465
mundo,deforestacion_D3,2006,35788.10063708386
mundo,deforestacion_D3,2007,49552.59930619418
mundo,deforestacion_D3,2008,52831.91750105432
mundo,deforestacion_D3,2009,51673.61225897593
mundo,deforestacion_D3,2010,48615.13964153061
mundo,deforestacion_D3,2011,36684.54388778196
mundo,deforestacion_D3,2012,30791.804321496886
mundo,deforestacion_D3,2013,19825.651388187747
mundo,deforestacion_D3,2014,38303.73209101761
mundo,deforestacion_D3,2015,63.17420519833266
mundo,deforestacion_D3,2016,42057.67620587664
mundo,deforestacion_D3,2017,26258.40703772455
mundo,deforestacion_D3,2018,87275.76357521511
mundo,deforestacion_D3,2019,90787.95141990148
mundo,deforestacion_D3,2020,32891.82191368179
mundo,deforestacion_D3,2021,40050.07121027905
mundo,deforestacion_D3,2022,42565.089657751734
mundo,expansion_urbana,1993,10038.207163689041
mundo,expansion_urbana,1994,10045.142175910922
mundo,expansion_urbana,1995,10279.07681659586
mundo,expansion_urbana,1996,10320.66638937488
mundo,expansion_urbana,1997,9803.894631944675
mundo,expansion_urbana,1998,10266.653835123829
mundo,expansion_urbana,1999,9700.742167416547
mundo,expansion_urbana,2000,10527.832305250768
mundo,expansion_urbana,2001,29520.38927060618
mundo,expansion_urbana,2002,28979.89963805066
mundo,expansion_urbana,2003,28308.26783215393
mundo,expansion_urbana,2004,29299.238782247336
mundo,expansion_urbana,2005,18999.910394271054
mundo,expansion_urbana,2006,17301.43715146297
mundo,expansion_urbana,2007,17896.901775867897
mundo,expansion_urbana,2008,16760.00136666039
mundo,expansion_urbana,2009,14968.33891074039
mundo,expansion_urbana,2010,15030.391268748243
mundo,expansion_urbana,2011,14225.09547496821
mundo,expansion_urbana,2012,17693.192531619512
mundo,expansion_urbana,2013,25836.54232148119
mundo,expansion_urbana,2014,23957.615978384954
mundo,expansion_urbana,2015,13702.74364197839
mundo,expansion_urbana,2016,8909.059041806737
mundo,expansion_urbana,2017,20410.086103753027
mundo,expansion_urbana,2018,12988.53106915416
mundo,expansion_urbana,2019,17044.573616076985
mundo,expansion_urbana,2020,11190.256060484968
mundo,expansion_urbana,2021,24012.981536094747
mundo,expansion_urbana,2022,29030.281267813134
mundo,degradacion,1993,4842.210460929893
mundo,degradacion,1995,41559.35546312126
mundo,degradacion,1996,20051.781236348852
mundo,degradacion,1997,24087.35215867944
mundo,degradacion,1998,44230.66934590307
mundo,degradacion,1999,103704.57967379075
mundo,degradacion,2000,71261.93375982031
mundo,degradacion,2001,51397.023067323906
mundo,degradacion,2002,29605.752056975514
mundo,degradacion,2003,27345.63355277509
mundo,degradacion,2004,46835.411015562655
mundo,degradacion,2005,20814.065291306746
mundo,degradacion,2006,20121.314154696673
mundo,degradacion,2007,28821.1093818775
mundo,degradacion,2008,36101.6645929079
mundo,degradacion,2009,32809.62443065625
mundo,degradacion,2010,38632.77339850624
mundo,degradacion,2011,34040.99703728976
mundo,degradacion,2012,22420.645027177565
mundo,degradacion,2013,14662.650856394936
mundo,degradacion,2014,22139.9763211114
mundo,degradacion,2015,499.73680704705623
mundo,degradacion,2016,27181.449205009925
mundo,degradacion,2017,17082.481271347544
mundo,degradacion,2018,83768.28038416362
mundo,degradacion,2019,98127.71356152382
mundo,degradacion,2020,22967.575616981885
mundo,degradacion,2021,27688.28837380844
mundo,degradacion,2022,33597.212374215065
mundo,regeneracion,1995,86442.3412608751
mundo,regeneracion,1996,59783.70332241368
mundo,regeneracion,1997,48855.77498185924
mundo,regeneracion,1998,46998.31359060941
mundo,regeneracion,1999,154780.19008806202
mundo,regeneracion,2000,127039.33878596433
mundo,regeneracion,2001,89961.60697383017
mundo,regeneracion,2002,47531.22601199238
mundo,regeneracion,2003,67994.65562391026
mundo,regeneracion,2004,131190.52146704565
mundo,regeneracion,2005,50633.009209205644
mundo,regeneracion,2006,54669.86439960491
mundo,regeneracion,2007,71995.87860996713
mundo,regeneracion,2008,85642.65423945854
mundo,regeneracion,2009,70219.7498770165
mundo,regeneracion,2010,25529.561395958055
mundo,regeneracion,2011,24265.38490161073
mundo,regeneracion,2012,13862.332755001387
mundo,regeneracion,2013,19506.53927359245
mundo,regeneracion,2014,61962.469347941624
mundo,regeneracion,2016,135972.33241428024
mundo,regeneracion,2017,54455.8566238477
mundo,regeneracion,2018,96541.61382937572
mundo,regeneracion,2019,150373.3445368851
mundo,regeneracion,2020,49478.3841939767
mundo,regeneracion,2021,103634.15490757785
mundo,regeneracion,2022,121041.11821784028
