conjunto,base,transitorio,superficie,n,frac_superficie_dinamica
Argentina,Sp,B,248.0,17,0.0001056929279498129
Argentina,Sh,F,163.0,13,6.94675292573367e-05
Argentina,F,Sh,52.0,13,2.2161420376573673e-05
Argentina,F,A,32.0,9,1.3637797154814568e-05
Argentina,A,F,26.0,12,1.1080710188286836e-05
Argentina,Sp,G,26.0,7,1.1080710188286836e-05
Argentina,B,G,20.0,2,8.523623221759106e-06
Argentina,G,Sp,17.0,4,7.245079738495239e-06
Argentina,F,G,6.0,4,2.5570869665277316e-06
Argentina,F,Wt,5.0,2,2.1309058054397765e-06
Argentina,F,Wa,2.0,1,8.523623221759105e-07
Argentina,F,Sp,2.0,1,8.523623221759105e-07
Argentina,F,B,1.0,1,4.2618116108795526e-07
Argentina,B,Sp,1.0,1,4.2618116108795526e-07
Argentina,A,Sh,1.0,1,4.2618116108795526e-07
Argentina,G,B,1.0,1,4.2618116108795526e-07
mundo,F,Sh,4503.905692792601,360,0.0005234936817097101
mundo,B,Wa,4418.545289135437,204,0.0005135721524791527
mundo,F,G,1812.4534346024316,292,0.00021066336333946137
mundo,F,Sp,1706.2243558904352,186,0.00019831624612327183
mundo,F,B,1343.4051244069842,102,0.0001561453863762968
mundo,F,Wt,1131.3224371216536,221,0.00013149479323187248
mundo,F,A,977.9499340323064,260,0.00011366814636318693
mundo,Wa,B,613.8016075329114,122,7.134280450874857e-05
mundo,B,B,424.8031141361955,31,4.9375311427318464e-05
mundo,Sp,G,318.9993140861418,167,3.7077624795976476e-05
mundo,Sp,B,271.0724182998651,132,3.150703144003098e-05
mundo,A,F,183.6713067120967,140,2.134830858670391e-05
mundo,Sh,F,138.03856507583515,106,1.6044367173387426e-05
mundo,G,Sp,98.2939787824418,97,1.1424812230207166e-05
mundo,Wt,F,40.8002847198501,45,4.742259878349166e-06
mundo,G,F,37.84947838848857,61,4.399284564081656e-06
mundo,U,Sp,29.351452713645624,9,3.4115501284103735e-06
mundo,B,Sp,28.23091688456794,29,3.2813090739428654e-06
mundo,G,B,19.8804853554684,21,2.3107296606064555e-06
mundo,F,Wa,19.845179965860844,26,2.306626078149249e-06
mundo,B,G,17.155669853022854,23,1.9940214973699216e-06
mundo,U,G,14.408324179225149,9,1.6746946286907833e-06
mundo,A,G,7.468723536546846,14,8.680975687558468e-07
mundo,Sp,F,5.886400863044289,16,6.841825451064498e-07
mundo,Wa,Wa,3.5889667585058174,7,4.1714936992365014e-07
mundo,A,Sh,3.582825478248345,9,4.1643556247924916e-07
mundo,B,F,1.2166762712562627,5,1.414155588799342e-07
mundo,B,A,1.116565192016286,4,1.29779543158039e-07
mundo,Sp,A,1.0840080292235792,3,1.259953899854603e-07
mundo,U,Wa,0.9695464264462957,5,1.1269139786409735e-07
mundo,A,Sp,0.8841540445167626,3,1.0276615176540834e-07
mundo,Wa,A,0.5925597559287494,4,6.887384182145499e-08
mundo,Wa,F,0.5840783401083385,6,6.788803796658232e-08
mundo,A,Wa,0.5356350981476765,1,6.22574291533198e-08
mundo,G,Sh,0.4630236157454059,2,5.381772040941941e-08
mundo,Wt,Wa,0.4468255255060849,3,5.1934999394719264e-08
mundo,Wa,Wt,0.41525604491149276,2,4.8265645559763794e-08
mundo,G,Wa,0.4106359835132146,3,4.772865097859842e-08
mundo,G,A,0.3794146400429578,3,4.409976148667965e-08
mundo,A,B,0.34577367138069004,2,4.018963642134506e-08
mundo,Sp,Wa,0.2208988398459802,3,2.5675303801637752e-08
mundo,Wa,Sp,0.200728763364392,2,2.333091466076165e-08
mundo,U,Wt,0.163010059586605,3,1.894683016681909e-08
mundo,Wa,G,0.132544022017138,2,1.5405730671803297e-08
mundo,Sh,Sp,0.1176549682826183,2,1.3675160342781902e-08
mundo,Sh,G,0.1118806196392376,1,1.3004001744670902e-08
mundo,Sh,A,0.0941680860176327,1,1.0945255387521555e-08
mundo,A,Wt,0.0870510316248848,1,1.0118032692128535e-08
mundo,F,F,0.0819688092903055,2,9.527320660690191e-09
mundo,Sh,Wa,0.0758477703442093,1,8.815865885136573e-09
mundo,Wa,Sh,0.0599442863640761,1,6.967387264881703e-09
mundo,U,A,0.0590657653990642,1,6.8652758518542925e-09
mundo,Sh,B,0.0542753298663806,1,6.308478506383536e-09
mundo,U,Sh,0.0463841242175735,1,5.391275398682337e-09
mundo,U,B,0.0443407607062441,1,5.153773114980242e-09
