conjunto,proceso_a,proceso_b,superficie,frac_de_a
Argentina,deforestacion_D1,deforestacion_D1,452347.0,1.0
Argentina,deforestacion_D1,deforestacion_D2,452347.0,1.0
Argentina,deforestacion_D1,deforestacion_D3,452347.0,1.0
Argentina,deforestacion_D1,expansion_urbana,590.0,0.001304308418094958
Argentina,deforestacion_D1,degradacion,58.0,0.00012822014957543655
Argentina,deforestacion_D1,regeneracion,11849.0,0.026194492281368064
Argentina,deforestacion_D2,deforestacion_D1,452347.0,0.7036302490682496
Argentina,deforestacion_D2,deforestacion_D2,642876.0,1.0
Argentina,deforestacion_D2,deforestacion_D3,642876.0,1.0
Argentina,deforestacion_D2,expansion_urbana,855.0,0.0013299609878110242
Argentina,deforestacion_D2,degradacion,15555.0,0.024195956918597054
Argentina,deforestacion_D2,regeneracion,13670.0,0.021263820705703745
Argentina,deforestacion_D3,deforestacion_D1,452347.0,0.6956316472592838
Argentina,deforestacion_D3,deforestacion_D2,642876.0,0.9886323792651646
Argentina,deforestacion_D3,deforestacion_D3,650268.0,1.0
Argentina,deforestacion_D3,expansion_urbana,857.0,0.0013179181506701853
Argentina,deforestacion_D3,degradacion,15557.0,0.02392398211199075
Argentina,deforestacion_D3,regeneracion,13689.0,0.02105132037867464
Argentina,expansion_urbana,deforestacion_D1,590.0,0.012506094071263539
Argentina,expansion_urbana,deforestacion_D2,855.0,0.018123238018525976
Argentina,expansion_urbana,deforestacion_D3,857.0,0.018165631557750597
Argentina,expansion_urbana,expansion_urbana,47177.0,1.0
Argentina,expansion_urbana,degradacion,156.0,0.003306696059520529
Argentina,expansion_urbana,regeneracion,80.0,0.0016957415689848867
Argentina,degradacion,deforestacion_D1,58.0,8.530917220686004e-05
Argentina,degradacion,deforestacion_D2,15555.0,0.02287903747720186
Argentina,degradacion,deforestacion_D3,15557.0,0.0228819791727952
Argentina,degradacion,expansion_urbana,156.0,0.00022945225628052008
Argentina,degradacion,degradacion,679880.0,1.0
Argentina,degradacion,regeneracion,27436.0,0.04035418014943814
Argentina,regeneracion,deforestacion_D1,11849.0,0.03555450199992198
Argentina,regeneracion,deforestacion_D2,13670.0,0.041018654936191536
Argentina,regeneracion,deforestacion_D3,13689.0,0.04107566696572977
Argentina,regeneracion,expansion_urbana,80.0,0.00024005065068729501
Argentina,regeneracion,degradacion,27436.0,0.08232537065320783
Argentina,regeneracion,regeneracion,333263.0,1.0
mundo,deforestacion_D1,deforestacion_D1,1430082.5985895044,1.0
mundo,deforestacion_D1,deforestacion_D2,1430082.5985895044,1.0
mundo,deforestacion_D1,deforestacion_D3,1430082.5985895044,1.0
mundo,deforestacion_D1,expansion_urbana,4518.789735161948,0.0031598103071940366
mundo,deforestacion_D1,degradacion,157.62251619871415,0.00011021916940614326
mundo,deforestacion_D1,regeneracion,84368.29702561419,0.0589954014606058
mundo,deforestacion_D2,deforestacion_D1,1430082.5985895044,0.811255246551391
mundo,deforestacion_D2,deforestacion_D2,1762802.280378118,1.0
mundo,deforestacion_D2,deforestacion_D3,1762802.280378118,1.0
mundo,deforestacion_D2,expansion_urbana,5553.293953291197,0.003150264788686355
mundo,deforestacion_D2,degradacion,7350.648338797954,0.004169865458320858
mundo,deforestacion_D2,regeneracion,89585.78867896958,0.05082010028926987
mundo,deforestacion_D3,deforestacion_D1,1430082.5985895044,0.6916075452433413
mundo,deforestacion_D3,deforestacion_D2,1762802.280378118,0.8525153435781567
mundo,deforestacion_D3,deforestacion_D3,2067766.0451005222,1.0
mundo,deforestacion_D3,expansion_urbana,6223.486062732261,0.0030097631583991475
mundo,deforestacion_D3,degradacion,8528.269831630916,0.004124388178168543
mundo,deforestacion_D3,regeneracion,91409.71847624642,0.04420699270734114
mundo,expansion_urbana,deforestacion_D1,4518.789735161948,0.00873959510064725
mundo,expansion_urbana,deforestacion_D2,5553.293953291197,0.010740384809008682
mundo,expansion_urbana,deforestacion_D3,6223.486062732261,0.012036574279960832
mundo,expansion_urbana,expansion_urbana,517047.95051973156,1.0
mundo,expansion_urbana,degradacion,884.267582546831,0.0017102235521057067
mundo,expansion_urbana,regeneracion,702.2669282145357,0.0013582239858191563
mundo,degradacion,deforestacion_D1,157.62251619871415,0.00015068764379501227
mundo,degradacion,deforestacion_D2,7350.648338797954,0.007027243982977482
mundo,degradacion,deforestacion_D3,8528.269831630916,0.00815305400249049
mundo,degradacion,expansion_urbana,884.267582546831,0.0008453627166458118
mundo,degradacion,degradacion,1046021.50666803,1.0
mundo,degradacion,regeneracion,63449.024554562646,0.0606574761131552
mundo,regeneracion,deforestacion_D1,84368.29702561419,0.04115801163573547
mundo,regeneracion,deforestacion_D2,89585.78867896958,0.04370329925856088
mundo,regeneracion,deforestacion_D3,91409.71847624642,0.04459308044966746
mundo,regeneracion,expansion_urbana,702.2669282145357,0.000342592080459688
mundo,regeneracion,degradacion,63449.024554562646,0.030952807902474597
mundo,regeneracion,regeneracion,2049863.287184684,1.0
