metodo,d,semilla,parametros
AE,1,0.0,797441
AE,1,1.0,797441
AE,1,2.0,797441
AE lineal,1,0.0,1024
AE lineal,1,1.0,1024
AE lineal,1,2.0,1024
PCA,1,,682
MCA,1,,558
AE,2,0.0,797698
AE,2,1.0,797698
AE,2,2.0,797698
AE lineal,2,0.0,1707
AE lineal,2,1.0,1707
AE lineal,2,2.0,1707
PCA,2,,1023
MCA,2,,837
AE,3,0.0,797955
AE,3,1.0,797955
AE,3,2.0,797955
AE lineal,3,0.0,2390
AE lineal,3,1.0,2390
AE lineal,3,2.0,2390
PCA,3,,1364
MCA,3,,1116
AE,4,0.0,798212
AE,4,1.0,798212
AE,4,2.0,798212
AE lineal,4,0.0,3073
AE lineal,4,1.0,3073
AE lineal,4,2.0,3073
PCA,4,,1705
MCA,4,,1395
AE,7,0.0,798983
AE,7,1.0,798983
AE,7,2.0,798983
AE lineal,7,0.0,5122
AE lineal,7,1.0,5122
AE lineal,7,2.0,5122
PCA,7,,2728
MCA,7,,2232
AE,10,0.0,799754
AE,10,1.0,799754
AE,10,2.0,799754
AE lineal,10,0.0,7171
AE lineal,10,1.0,7171
AE lineal,10,2.0,7171
PCA,10,,3751
MCA,10,,3069
AE,13,0.0,800525
AE,13,1.0,800525
AE,13,2.0,800525
AE lineal,13,0.0,9220
AE lineal,13,1.0,9220
AE lineal,13,2.0,9220
PCA,13,,4774
MCA,13,,3906
AE,16,0.0,801296
AE,16,1.0,801296
AE,16,2.0,801296
AE lineal,16,0.0,11269
AE lineal,16,1.0,11269
AE lineal,16,2.0,11269
PCA,16,,5797
MCA,16,,4743
AE,19,0.0,802067
AE,19,1.0,802067
AE,19,2.0,802067
AE lineal,19,0.0,13318
AE lineal,19,1.0,13318
AE lineal,19,2.0,13318
PCA,19,,6820
MCA,19,,5580
AE,22,0.0,802838
AE,22,1.0,802838
AE,22,2.0,802838
AE lineal,22,0.0,15367
AE lineal,22,1.0,15367
AE lineal,22,2.0,15367
PCA,22,,7843
MCA,22,,6417
AE,25,0.0,803609
AE,25,1.0,803609
AE,25,2.0,803609
AE lineal,25,0.0,17416
AE lineal,25,1.0,17416
AE lineal,25,2.0,17416
PCA,25,,8866
MCA,25,,7254
AE,28,0.0,804380
AE,28,1.0,804380
AE,28,2.0,804380
AE lineal,28,0.0,19465
AE lineal,28,1.0,19465
AE lineal,28,2.0,19465
PCA,28,,9889
MCA,28,,8091
AE,31,0.0,805151
AE,31,1.0,805151
AE,31,2.0,805151
AE lineal,31,0.0,21514
AE lineal,31,1.0,21514
AE lineal,31,2.0,21514
PCA,31,,10912
MCA,31,,8928
