espacio,d,k,ari_entre_semillas_media,ari_min,ari_max
AE,4,4,0.24915626952551415,0.15876887247902866,0.32299954186671986
AE,4,8,0.32788885150718444,0.28041958767320413,0.3588710467777567
AE,4,12,0.37995272092252796,0.3238074696031683,0.42095838397732754
AE,4,16,0.3415920578741353,0.32075694729380205,0.36461034851787233
AE,4,20,0.3091953775219543,0.28041181835387385,0.32809319396728037
AE,4,24,0.317532071659183,0.303673047102148,0.337166910792192
AE,4,28,0.328820743409075,0.30606335547964597,0.3661777430436989
AE,4,32,0.29915124737782955,0.2579363322673836,0.3578541919623905
AE,4,36,0.34699794979114856,0.30973677462794325,0.3903886087565563
AE,4,40,0.3083277582816235,0.28431680596263403,0.3472002741606271
AE,4,44,0.3080282878601554,0.28643154672692517,0.3362176033428501
AE,4,48,0.30674150376731796,0.2776113754889336,0.3233627418966473
AE,2,4,0.31121432317232256,0.2786760439365012,0.330111549388204
AE,2,8,0.34060317041037996,0.2863628827916166,0.43934617756666206
AE,2,12,0.30150177782018767,0.2726852924964587,0.33589203981358257
AE,2,16,0.3338826373004576,0.3199188509655865,0.34574433809417443
AE,2,20,0.3243529332644438,0.29712284686816703,0.34223260733343874
AE,2,24,0.34386147158163255,0.32559090284176284,0.36002107403126893
AE,2,28,0.3479454709113748,0.3154731914551749,0.37057520109532904
AE,2,32,0.3664577068959633,0.3410836814192221,0.3984579650284856
AE,2,36,0.36305501000271506,0.333404519384614,0.3904904337599252
AE,2,40,0.334947640638676,0.3103515614102993,0.3702751660885319
AE,2,44,0.3458102010172768,0.33414963118586904,0.36197472712080125
AE,2,48,0.3576910289151051,0.3263785135131927,0.41370460961350825
AE,7,4,0.25441272649895375,0.17036936731318666,0.3190098884822838
AE,7,8,0.26668967352382944,0.20947695690604753,0.31096377518902674
AE,7,12,0.23184801447335554,0.17924216046754973,0.30754900475969393
AE,7,16,0.25756353722605285,0.23772665967172416,0.2852892669858539
AE,7,20,0.25165021217248656,0.2375351196281209,0.26851587534315124
AE,7,24,0.28478438690650854,0.28393146756773574,0.2859451882583747
AE,7,28,0.2608033586068394,0.24117204260942313,0.28339756727886045
AE,7,32,0.31127832555811336,0.2860660121817884,0.343340565103053
AE,7,36,0.2938481495386782,0.2831075664912857,0.31455246871397513
AE,7,40,0.2964210552468642,0.2833127893117674,0.3041040575987585
AE,7,44,0.2942569095607319,0.27959172947774613,0.3127079555718439
AE,7,48,0.29501937057013805,0.28319294931955735,0.309103474137487
AE lineal,4,4,0.3815834088044297,0.3145796988614613,0.5061674734395739
AE lineal,4,8,0.31431986694691294,0.2811013089448762,0.37088439964613507
AE lineal,4,12,0.2861300016100536,0.24483705272029446,0.33818461630039653
AE lineal,4,16,0.2890917296846978,0.2349989416756325,0.33696980870318616
AE lineal,4,20,0.301083552257651,0.2638526204149988,0.36854373687058395
AE lineal,4,24,0.2602776764898106,0.21864173683551022,0.29614055689807367
AE lineal,4,28,0.30015131391040745,0.25671950952660233,0.35578621908006103
AE lineal,4,32,0.2821728278630253,0.2517760704551916,0.3090454595741108
AE lineal,4,36,0.26688774426874945,0.2400782393129373,0.31636897374425693
AE lineal,4,40,0.26753683994090394,0.23102558524161942,0.3268483700465363
AE lineal,4,44,0.2695998264592934,0.22144293093550185,0.31847234549456044
AE lineal,4,48,0.27753148741124295,0.24429578738310603,0.3149945423182162
AE lineal,2,4,0.44090229031766626,0.3645962762941276,0.4898095319468386
AE lineal,2,8,0.41474468194144154,0.4046280619645682,0.42079907840084757
AE lineal,2,12,0.338971841039771,0.3030197196431354,0.38805509583467623
AE lineal,2,16,0.32575788490758417,0.2898586443227185,0.3606318171210192
AE lineal,2,20,0.3047856198082424,0.264299821220346,0.3690923413338623
AE lineal,2,24,0.29837861255026304,0.26852031380465763,0.3485579688176503
AE lineal,2,28,0.30550369018825674,0.27823421313358143,0.3580279633818776
AE lineal,2,32,0.29153646946234896,0.2531982796750619,0.3673832812872393
AE lineal,2,36,0.2780703098570283,0.2494250608457385,0.3328327057374459
AE lineal,2,40,0.255551922638731,0.21670817924021518,0.3078998459162298
AE lineal,2,44,0.26259944109703137,0.23572620162276112,0.3104814737022424
AE lineal,2,48,0.25414256029244936,0.22930524071211728,0.2908018483515913
AE lineal,7,4,0.2497815099261993,0.1780231263426945,0.32153365773581133
AE lineal,7,8,0.27490670029180747,0.24395405601030443,0.33023442307698686
AE lineal,7,12,0.25915072711839743,0.22820844170238053,0.2895725285633033
AE lineal,7,16,0.29112649831851395,0.24928867967892426,0.3441505106818808
AE lineal,7,20,0.2892214753820328,0.2652168971005772,0.3099857360673301
AE lineal,7,24,0.3092557397860723,0.2852989399713959,0.3361844202938846
AE lineal,7,28,0.31520681473088424,0.30922971850942893,0.32371325310617705
AE lineal,7,32,0.2982249666275558,0.28261756641063024,0.3230126716707255
AE lineal,7,36,0.3207689425815777,0.2963422005129317,0.34244067838939224
AE lineal,7,40,0.32300131123263787,0.31173987339011694,0.33228616311073583
AE lineal,7,44,0.3117312237750332,0.2875656126895553,0.3551677631346091
AE lineal,7,48,0.3141747111462271,0.2940455230628046,0.332253879235568
