universo,proceso,n_tipos,superficie,frac,unidad,evaluable
argentina,(dinámicas),7818,2346420.0,1.0,px,True
argentina,deforestacion_D1,956,452347.0,0.1927817696746533,px,True
argentina,deforestacion_D2,1706,642876.0,0.27398164011558035,px,True
argentina,deforestacion_D3,1792,650268.0,0.2771319712583425,px,True
argentina,expansion_urbana,619,47177.0,0.020105948636646467,px,True
argentina,degradacion,1606,679880.0,0.28975204780047903,px,True
argentina,regeneracion,2495,333263.0,0.14203041228765523,px,True
latam,(dinámicas),22290,1586314.4647715825,1.0,km2,True
latam,deforestacion_D1,3231,534151.5496189023,0.33672488115136495,km2,True
latam,deforestacion_D2,4814,625067.3167841148,0.39403745642205934,km2,True
latam,deforestacion_D3,5320,630315.8830307875,0.3973461107672294,km2,True
latam,expansion_urbana,3182,43414.42063313191,0.0273681048728149,km2,True
latam,degradacion,5112,287771.2574587583,0.18140870795135516,km2,True
latam,regeneracion,8093,409029.5818268946,0.25784898953549656,km2,True
mundo,(dinámicas),69939,8603553.108956385,1.0,km2,True
mundo,deforestacion_D1,6292,1430082.5985895044,0.16622000009516696,km2,True
mundo,deforestacion_D2,8990,1762802.280378118,0.20489235761711322,km2,True
mundo,deforestacion_D3,12273,2067766.0451005222,0.24033861579211466,km2,True
mundo,expansion_urbana,12459,517047.95051973156,0.060097025493046526,km2,True
mundo,degradacion,13768,1046021.50666803,0.12158017663412934,km2,True
mundo,regeneracion,17777,2049863.287184684,0.2382577594657672,km2,True
mundo sin latam,(dinámicas),47650,91633.50959259918,1.0,km2,True
mundo sin latam,deforestacion_D1,3061,1995.0247339615921,0.02177178133666858,km2,True
mundo sin latam,deforestacion_D2,4176,2663.882792292755,0.02907105494634361,km2,True
mundo sin latam,deforestacion_D3,6953,9825.116485175911,0.10722187253176475,km2,True
mundo sin latam,expansion_urbana,9277,15545.537421007873,0.16964904531238664,km2,True
mundo sin latam,degradacion,8656,10348.063922245437,0.1129288179428326,km2,True
mundo sin latam,regeneracion,9684,7032.477349784451,0.07674569468146217,km2,True
