espacio,d,semilla,n_cambios,k,negativos,auc_tipo,auc_px,n_anclas,dist_rel_mediana
AE,1,0.0,1,1,general,0.9910256152714844,0.9972919894780995,1345,0.003299962607516815
AE,1,0.0,1,1,mismo_anio,0.9804116631642747,0.9941165512527118,1345,
AE,1,0.0,1,2,general,0.9811697865524354,0.9941580459257519,1338,0.00660721850311077
AE,1,0.0,1,2,mismo_anio,0.9687446647766146,0.9899541498584806,1338,
AE,1,0.0,1,5,general,0.9552874535082342,0.9814945675770721,1265,0.02798169942289706
AE,1,0.0,1,5,mismo_anio,0.941428739193566,0.975611713804077,1265,
AE,1,0.0,1,10,general,0.9125965919568229,0.9599298259852096,1251,0.10811802053659403
AE,1,0.0,1,10,mismo_anio,0.902262006583824,0.9563209096934889,1251,
AE,1,0.0,2,1,general,0.9924094975945801,0.9941587989586851,4966,0.0042207565846826426
AE,1,0.0,2,2,general,0.98457217037556,0.9855138847862084,5224,0.008230363854706975
AE,1,0.0,2,5,general,0.9571014976168258,0.9663467342513629,4966,0.026685613387909347
AE,1,0.0,2,10,general,0.8898479773278329,0.9151850257064443,4416,0.11758593378070349
AE,1,0.0,3,1,general,0.9899095342380648,0.9893033050166369,218,0.004447343911432934
AE,1,0.0,3,2,general,0.9627718169611814,0.9423989156824583,277,0.009264221216665994
AE,1,0.0,3,5,general,0.9281939775104812,0.9264033854901526,283,0.033865465045947764
AE,1,0.0,3,10,general,0.8756201903945493,0.8764325629522705,174,0.10762158410019897
AE lineal,1,0.0,1,1,general,0.971697173180092,0.9847813950355903,1345,0.033655061399980944
AE lineal,1,0.0,1,1,mismo_anio,0.9657762546537586,0.9816012776858682,1345,
AE lineal,1,0.0,1,2,general,0.9420985883549442,0.9700771824034197,1338,0.07042254480833805
AE lineal,1,0.0,1,2,mismo_anio,0.9285268233398416,0.9651581816749677,1338,
AE lineal,1,0.0,1,5,general,0.8537754049099338,0.9254827839781999,1265,0.20334872370735393
AE lineal,1,0.0,1,5,mismo_anio,0.8373518355327938,0.9192352256135646,1265,
AE lineal,1,0.0,1,10,general,0.6962180417746937,0.83412071200676,1251,0.47036197158302606
AE lineal,1,0.0,1,10,mismo_anio,0.6878399421734962,0.8396093774013752,1251,
AE lineal,1,0.0,2,1,general,0.9785648655663698,0.9824180299155054,4966,0.032348053747595445
AE lineal,1,0.0,2,2,general,0.958302937458776,0.9655580996414845,5224,0.06685793087798016
AE lineal,1,0.0,2,5,general,0.8973192757272749,0.9138748679064302,4966,0.16956113156296587
AE lineal,1,0.0,2,10,general,0.7851787919099082,0.8161741040459806,4416,0.37608949533786545
AE lineal,1,0.0,3,1,general,0.9791612634796389,0.9804904314123141,218,0.027778396077927824
AE lineal,1,0.0,3,2,general,0.9497437449028182,0.9510653914103366,277,0.06971578988172246
AE lineal,1,0.0,3,5,general,0.8839099165258005,0.8926386289914316,283,0.17659969643229204
AE lineal,1,0.0,3,10,general,0.7672623586915996,0.775636657485318,174,0.3622235718831212
AE,1,1.0,1,1,general,0.9856421407496223,0.994846707682312,1345,0.0030887489870269663
AE,1,1.0,1,1,mismo_anio,0.9791896294572149,0.992059952300115,1345,
AE,1,1.0,1,2,general,0.9733984201570001,0.9921507053743022,1338,0.006354198180192951
AE,1,1.0,1,2,mismo_anio,0.9632652932102614,0.9880576613163069,1338,
AE,1,1.0,1,5,general,0.9487543527916845,0.9812528708920863,1265,0.023851681281188825
AE,1,1.0,1,5,mismo_anio,0.9347364517180786,0.9750655873704889,1265,
AE,1,1.0,1,10,general,0.865434918297182,0.9499777733532851,1251,0.12223442598725309
AE,1,1.0,1,10,mismo_anio,0.8564467761043508,0.95107178802155,1251,
AE,1,1.0,2,1,general,0.9875478001144665,0.9916407146247724,4966,0.0033923577727093587
AE,1,1.0,2,2,general,0.98014749557517,0.986290616811695,5224,0.006472126169946359
AE,1,1.0,2,5,general,0.946044319430935,0.958758025018094,4966,0.0268621655138251
AE,1,1.0,2,10,general,0.8719258040333578,0.8991268100427622,4416,0.1751777852611031
AE,1,1.0,3,1,general,0.98619974435465,0.9764867334032292,218,0.003929213202618236
AE,1,1.0,3,2,general,0.9802350110445027,0.9844581445539213,277,0.008410844109709494
AE,1,1.0,3,5,general,0.9428738965686523,0.9502663010371576,283,0.03341969289363376
AE,1,1.0,3,10,general,0.8489307205696718,0.8415489134977079,174,0.1716172822290096
AE lineal,1,1.0,1,1,general,0.9725640857302215,0.986984838015214,1345,0.033420880663438776
AE lineal,1,1.0,1,1,mismo_anio,0.964837297673246,0.9853841923581105,1345,
AE lineal,1,1.0,1,2,general,0.943753648503866,0.973090094413662,1338,0.0701817889230428
AE lineal,1,1.0,1,2,mismo_anio,0.927753823051756,0.9665743042183034,1338,
AE lineal,1,1.0,1,5,general,0.8585201530822265,0.9334203266676204,1265,0.19367533513900834
AE lineal,1,1.0,1,5,mismo_anio,0.8404878943047673,0.9245759806306452,1265,
AE lineal,1,1.0,1,10,general,0.7013532930031452,0.8442365322719826,1251,0.4809684318571523
AE lineal,1,1.0,1,10,mismo_anio,0.6952710109282977,0.8425217338242865,1251,
AE lineal,1,1.0,2,1,general,0.9781657935067707,0.9817333030632195,4966,0.03217221670709682
AE lineal,1,1.0,2,2,general,0.9562556574382801,0.9623909632091696,5224,0.0655153404451268
AE lineal,1,1.0,2,5,general,0.893872336528608,0.9046261373409841,4966,0.16057752423906674
AE lineal,1,1.0,2,10,general,0.7712693378644134,0.7849784113752951,4416,0.3630173873238135
AE lineal,1,1.0,3,1,general,0.9713903486016603,0.9755109761852089,218,0.03224108479677457
AE lineal,1,1.0,3,2,general,0.9400295099513204,0.9446270816750219,277,0.06375997207763895
AE lineal,1,1.0,3,5,general,0.8578963719893566,0.8613754317682022,283,0.16754743158858446
AE lineal,1,1.0,3,10,general,0.6888130427620989,0.701747515143799,174,0.3538472892584808
AE,1,2.0,1,1,general,0.9868608086639622,0.9957518420807723,1345,0.003131534629166703
AE,1,2.0,1,1,mismo_anio,0.9772574257792143,0.9881215364186763,1345,
AE,1,2.0,1,2,general,0.9798307673739401,0.9942884423464774,1338,0.0063551767761406055
AE,1,2.0,1,2,mismo_anio,0.9673357857839254,0.9866383691074172,1338,
AE,1,2.0,1,5,general,0.9476752798235281,0.9815971349874869,1265,0.02680803759260161
AE,1,2.0,1,5,mismo_anio,0.9312105420306026,0.9743131928255289,1265,
AE,1,2.0,1,10,general,0.8912662248137941,0.9563682953734143,1251,0.07661124611780756
AE,1,2.0,1,10,mismo_anio,0.8819543830466217,0.9548686247707154,1251,
AE,1,2.0,2,1,general,0.9869994404733128,0.9932843868582769,4966,0.004611501110333014
AE,1,2.0,2,2,general,0.9799910727357849,0.9835893216018472,5224,0.00917201390305231
AE,1,2.0,2,5,general,0.9498714666971114,0.9604193804808109,4966,0.030832217974497488
AE,1,2.0,2,10,general,0.8890166094158919,0.9129756184073896,4416,0.14013942987216552
AE,1,2.0,3,1,general,0.9859930414831096,0.9905142768403017,218,0.004478694625719261
AE,1,2.0,3,2,general,0.9582161559170539,0.9432751470216348,277,0.012004361462245112
AE,1,2.0,3,5,general,0.9135818781306742,0.922164655261585,283,0.040847907706357
AE,1,2.0,3,10,general,0.8491438926006168,0.8670144322810549,174,0.15206731522516256
AE lineal,1,2.0,1,1,general,0.9714013289758356,0.9843911046537963,1345,0.03427773942288964
AE lineal,1,2.0,1,1,mismo_anio,0.963374662790392,0.9794104597384853,1345,
AE lineal,1,2.0,1,2,general,0.9413205026593342,0.968696386687667,1338,0.07092386640413924
AE lineal,1,2.0,1,2,mismo_anio,0.9245316834284548,0.9617316437265032,1338,
AE lineal,1,2.0,1,5,general,0.8510502688480542,0.9207487499250425,1265,0.20564941789493374
AE lineal,1,2.0,1,5,mismo_anio,0.8298304910919598,0.911047087205201,1265,
AE lineal,1,2.0,1,10,general,0.697933381853513,0.8321055984181844,1251,0.47271154702834256
AE lineal,1,2.0,1,10,mismo_anio,0.685698257812942,0.830792403302778,1251,
AE lineal,1,2.0,2,1,general,0.9788136821566479,0.9825445653796444,4966,0.03218389197549316
AE lineal,1,2.0,2,2,general,0.9588855777104641,0.9658154697556863,5224,0.06654980411687227
AE lineal,1,2.0,2,5,general,0.898454388798189,0.9139918322222023,4966,0.1690669541354819
AE lineal,1,2.0,2,10,general,0.7881329876263389,0.8175140201434405,4416,0.3708613361514534
AE lineal,1,2.0,3,1,general,0.9790834929653482,0.9803930388890321,218,0.02762901866554559
AE lineal,1,2.0,3,2,general,0.9498486298447494,0.951098272336232,277,0.06745746303628009
AE lineal,1,2.0,3,5,general,0.8845209247024226,0.8928692949554402,283,0.172708919504232
AE lineal,1,2.0,3,10,general,0.7708301807095097,0.7784686365638682,174,0.3545500280590648
PCA,1,,1,1,general,0.9716750913525305,0.9866433337385975,1345,0.04276636099986887
PCA,1,,1,1,mismo_anio,0.9711985855888573,0.9879151226967687,1345,
PCA,1,,1,2,general,0.9431260357583052,0.9730375959453675,1338,0.08461925230066873
PCA,1,,1,2,mismo_anio,0.9360171574025085,0.9720080876777373,1338,
PCA,1,,1,5,general,0.8586720377151353,0.9389720643952165,1265,0.2198084240064641
PCA,1,,1,5,mismo_anio,0.8388976415574736,0.9355184030016106,1265,
PCA,1,,1,10,general,0.7311095977249118,0.9054467340738624,1251,0.43601505716754707
PCA,1,,1,10,mismo_anio,0.7164381181922479,0.9038631468701633,1251,
PCA,1,,2,1,general,0.9722239855323533,0.980325306949505,4966,0.03489457406164095
PCA,1,,2,2,general,0.9460148361548991,0.9615483793177041,5224,0.06809675379573771
PCA,1,,2,5,general,0.877623912782715,0.9145708177665686,4966,0.13863245256803622
PCA,1,,2,10,general,0.8259310554474748,0.8977958014407154,4416,0.17914878486941183
PCA,1,,3,1,general,0.9632947027837119,0.9591291705605292,218,0.029153065511420516
PCA,1,,3,2,general,0.9296731637828257,0.9267560286612335,277,0.050600307136992276
PCA,1,,3,5,general,0.8436964326206706,0.8132142953604606,283,0.1101310804607738
PCA,1,,3,10,general,0.8123279428766963,0.8235451267236782,174,0.15310698130016576
MCA,1,,1,1,general,0.9750750264705829,0.9896650834709673,1345,0.03980180213189666
MCA,1,,1,1,mismo_anio,0.9597921066765865,0.9868737656926219,1345,
MCA,1,,1,2,general,0.9502210295078789,0.979327995973606,1338,0.07965218720844883
MCA,1,,1,2,mismo_anio,0.928199726353887,0.9762192259841366,1338,
MCA,1,,1,5,general,0.8759950655924587,0.9483933260290394,1265,0.19730197292127918
MCA,1,,1,5,mismo_anio,0.8497111204360068,0.9445547193924838,1265,
MCA,1,,1,10,general,0.7551001909523481,0.9038571080181063,1251,0.391654383243156
MCA,1,,1,10,mismo_anio,0.735786166719816,0.9034068859959976,1251,
MCA,1,,2,1,general,0.9802107997554678,0.980775142639738,4966,0.010286443329514615
MCA,1,,2,2,general,0.9617129297878888,0.9631731009204748,5224,0.020836454484329924
MCA,1,,2,5,general,0.904962795167049,0.9077753742967741,4966,0.04966983287638256
MCA,1,,2,10,general,0.8378069210240121,0.8528352701551505,4416,0.07660366093676135
MCA,1,,3,1,general,0.9758310275772268,0.9720791578523132,218,0.00708621841830369
MCA,1,,3,2,general,0.9506855064507177,0.9506090289813192,277,0.012271110124137771
MCA,1,,3,5,general,0.880062792118304,0.879080154780997,283,0.03245126681205309
MCA,1,,3,10,general,0.8561603048462278,0.87580454760542,174,0.03202440036661075
OM-MDS,1,,1,1,general,0.9765617820321297,0.978406714830669,1345,0.035469785105207714
OM-MDS,1,,1,1,mismo_anio,0.9755193340225162,0.976408230421384,1345,
OM-MDS,1,,1,2,general,0.9531765050475955,0.9578078077670931,1338,0.0705322195646637
OM-MDS,1,,1,2,mismo_anio,0.950627367971592,0.9571833714590752,1338,
OM-MDS,1,,1,5,general,0.8928967856844049,0.907859260768107,1265,0.16398540749937474
OM-MDS,1,,1,5,mismo_anio,0.8849273262113949,0.9012379597135943,1265,
OM-MDS,1,,1,10,general,0.8073826134776269,0.8646895567688624,1251,0.3032711409230099
OM-MDS,1,,1,10,mismo_anio,0.8044267467325558,0.8633469706567736,1251,
OM-MDS,1,,2,1,general,0.9693782814041442,0.9671281014927005,4966,0.02622548582705728
OM-MDS,1,,2,2,general,0.9410275488028246,0.9378469880316979,5224,0.052225144187829836
OM-MDS,1,,2,5,general,0.8692707410878691,0.864422165329254,4966,0.1067272361813002
OM-MDS,1,,2,10,general,0.8101521879922411,0.835236940776972,4416,0.1438572222521746
OM-MDS,1,,3,1,general,0.9494138753026441,0.9529042599526921,218,0.017520192420311612
OM-MDS,1,,3,2,general,0.8955638903583406,0.9030117533226377,277,0.03001788356685789
OM-MDS,1,,3,5,general,0.7914433524125158,0.8032500220416922,283,0.07307361242691912
OM-MDS,1,,3,10,general,0.7933933699290867,0.7975702400573311,174,0.057612386893520655
AE,4,0.0,1,1,general,0.9999945197362876,0.9999977612324187,1345,0.06132227614154169
AE,4,0.0,1,1,mismo_anio,0.9999211293077463,0.9999899167068456,1345,
AE,4,0.0,1,2,general,0.9998266175779625,0.9998425841582768,1338,0.1178665540487296
AE,4,0.0,1,2,mismo_anio,0.9976101056114987,0.9979953279696244,1338,
AE,4,0.0,1,5,general,0.9943413780930921,0.9927909330792687,1265,0.2869116523033132
AE,4,0.0,1,5,mismo_anio,0.9709852314172388,0.9737262678946864,1265,
AE,4,0.0,1,10,general,0.9501712102598068,0.943202343957166,1251,0.551229482525671
AE,4,0.0,1,10,mismo_anio,0.9163518272391364,0.9141367952225141,1251,
AE,4,0.0,2,1,general,0.9999751434798664,0.9999883208820187,4966,0.058576961355656806
AE,4,0.0,2,2,general,0.9995262245743075,0.9995958835230986,5224,0.11007535012063148
AE,4,0.0,2,5,general,0.9875636523510816,0.9870775538228904,4966,0.2613126815119641
AE,4,0.0,2,10,general,0.9020508165429494,0.9051603515381254,4416,0.4899163544699275
AE,4,0.0,3,1,general,0.9998175052568518,0.9997859208676517,218,0.054888186447909514
AE,4,0.0,3,2,general,0.9983389917029882,0.9984520914685244,277,0.10507294343151073
AE,4,0.0,3,5,general,0.9732544982540835,0.9780718899978038,283,0.24167123111190533
AE,4,0.0,3,10,general,0.8441750829083313,0.8577672691859822,174,0.42467412608957694
AE lineal,4,0.0,1,1,general,0.9996540876661426,0.9999232644123983,1345,0.05561012288945662
AE lineal,4,0.0,1,1,mismo_anio,0.9866805315791917,0.9983874302551474,1345,
AE lineal,4,0.0,1,2,general,0.998707813152851,0.9996586570949554,1338,0.09946578713527328
AE lineal,4,0.0,1,2,mismo_anio,0.9809263078056868,0.9968261592538505,1338,
AE lineal,4,0.0,1,5,general,0.9896098164725818,0.9968962328740066,1265,0.23084177590358107
AE lineal,4,0.0,1,5,mismo_anio,0.9639020333942131,0.9899911451830993,1265,
AE lineal,4,0.0,1,10,general,0.9369961510779384,0.9784380637202321,1251,0.420745349661695
AE lineal,4,0.0,1,10,mismo_anio,0.9104035484930382,0.9572253750741944,1251,
AE lineal,4,0.0,2,1,general,0.9999081800254779,0.9999370750520518,4966,0.053315758772113635
AE lineal,4,0.0,2,2,general,0.9994320238834374,0.9994349698742637,5224,0.09647886228408742
AE lineal,4,0.0,2,5,general,0.9927998482234683,0.9923508441534157,4966,0.21419318988338418
AE lineal,4,0.0,2,10,general,0.9530780547276549,0.9577043401914049,4416,0.3691242928655836
AE lineal,4,0.0,3,1,general,0.9997976713737503,0.9998800496926017,218,0.0602990099926901
AE lineal,4,0.0,3,2,general,0.9985032631739812,0.9979670785646667,277,0.10728358756183003
AE lineal,4,0.0,3,5,general,0.9781742718713526,0.9748732531588216,283,0.22845587864631092
AE lineal,4,0.0,3,10,general,0.9206697561154767,0.9279278537501316,174,0.31041180859538475
AE,4,1.0,1,1,general,0.9999975265707393,0.9999993959214253,1345,0.055805411858499694
AE,4,1.0,1,1,mismo_anio,0.9998458110261083,0.9999406452646645,1345,
AE,4,1.0,1,2,general,0.9998606913310503,0.9999177715506187,1338,0.10906857340546056
AE,4,1.0,1,2,mismo_anio,0.9974131648439355,0.9986602445229716,1338,
AE,4,1.0,1,5,general,0.9961221787480778,0.9964075161341704,1265,0.26520923311090067
AE,4,1.0,1,5,mismo_anio,0.9797859205645313,0.9835502185337696,1265,
AE,4,1.0,1,10,general,0.962459804810638,0.9619089338605084,1251,0.504136419142042
AE,4,1.0,1,10,mismo_anio,0.9347346195919006,0.9394395013533139,1251,
AE,4,1.0,2,1,general,0.9999956036443067,0.9999991333763467,4966,0.054735961439955995
AE,4,1.0,2,2,general,0.9998778309977341,0.9999154447270887,5224,0.10318578713241845
AE,4,1.0,2,5,general,0.9934406548705724,0.9921080606468932,4966,0.24191918234392815
AE,4,1.0,2,10,general,0.9352825276457313,0.9211064123130999,4416,0.45060995905149165
AE,4,1.0,3,1,general,0.9999609752484757,0.999961306728357,218,0.0516306323567711
AE,4,1.0,3,2,general,0.9992608656237396,0.9990975219151647,277,0.09715792150413508
AE,4,1.0,3,5,general,0.9735626957932803,0.974862804394294,283,0.23394401747120463
AE,4,1.0,3,10,general,0.8608545317284237,0.8514021439262213,174,0.4118783899029834
AE lineal,4,1.0,1,1,general,0.9996611294960919,0.9999156911496352,1345,0.05968182653856443
AE lineal,4,1.0,1,1,mismo_anio,0.9863139452153921,0.9984119512981512,1345,
AE lineal,4,1.0,1,2,general,0.9984589666975913,0.9994154565856026,1338,0.1049811328510806
AE lineal,4,1.0,1,2,mismo_anio,0.9795705843520861,0.9963109839608965,1338,
AE lineal,4,1.0,1,5,general,0.9912011526472428,0.9961587607640217,1265,0.23390194309446832
AE lineal,4,1.0,1,5,mismo_anio,0.9650568763228781,0.9867116422618533,1265,
AE lineal,4,1.0,1,10,general,0.9251161473629871,0.9769644397577893,1251,0.4241000955721388
AE lineal,4,1.0,1,10,mismo_anio,0.8954303590082268,0.9576591209876624,1251,
AE lineal,4,1.0,2,1,general,0.9999002299428448,0.9999575861776204,4966,0.05877031475103149
AE lineal,4,1.0,2,2,general,0.9993640768303126,0.999611370324184,5224,0.10786382000169148
AE lineal,4,1.0,2,5,general,0.9906777622338742,0.9930637553247273,4966,0.23699153344462243
AE lineal,4,1.0,2,10,general,0.9420261834790076,0.9569009795081654,4416,0.4019000815611834
AE lineal,4,1.0,3,1,general,0.9995440757596143,0.999594796222476,218,0.06631432153763339
AE lineal,4,1.0,3,2,general,0.998117313783749,0.9984062718410084,277,0.11280707722032808
AE lineal,4,1.0,3,5,general,0.9735744623718321,0.9747555377543139,283,0.24526653846279492
AE lineal,4,1.0,3,10,general,0.9253221704646923,0.9287740568986538,174,0.319180623629077
AE,4,2.0,1,1,general,0.9999858305975512,0.9999997566654412,1345,0.06049262791296361
AE,4,2.0,1,1,mismo_anio,0.9993081770033442,0.9999893371913863,1345,
AE,4,2.0,1,2,general,0.9998853118823301,0.9999173233870217,1338,0.11700744001788584
AE,4,2.0,1,2,mismo_anio,0.9962017305695435,0.9988260503640496,1338,
AE,4,2.0,1,5,general,0.993510782583239,0.9929724639641515,1265,0.2806915913831803
AE,4,2.0,1,5,mismo_anio,0.9666887298364695,0.974176595605565,1265,
AE,4,2.0,1,10,general,0.940660482486863,0.9403612702082603,1251,0.5438158521448102
AE,4,2.0,1,10,mismo_anio,0.9073254615578751,0.9130635558706744,1251,
AE,4,2.0,2,1,general,0.9999621256983383,0.9999903743766312,4966,0.060329155111195576
AE,4,2.0,2,2,general,0.9995869547342114,0.9997144142181997,5224,0.11393658880263392
AE,4,2.0,2,5,general,0.9884484721656395,0.987482495912963,4966,0.2742243164195016
AE,4,2.0,2,10,general,0.9072292242467416,0.9036047341505162,4416,0.5038091243065169
AE,4,2.0,3,1,general,0.9999368227752301,0.9998731308268326,218,0.054375800768440376
AE,4,2.0,3,2,general,0.9990213918510188,0.9989086875494456,277,0.11056177284568151
AE,4,2.0,3,5,general,0.9750136749984698,0.9783253752629983,283,0.2507085456017521
AE,4,2.0,3,10,general,0.8842055035234989,0.8987975869024107,174,0.43273933277122106
AE lineal,4,2.0,1,1,general,0.9997427605782682,0.9999504041034217,1345,0.055954261372659686
AE lineal,4,2.0,1,1,mismo_anio,0.9888869198201783,0.9987286497555048,1345,
AE lineal,4,2.0,1,2,general,0.9990143878824064,0.9997254122422292,1338,0.10062111168934398
AE lineal,4,2.0,1,2,mismo_anio,0.9829216152574002,0.9976315126106461,1338,
AE lineal,4,2.0,1,5,general,0.9926457485381344,0.9977685600321363,1265,0.23023569504812771
AE lineal,4,2.0,1,5,mismo_anio,0.9681273113760233,0.9936412306663915,1265,
AE lineal,4,2.0,1,10,general,0.9407286581456914,0.9804289341373446,1251,0.4071511525158424
AE lineal,4,2.0,1,10,mismo_anio,0.9106890861776619,0.9668058151205953,1251,
AE lineal,4,2.0,2,1,general,0.9999052220288129,0.9999664182246908,4966,0.051758296216483875
AE lineal,4,2.0,2,2,general,0.9994505788272893,0.9996613503622579,5224,0.09262001793336314
AE lineal,4,2.0,2,5,general,0.9922153380731018,0.9935854306163769,4966,0.20892771193252754
AE lineal,4,2.0,2,10,general,0.9542283324462536,0.9601851245007175,4416,0.3499978621672005
AE lineal,4,2.0,3,1,general,0.9997739726314059,0.9998175057244396,218,0.054916684583741555
AE lineal,4,2.0,3,2,general,0.9981129852676498,0.9981077368473065,277,0.09819851956096651
AE lineal,4,2.0,3,5,general,0.9709739631865382,0.9710912637177905,283,0.22243136335094907
AE lineal,4,2.0,3,10,general,0.9003927052319737,0.9081497125289054,174,0.29939610295477
PCA,4,,1,1,general,0.9995650519090947,0.9998469988803154,1345,0.04615506376963922
PCA,4,,1,1,mismo_anio,0.9961048472549432,0.9986464843511119,1345,
PCA,4,,1,2,general,0.9967560975247438,0.9987948358448074,1338,0.09304551178347112
PCA,4,,1,2,mismo_anio,0.984099907768361,0.9949606177951145,1338,
PCA,4,,1,5,general,0.969036132617659,0.9838336620713631,1265,0.24349439192450464
PCA,4,,1,5,mismo_anio,0.9378410591131536,0.9706711798193886,1265,
PCA,4,,1,10,general,0.871982073661557,0.914685415703746,1251,0.4995922795886911
PCA,4,,1,10,mismo_anio,0.8517784300412625,0.9029761523489499,1251,
PCA,4,,2,1,general,0.9994836586871412,0.9997079391209907,4966,0.05972082901542992
PCA,4,,2,2,general,0.9960208488298092,0.9973359487151366,5224,0.11926182186791073
PCA,4,,2,5,general,0.9573435689004429,0.9670385391098146,4966,0.2888346399356696
PCA,4,,2,10,general,0.8467178012758104,0.8745325746691092,4416,0.5143498356617072
PCA,4,,3,1,general,0.9989546015711468,0.9992260470948013,218,0.05861078950899485
PCA,4,,3,2,general,0.9918667579866739,0.9932117150058387,277,0.12491975366995994
PCA,4,,3,5,general,0.9215782601085937,0.9252562706829924,283,0.32480672421384194
PCA,4,,3,10,general,0.8273750363538723,0.8311132897158857,174,0.5142408363810668
MCA,4,,1,1,general,0.9988316027898126,0.9995554386507169,1345,0.0532074930899926
MCA,4,,1,1,mismo_anio,0.9820054622107179,0.9978606097894347,1345,
MCA,4,,1,2,general,0.9950937312505396,0.9983336066163969,1338,0.10603046916285577
MCA,4,,1,2,mismo_anio,0.9709267067269506,0.9953188275933875,1338,
MCA,4,,1,5,general,0.9688670031228799,0.9906990457021955,1265,0.2707926450821224
MCA,4,,1,5,mismo_anio,0.931796200469108,0.983989805995137,1265,
MCA,4,,1,10,general,0.8753143623708454,0.959676878475477,1251,0.546539863122392
MCA,4,,1,10,mismo_anio,0.8495470540835808,0.9533604858894988,1251,
MCA,4,,2,1,general,0.9982097011781469,0.999026310361214,4966,0.03247289213236888
MCA,4,,2,2,general,0.9935728464366558,0.996111790949441,5224,0.06432860017008003
MCA,4,,2,5,general,0.9617775913026421,0.9757826083334717,4966,0.14007452012132982
MCA,4,,2,10,general,0.8882832858085391,0.9329084926950676,4416,0.22522478354229322
MCA,4,,3,1,general,0.9970108172910729,0.9969745072989629,218,0.014932488099319213
MCA,4,,3,2,general,0.9910313798873658,0.9918495972468169,277,0.02210339572612094
MCA,4,,3,5,general,0.9331445709747548,0.9350469297509202,283,0.06000715903492073
MCA,4,,3,10,general,0.8941162950348364,0.9033418389252287,174,0.0766997116887442
OM-MDS,4,,1,1,general,0.9990566702988233,0.9988724867933559,1345,0.03295538665425527
OM-MDS,4,,1,1,mismo_anio,0.9980900536662618,0.9992300496700857,1345,
OM-MDS,4,,1,2,general,0.997244595045551,0.9971673079819051,1338,0.06552396858038384
OM-MDS,4,,1,2,mismo_anio,0.9895042340230895,0.9960160206442865,1338,
OM-MDS,4,,1,5,general,0.9859180617833521,0.988371046514845,1265,0.15244321074870254
OM-MDS,4,,1,5,mismo_anio,0.9674858667483303,0.9859507344681406,1265,
OM-MDS,4,,1,10,general,0.9482468151623858,0.9638430657890308,1251,0.30224561182705156
OM-MDS,4,,1,10,mismo_anio,0.9306047277065103,0.9587036135190814,1251,
OM-MDS,4,,2,1,general,0.9987064850310059,0.9980669387342277,4966,0.045720497841101194
OM-MDS,4,,2,2,general,0.9952298798791622,0.993655260541198,5224,0.09015349159336215
OM-MDS,4,,2,5,general,0.9703471922333039,0.9668156186002386,4966,0.2071059005422591
OM-MDS,4,,2,10,general,0.9104863247247298,0.914854437842271,4416,0.33421479640028273
OM-MDS,4,,3,1,general,0.9963976557178207,0.9967706331200817,218,0.03845452461713828
OM-MDS,4,,3,2,general,0.9845879374135488,0.9858527815135432,277,0.0772002920985267
OM-MDS,4,,3,5,general,0.9239822219316464,0.9319372381734955,283,0.1816280950896531
OM-MDS,4,,3,10,general,0.887615572262193,0.8996882343033781,174,0.19128190101882275
AE,7,0.0,1,1,general,0.9999829724812745,0.9999888707990198,1345,0.07738207239107472
AE,7,0.0,1,1,mismo_anio,0.9989577881120631,0.9996672985413723,1345,
AE,7,0.0,1,2,general,0.9996307097851082,0.9995245977556776,1338,0.14944359045641117
AE,7,0.0,1,2,mismo_anio,0.9945955472197242,0.9942141348966832,1338,
AE,7,0.0,1,5,general,0.9923394483249068,0.9928969792700048,1265,0.35959678384442273
AE,7,0.0,1,5,mismo_anio,0.9607499861963732,0.9677043279258238,1265,
AE,7,0.0,1,10,general,0.9343005065826473,0.9185655738420098,1251,0.6772555404896953
AE,7,0.0,1,10,mismo_anio,0.8645114882196918,0.8513240555176917,1251,
AE,7,0.0,2,1,general,0.9999947426397082,0.9999959912474485,4966,0.07990003516229015
AE,7,0.0,2,2,general,0.9997581649955923,0.999809559358087,5224,0.1497983094731753
AE,7,0.0,2,5,general,0.9897944844165051,0.9891226960560818,4966,0.3510770273106103
AE,7,0.0,2,10,general,0.890780689122513,0.8792511237977796,4416,0.6487364873385307
AE,7,0.0,3,1,general,1.0,1.0,218,0.07642172500625895
AE,7,0.0,3,2,general,0.9994844335517157,0.9994309613047974,277,0.14376470783037995
AE,7,0.0,3,5,general,0.981279276680184,0.9817025276148625,283,0.33525669942892583
AE,7,0.0,3,10,general,0.8627798579684335,0.8676672971071994,174,0.568416996981681
AE lineal,7,0.0,1,1,general,0.9999517089187571,0.9999959765233252,1345,0.0726060495918858
AE lineal,7,0.0,1,1,mismo_anio,0.9931549712218858,0.9993106093406194,1345,
AE lineal,7,0.0,1,2,general,0.9996478322145228,0.999965024898497,1338,0.12536949933030347
AE lineal,7,0.0,1,2,mismo_anio,0.9860533823661217,0.9985291850525791,1338,
AE lineal,7,0.0,1,5,general,0.9955568599977525,0.9971818231665899,1265,0.28354089155495515
AE lineal,7,0.0,1,5,mismo_anio,0.9706719380773215,0.9862132344381103,1265,
AE lineal,7,0.0,1,10,general,0.9607338594604183,0.9787805879664018,1251,0.48534555195585727
AE lineal,7,0.0,1,10,mismo_anio,0.9250699903442622,0.9551090058236268,1251,
AE lineal,7,0.0,2,1,general,0.9999865490050162,0.9999877693802812,4966,0.07582657435920918
AE lineal,7,0.0,2,2,general,0.9998716267651546,0.9998840874997051,5224,0.13126058921845843
AE lineal,7,0.0,2,5,general,0.9951399845070592,0.9944075587575799,4966,0.29492284180280015
AE lineal,7,0.0,2,10,general,0.951870466780064,0.9557071720816189,4416,0.5010927214863828
AE lineal,7,0.0,3,1,general,0.999994880406291,0.9999984124161756,218,0.07813354650097878
AE lineal,7,0.0,3,2,general,0.9995729824009952,0.9997039380832164,277,0.14700848854647236
AE lineal,7,0.0,3,5,general,0.9853624265727335,0.9894392335918062,283,0.29910151912355615
AE lineal,7,0.0,3,10,general,0.8753335694489948,0.8831582286923461,174,0.4883656542992227
AE,7,1.0,1,1,general,0.9999259027362619,0.9999897155930553,1345,0.08037335779469652
AE,7,1.0,1,1,mismo_anio,0.9930363143281358,0.9992457504080228,1345,
AE,7,1.0,1,2,general,0.9995897779774204,0.9998210792908839,1338,0.1542081952228862
AE,7,1.0,1,2,mismo_anio,0.9869724828786067,0.9965666867648325,1338,
AE,7,1.0,1,5,general,0.9930732805304914,0.9931375836095884,1265,0.3729137176906913
AE,7,1.0,1,5,mismo_anio,0.9531138683532927,0.9661121658048817,1265,
AE,7,1.0,1,10,general,0.9164620743536134,0.9086892392283202,1251,0.7154310270823128
AE,7,1.0,1,10,mismo_anio,0.8236169572725113,0.8234443900735506,1251,
AE,7,1.0,2,1,general,0.9999976919019254,0.999999166493095,4966,0.07891257588744442
AE,7,1.0,2,2,general,0.9998728252747833,0.999853251922652,5224,0.14849159727052605
AE,7,1.0,2,5,general,0.9904090930624352,0.9882177489910461,4966,0.35046539603320354
AE,7,1.0,2,10,general,0.8881697087334534,0.8794195172420849,4416,0.6428645139029275
AE,7,1.0,3,1,general,0.999989760812582,0.9999936496647024,218,0.07652089521455151
AE,7,1.0,3,2,general,0.9996784591458462,0.9996222398643592,277,0.14070055802137774
AE,7,1.0,3,5,general,0.9782836188863154,0.9786685511183492,283,0.3297579547835366
AE,7,1.0,3,10,general,0.8851175919005825,0.8976561961804798,174,0.5309245261322212
AE lineal,7,1.0,1,1,general,0.9999624234704053,0.9999971949727012,1345,0.07571397803138213
AE lineal,7,1.0,1,1,mismo_anio,0.9940230990416865,0.999473964804099,1345,
AE lineal,7,1.0,1,2,general,0.9996274357154145,0.999960167292951,1338,0.13385837669193396
AE lineal,7,1.0,1,2,mismo_anio,0.9855970965934641,0.9984942828379956,1338,
AE lineal,7,1.0,1,5,general,0.9947639689153657,0.9959206269894836,1265,0.3027545026509327
AE lineal,7,1.0,1,5,mismo_anio,0.9678826779893321,0.9820310179675132,1265,
AE lineal,7,1.0,1,10,general,0.9526741666084899,0.9645041902509414,1251,0.5333030002683955
AE lineal,7,1.0,1,10,mismo_anio,0.9155253280343759,0.9412213731659685,1251,
AE lineal,7,1.0,2,1,general,0.9999917927321046,0.9999973193074181,4966,0.0796380621492532
AE lineal,7,1.0,2,2,general,0.9998549535293016,0.9998746435757945,5224,0.13921937070854074
AE lineal,7,1.0,2,5,general,0.993183592446326,0.9922077056430265,4966,0.3186249829618031
AE lineal,7,1.0,2,10,general,0.9352021895498104,0.9361739589602538,4416,0.5457344142068818
AE lineal,7,1.0,3,1,general,0.9999685156486611,0.9999760795782427,218,0.08437034816238069
AE lineal,7,1.0,3,2,general,0.9990233136532113,0.999229092628844,277,0.1579541856350786
AE lineal,7,1.0,3,5,general,0.9767641192674187,0.9822606068128893,283,0.3276505579394719
AE lineal,7,1.0,3,10,general,0.8616925643872001,0.8761726931678643,174,0.5317967007024655
AE,7,2.0,1,1,general,0.999990942088442,0.9999995012414207,1345,0.0740964206967088
AE,7,2.0,1,1,mismo_anio,0.9990940754881276,0.9999548306072406,1345,
AE,7,2.0,1,2,general,0.999821459775072,0.9998559031748566,1338,0.14219342683574818
AE,7,2.0,1,2,mismo_anio,0.9931229395798776,0.9970781405054522,1338,
AE,7,2.0,1,5,general,0.9937348878185404,0.9931037196223159,1265,0.3391061143658436
AE,7,2.0,1,5,mismo_anio,0.95909721460078,0.9643891712284505,1265,
AE,7,2.0,1,10,general,0.940395794660443,0.9263829133696818,1251,0.6397650995832115
AE,7,2.0,1,10,mismo_anio,0.871224378166306,0.85598715355896,1251,
AE,7,2.0,2,1,general,0.9999982840992844,0.9999991614925007,4966,0.07801544605381838
AE,7,2.0,2,2,general,0.9998937362716181,0.999912561387022,5224,0.14537312862360818
AE,7,2.0,2,5,general,0.9920967757895097,0.9908154355596376,4966,0.34130028601528256
AE,7,2.0,2,10,general,0.9154468590609591,0.9012280628934657,4416,0.617280121272391
AE,7,2.0,3,1,general,0.9999905027826846,0.9999970549169633,218,0.08086857305982433
AE,7,2.0,3,2,general,0.9998319859737544,0.9998198559726384,277,0.14919268338712258
AE,7,2.0,3,5,general,0.9888920208736968,0.9881740034963197,283,0.3299255732335289
AE,7,2.0,3,10,general,0.9207389121876369,0.9260211902561538,174,0.5207714461125161
AE lineal,7,2.0,1,1,general,0.9999467439098476,0.9999944659519375,1345,0.07476479809762077
AE lineal,7,2.0,1,1,mismo_anio,0.9924734346667432,0.9991533469927273,1345,
AE lineal,7,2.0,1,2,general,0.9996366652480552,0.999960578115413,1338,0.12673343913877835
AE lineal,7,2.0,1,2,mismo_anio,0.9863426525417478,0.99864332486177,1338,
AE lineal,7,2.0,1,5,general,0.9955547637206634,0.9969994699571327,1265,0.26772112704339857
AE lineal,7,2.0,1,5,mismo_anio,0.9711564908064682,0.9867537374294009,1265,
AE lineal,7,2.0,1,10,general,0.9602308158725771,0.9766333612900195,1251,0.46331955618213805
AE lineal,7,2.0,1,10,mismo_anio,0.9269014772584647,0.953061159157699,1251,
AE lineal,7,2.0,2,1,general,0.999991651375398,0.9999956804955047,4966,0.0770142808217606
AE lineal,7,2.0,2,2,general,0.9998675806085231,0.9998432543479533,5224,0.13219694838435603
AE lineal,7,2.0,2,5,general,0.994409881340981,0.9923299661789562,4966,0.29000262728346776
AE lineal,7,2.0,2,10,general,0.9516467066883987,0.9521604872009332,4416,0.5010500305633581
AE lineal,7,2.0,3,1,general,0.9999633296379442,0.9999628913388986,218,0.08088493693166014
AE lineal,7,2.0,3,2,general,0.9995797881088836,0.99967451638689,277,0.14456437474243616
AE lineal,7,2.0,3,5,general,0.9827260316875546,0.9879071727007611,283,0.3132687408473248
AE lineal,7,2.0,3,10,general,0.8842653552243468,0.8969003960639791,174,0.5042569761026675
PCA,7,,1,1,general,0.9998694343120578,0.9999428178357722,1345,0.0504899951674743
PCA,7,,1,1,mismo_anio,0.9973773003794895,0.99861578610988,1345,
PCA,7,,1,2,general,0.9989430624238433,0.9994437787220438,1338,0.10126331257116343
PCA,7,,1,2,mismo_anio,0.9881468024709709,0.9952509984102469,1338,
PCA,7,,1,5,general,0.984893341538,0.9897332500170356,1265,0.26227790423862585
PCA,7,,1,5,mismo_anio,0.956617490146556,0.9756756719907517,1265,
PCA,7,,1,10,general,0.9278843102307498,0.9494161714358652,1251,0.5362344589729593
PCA,7,,1,10,mismo_anio,0.9076354261246506,0.9317948778970923,1251,
PCA,7,,2,1,general,0.9998497410134902,0.9999029742907976,4966,0.05889029858318793
PCA,7,,2,2,general,0.9985403082439943,0.9987572437715745,5224,0.11831778584361491
PCA,7,,2,5,general,0.9763360424284327,0.975953476435844,4966,0.2946351536532007
PCA,7,,2,10,general,0.8845422438994347,0.8912237691259746,4416,0.565583316312353
PCA,7,,3,1,general,0.9995970407435786,0.9996984348564474,218,0.061661549315962155
PCA,7,,3,2,general,0.9947925607771058,0.9953689072699716,277,0.1326434985430477
PCA,7,,3,5,general,0.9320191568394071,0.9303665391310927,283,0.34501234200154396
PCA,7,,3,10,general,0.809387183418813,0.8042117231004745,174,0.573834629699776
MCA,7,,1,1,general,0.9996904266320115,0.9998900036822581,1345,0.05404135131796267
MCA,7,,1,1,mismo_anio,0.9860722027939727,0.9984938326439806,1345,
MCA,7,,1,2,general,0.997847353327365,0.9989722163022069,1338,0.1079253750821678
MCA,7,,1,2,mismo_anio,0.9786376189774303,0.995924025048896,1338,
MCA,7,,1,5,general,0.9822352488449596,0.9863543615157412,1265,0.2781574530089945
MCA,7,,1,5,mismo_anio,0.9516688725622207,0.9763120314944127,1265,
MCA,7,,1,10,general,0.9192093654327719,0.9455939509655324,1251,0.5663576374838365
MCA,7,,1,10,mismo_anio,0.8985764925875122,0.937422494893605,1251,
MCA,7,,2,1,general,0.9994628862541896,0.9995497185642924,4966,0.04630646227968298
MCA,7,,2,2,general,0.9962612140467128,0.9958702343026795,5224,0.09088918047476975
MCA,7,,2,5,general,0.9671959092190703,0.9628227976206459,4966,0.22652285029435454
MCA,7,,2,10,general,0.880333594037969,0.8899785830484817,4416,0.4394585196730926
MCA,7,,3,1,general,0.998267302160104,0.9985558385875801,218,0.04272141990124994
MCA,7,,3,2,general,0.9862415795599647,0.9875241069025741,277,0.07710374007171196
MCA,7,,3,5,general,0.9172678593513559,0.9202677431509392,283,0.20709596890767532
MCA,7,,3,10,general,0.848342264889893,0.8513081472725922,174,0.28625710121997855
OM-MDS,7,,1,1,general,0.9991178382894975,0.9990250176370944,1345,0.040275734330778086
OM-MDS,7,,1,1,mismo_anio,0.9996135964909199,0.9998084042440394,1345,
OM-MDS,7,,1,2,general,0.9977375363759892,0.9973778282550939,1338,0.08013120089373876
OM-MDS,7,,1,2,mismo_anio,0.9900003820967948,0.9962191978394842,1338,
OM-MDS,7,,1,5,general,0.9919988914185038,0.9909958553168888,1265,0.19585914880161256
OM-MDS,7,,1,5,mismo_anio,0.9765239348507008,0.9894452473582047,1265,
OM-MDS,7,,1,10,general,0.9759233302435231,0.9749639214581861,1251,0.3741534411429529
OM-MDS,7,,1,10,mismo_anio,0.9622958684343558,0.9696874785678901,1251,
OM-MDS,7,,2,1,general,0.998825643532453,0.9981800100037581,4966,0.047651316844248864
OM-MDS,7,,2,2,general,0.9959939937222045,0.9941401106067355,5224,0.09546279759833984
OM-MDS,7,,2,5,general,0.9758608685591754,0.9704942048020632,4966,0.22355476925664183
OM-MDS,7,,2,10,general,0.9196671095311272,0.9209942303051802,4416,0.4050308926995346
OM-MDS,7,,3,1,general,0.996476691987704,0.99678476944002,218,0.044456798370213206
OM-MDS,7,,3,2,general,0.985072869656284,0.9861544981538728,277,0.08955522388324845
OM-MDS,7,,3,5,general,0.92493832518951,0.9321756710550496,283,0.22007103189136806
OM-MDS,7,,3,10,general,0.8890492471741219,0.8957370149393595,174,0.2700698827415687
AE,31,0.0,1,1,general,0.9999846168101584,0.9999906975862002,1345,0.13528123335513484
AE,31,0.0,1,1,mismo_anio,0.9994160675329086,0.999686352961922,1345,
AE,31,0.0,1,2,general,0.9996962510590041,0.9997657414218215,1338,0.25230495430739736
AE,31,0.0,1,2,mismo_anio,0.989243096057461,0.994720674418412,1338,
AE,31,0.0,1,5,general,0.9810312319611633,0.9787685648107938,1265,0.5446323491975217
AE,31,0.0,1,5,mismo_anio,0.8971536791606416,0.8978518271511412,1265,
AE,31,0.0,1,10,general,0.7654822643465664,0.7279032293352069,1251,0.9075095634541425
AE,31,0.0,1,10,mismo_anio,0.4304559589699841,0.39810180153313013,1251,
AE,31,0.0,2,1,general,0.999995595061727,0.999997320323673,4966,0.1389172643723515
AE,31,0.0,2,2,general,0.999866303976392,0.999846185926658,5224,0.2399434570258955
AE,31,0.0,2,5,general,0.9859450200298232,0.9796733846354364,4966,0.5270560141324696
AE,31,0.0,2,10,general,0.8187744856474825,0.7429847528503484,4416,0.8176813262236913
AE,31,0.0,3,1,general,0.9999793371353005,0.9999850490604402,218,0.14054876712952447
AE,31,0.0,3,2,general,0.9997809743254126,0.9997689154680374,277,0.23562796976215467
AE,31,0.0,3,5,general,0.9806623165106788,0.9824916513014067,283,0.4842438604925314
AE,31,0.0,3,10,general,0.8364661454332262,0.8493116590781139,174,0.7527450564750484
AE lineal,31,0.0,1,1,general,0.9999632222739249,0.9999964403412648,1345,0.08171183133954805
AE lineal,31,0.0,1,1,mismo_anio,0.9928836962294212,0.9993124057264844,1345,
AE lineal,31,0.0,1,2,general,0.9997030690260487,0.9998587512814857,1338,0.15661570318122656
AE lineal,31,0.0,1,2,mismo_anio,0.9847244345562731,0.9963062900150196,1338,
AE lineal,31,0.0,1,5,general,0.9953966747150578,0.996041154699598,1265,0.3510745115119011
AE lineal,31,0.0,1,5,mismo_anio,0.9661183923449839,0.9793808743029631,1265,
AE lineal,31,0.0,1,10,general,0.9626640077385182,0.9598463466795136,1251,0.5806210632186801
AE lineal,31,0.0,1,10,mismo_anio,0.9241892835277884,0.9262604961775358,1251,
AE lineal,31,0.0,2,1,general,0.9999961628351369,0.9999980499429094,4966,0.10704067832328311
AE lineal,31,0.0,2,2,general,0.9998603993784881,0.9998681936362385,5224,0.19418685405366748
AE lineal,31,0.0,2,5,general,0.9935695591646332,0.9916078919719361,4966,0.41998196323593484
AE lineal,31,0.0,2,10,general,0.9303256581083229,0.9156114491928125,4416,0.6725256278106228
AE lineal,31,0.0,3,1,general,1.0,1.0,218,0.11822909632696112
AE lineal,31,0.0,3,2,general,0.9994831222608279,0.9994375164483968,277,0.2151290746977729
AE lineal,31,0.0,3,5,general,0.9825384934646187,0.9840527420927694,283,0.4508319165578553
AE lineal,31,0.0,3,10,general,0.8493414944657521,0.8566710392775588,174,0.7127414232283594
AE,31,1.0,1,1,general,0.9999758409471795,0.9999948157137547,1345,0.1313886726335738
AE,31,1.0,1,1,mismo_anio,0.9971799197646436,0.9994659667725037,1345,
AE,31,1.0,1,2,general,0.9996260419141202,0.9996928986920682,1338,0.24301302126309365
AE,31,1.0,1,2,mismo_anio,0.986240924455885,0.9937703620018784,1338,
AE,31,1.0,1,5,general,0.9835425821407087,0.9802334455727246,1265,0.5052652966600915
AE,31,1.0,1,5,mismo_anio,0.9163125176736653,0.9066880035741122,1265,
AE,31,1.0,1,10,general,0.8208424776021631,0.7977427959593079,1251,0.8455255908737563
AE,31,1.0,1,10,mismo_anio,0.5270857499430371,0.5014099580513648,1251,
AE,31,1.0,2,1,general,0.9999982133293859,0.9999982126586852,4966,0.12474526054877191
AE,31,1.0,2,2,general,0.9998676289293881,0.9998025077118597,5224,0.22338276073577654
AE,31,1.0,2,5,general,0.9853120212452074,0.9815616501909882,4966,0.5034385368247205
AE,31,1.0,2,10,general,0.8529127260555605,0.8120679604271861,4416,0.7829788904530917
AE,31,1.0,3,1,general,1.0,1.0,218,0.12583230108708549
AE,31,1.0,3,2,general,0.9998670110158161,0.9999154270574782,277,0.2164446423955334
AE,31,1.0,3,5,general,0.9844743801903059,0.9854119753319551,283,0.46588009135335806
AE,31,1.0,3,10,general,0.8614023411339333,0.870517322867918,174,0.7207879337304287
AE lineal,31,1.0,1,1,general,0.9999632242962905,0.9999965884617776,1345,0.08048359886304139
AE lineal,31,1.0,1,1,mismo_anio,0.9928836962294212,0.9993410142919718,1345,
AE lineal,31,1.0,1,2,general,0.9997099946472683,0.9998745405440187,1338,0.15535081168554815
AE lineal,31,1.0,1,2,mismo_anio,0.9847170090326312,0.9966711857307098,1338,
AE lineal,31,1.0,1,5,general,0.9958001961616006,0.9964309084502133,1265,0.3480827930406436
AE lineal,31,1.0,1,5,mismo_anio,0.9678568853656324,0.980440931153021,1265,
AE lineal,31,1.0,1,10,general,0.9638527226304209,0.9655877546850793,1251,0.5807246058835266
AE lineal,31,1.0,1,10,mismo_anio,0.9248755996093894,0.9336556314115456,1251,
AE lineal,31,1.0,2,1,general,0.999997078278325,0.9999978480785712,4966,0.10498287199658286
AE lineal,31,1.0,2,2,general,0.9998741829106798,0.9998849170093173,5224,0.19129643846237002
AE lineal,31,1.0,2,5,general,0.9936214136404621,0.9915879723818279,4966,0.4170977760038063
AE lineal,31,1.0,2,10,general,0.9356155933283713,0.9234982534752089,4416,0.6638340924608009
AE lineal,31,1.0,3,1,general,1.0,1.0,218,0.11580939300018483
AE lineal,31,1.0,3,2,general,0.9994760457383007,0.999425872379935,277,0.213572683232522
AE lineal,31,1.0,3,5,general,0.9827362648724552,0.9844549587026152,283,0.4507818988432441
AE lineal,31,1.0,3,10,general,0.851536249992628,0.860868030449973,174,0.7087895493687197
AE,31,2.0,1,1,general,0.9999209858244561,0.9999510856647934,1345,0.13010983439462356
AE,31,2.0,1,1,mismo_anio,0.9943475228546904,0.9986366730979209,1345,
AE,31,2.0,1,2,general,0.9991559952956912,0.999503319141221,1338,0.2513953159365922
AE,31,2.0,1,2,mismo_anio,0.9818085084686181,0.9922626213368012,1338,
AE,31,2.0,1,5,general,0.9658042161890481,0.9659365707711058,1265,0.5384000692548886
AE,31,2.0,1,5,mismo_anio,0.8455776086839569,0.8555331059641466,1265,
AE,31,2.0,1,10,general,0.7076173481655916,0.7122213244313733,1251,0.9068006220913072
AE,31,2.0,1,10,mismo_anio,0.3209100111009841,0.3513818630982405,1251,
AE,31,2.0,2,1,general,0.999959887274642,0.9999635253373177,4966,0.1370517819352983
AE,31,2.0,2,2,general,0.9991681702139327,0.9987982469841243,5224,0.24327108359095118
AE,31,2.0,2,5,general,0.9538394636926999,0.9391922783597174,4966,0.5526965746391805
AE,31,2.0,2,10,general,0.7523061182687742,0.7005491592926285,4416,0.8468815192678425
AE,31,2.0,3,1,general,1.0,1.0,218,0.14209612611104736
AE,31,2.0,3,2,general,0.9994366634034623,0.9993949354193988,277,0.25528491345895094
AE,31,2.0,3,5,general,0.9559245556573263,0.9591888304450203,283,0.5490259590574319
AE,31,2.0,3,10,general,0.7788870598998481,0.7864119497679962,174,0.8217545415321367
AE lineal,31,2.0,1,1,general,0.9999645940402233,0.9999963778949742,1345,0.08195592550207369
AE lineal,31,2.0,1,1,mismo_anio,0.993149229952204,0.9993003499430348,1345,
AE lineal,31,2.0,1,2,general,0.9997209865158421,0.9998661255627299,1338,0.15660044592920203
AE lineal,31,2.0,1,2,mismo_anio,0.9849443614017603,0.9965225793841579,1338,
AE lineal,31,2.0,1,5,general,0.9949807278826678,0.9948695453423119,1265,0.35399897175996836
AE lineal,31,2.0,1,5,mismo_anio,0.9649236227960953,0.9756534196167216,1265,
AE lineal,31,2.0,1,10,general,0.9600079722526698,0.9571138533274792,1251,0.5952685040183104
AE lineal,31,2.0,1,10,mismo_anio,0.9221905622759734,0.9290861975750347,1251,
AE lineal,31,2.0,2,1,general,0.9999958373822012,0.9999979290722814,4966,0.1068150265019188
AE lineal,31,2.0,2,2,general,0.9998541836224771,0.9998619232961314,5224,0.1933450605758144
AE lineal,31,2.0,2,5,general,0.9930257978521999,0.9908029496320004,4966,0.4245911777865735
AE lineal,31,2.0,2,10,general,0.928153969090905,0.9139593960569546,4416,0.680508247431551
AE lineal,31,2.0,3,1,general,0.9999948342838252,0.9999951943408558,218,0.11720322475864324
AE lineal,31,2.0,3,2,general,0.9994054322782326,0.9992774756382673,277,0.21730547333459532
AE lineal,31,2.0,3,5,general,0.9811684283528236,0.9824665734147328,283,0.4549498356536853
AE lineal,31,2.0,3,10,general,0.8425399120289918,0.8533761083025804,174,0.7195156516202309
PCA,31,,1,1,general,0.9999461761152493,0.9999650084552475,1345,0.06742627448463726
PCA,31,,1,1,mismo_anio,0.9980307444991461,0.9987204336587193,1345,
PCA,31,,1,2,general,0.999720744849931,0.9998486171311427,1338,0.13353563797609627
PCA,31,,1,2,mismo_anio,0.9906228537954995,0.9973637714438853,1338,
PCA,31,,1,5,general,0.9976026001242982,0.9980336111889946,1265,0.3147338317266236
PCA,31,,1,5,mismo_anio,0.9754772655673474,0.9882585744784367,1265,
PCA,31,,1,10,general,0.9766248054964762,0.9772514889055204,1251,0.5460238372678258
PCA,31,,1,10,mismo_anio,0.9412270053496555,0.9450544838498476,1251,
PCA,31,,2,1,general,0.9999830749215645,0.9999874380701361,4966,0.08568882745751989
PCA,31,,2,2,general,0.9998543938888269,0.999870020135688,5224,0.16487562753869964
PCA,31,,2,5,general,0.9961308492466568,0.9953252355794195,4966,0.377790627256916
PCA,31,,2,10,general,0.9503477097068358,0.9416584968704081,4416,0.6159967762647607
PCA,31,,3,1,general,0.9999574256275042,0.9999164478298357,218,0.09528012389359197
PCA,31,,3,2,general,0.9994951161458635,0.9994146039362981,277,0.18380151224977043
PCA,31,,3,5,general,0.9856628000492461,0.9873868579181696,283,0.41640498792890973
PCA,31,,3,10,general,0.8606324349580065,0.86521545699128,174,0.6529592332357461
MCA,31,,1,1,general,0.9998548393073784,0.9999753724524804,1345,0.07241190128406642
MCA,31,,1,1,mismo_anio,0.9857273092727402,0.9981925615267008,1345,
MCA,31,,1,2,general,0.9993298023397187,0.9998358186878107,1338,0.1436562407484999
MCA,31,,1,2,mismo_anio,0.9811413882654367,0.9964547569776386,1338,
MCA,31,,1,5,general,0.9962004931332957,0.9986663933434272,1265,0.3361142169144493
MCA,31,,1,5,mismo_anio,0.9715737991717693,0.9910124910525165,1265,
MCA,31,,1,10,general,0.9671030459869285,0.9809107400872241,1251,0.5930840125590199
MCA,31,,1,10,mismo_anio,0.9302778508107139,0.9553968828892978,1251,
MCA,31,,2,1,general,0.9999899327654503,0.9999918864967097,4966,0.0766721407254282
MCA,31,,2,2,general,0.9998774226246322,0.9998813550942632,5224,0.14805665930533404
MCA,31,,2,5,general,0.9967862199598598,0.9966390195632584,4966,0.34227973488399727
MCA,31,,2,10,general,0.9521843696176611,0.951336388919718,4416,0.5953580007423063
MCA,31,,3,1,general,0.9999934933957968,0.9999414868395832,218,0.08019298355943325
MCA,31,,3,2,general,0.9995632707077542,0.9995267567235321,277,0.1542394183415499
MCA,31,,3,5,general,0.9870162779614321,0.9886115591203988,283,0.35133905135519766
MCA,31,,3,10,general,0.8768112040504686,0.8740644729838007,174,0.5796845609808732
OM-MDS,31,,1,1,general,0.9999527901158596,0.9999959891398172,1345,0.05762638813057075
OM-MDS,31,,1,1,mismo_anio,1.0,1.0,1345,
OM-MDS,31,,1,2,general,0.9995938594233659,0.9999262640227846,1338,0.11442442528748434
OM-MDS,31,,1,2,mismo_anio,0.9910976779250321,0.9979921181078631,1338,
OM-MDS,31,,1,5,general,0.9973176522296805,0.9991645972765983,1265,0.26860399335088553
OM-MDS,31,,1,5,mismo_anio,0.9805751577885964,0.9953012465497373,1265,
OM-MDS,31,,1,10,general,0.9873323065122128,0.9926852360975045,1251,0.4727322090714883
OM-MDS,31,,1,10,mismo_anio,0.9719042968950389,0.9849775290460422,1251,
OM-MDS,31,,2,1,general,0.9999911988178933,0.9999935128046114,4966,0.06622801692368799
OM-MDS,31,,2,2,general,0.9998015421132265,0.999788074831207,5224,0.13124136490519273
OM-MDS,31,,2,5,general,0.9953057753639823,0.9945271639267638,4966,0.29544932532260865
OM-MDS,31,,2,10,general,0.9660909493802283,0.9660285611570214,4416,0.48775214285909757
OM-MDS,31,,3,1,general,0.9999220070343576,0.9999631811776774,218,0.065564124152783
OM-MDS,31,,3,2,general,0.9987556346608697,0.9987854696969234,277,0.12859242059754075
OM-MDS,31,,3,5,general,0.9740287157455126,0.9733831691170075,283,0.30044182537145425
OM-MDS,31,,3,10,general,0.9218695189212592,0.9260328669854699,174,0.4081607290223639
One-hot,341,,1,1,general,0.9999431942850601,0.9999782450161256,1345,0.17960530287941173
One-hot,341,,1,1,mismo_anio,0.9955088917914198,0.9989612174617994,1345,
One-hot,341,,1,2,general,0.9997202245508153,0.999878881410023,1338,0.25400025955322086
One-hot,341,,1,2,mismo_anio,0.9867457984890721,0.9967370309794393,1338,
One-hot,341,,1,5,general,0.9967615207766394,0.9977015595786691,1265,0.40160967810132037
One-hot,341,,1,5,mismo_anio,0.9668217033849974,0.9825815581322235,1265,
One-hot,341,,1,10,general,0.9765484595501754,0.9792258242544476,1251,0.5679618550025249
One-hot,341,,1,10,mismo_anio,0.9327889102450445,0.94171452506502,1251,
One-hot,341,,2,1,general,0.9999784685371159,0.9999841369095533,4966,0.17960530287941173
One-hot,341,,2,2,general,0.999829644968484,0.9998347659618184,5224,0.31108552654089133
One-hot,341,,2,5,general,0.9953997267354259,0.9944793968696499,4966,0.47519098750795663
One-hot,341,,2,10,general,0.9526754023727172,0.9457859637682172,4416,0.6475761417177542
One-hot,341,,3,1,general,0.9999373536349632,0.9998915553203159,218,0.21680278878611392
One-hot,341,,3,2,general,0.9993617116641061,0.9991486312535589,277,0.31108552654089133
One-hot,341,,3,5,general,0.984059849601996,0.985451350095981,283,0.5080005191064417
One-hot,341,,3,10,general,0.8787311970880234,0.8842062492881495,174,0.695608384937653
OM,0,,1,1,general,0.9999426890780562,0.9999953181579818,1345,0.03999664011413598
OM,0,,1,1,mismo_anio,0.993852535488223,0.9994544270965079,1345,
OM,0,,1,2,general,0.99972275559477,0.999946341523025,1338,0.07999328022827196
OM,0,,1,2,mismo_anio,0.9851749571480513,0.9974860415064786,1338,
OM,0,,1,5,general,0.995605799549458,0.9971607639555555,1265,0.1999832029549981
OM,0,,1,5,mismo_anio,0.967497809663684,0.9845720940103053,1265,
OM,0,,1,10,general,0.967048429393889,0.9687930917058015,1251,0.3999664059099962
OM,0,,1,10,mismo_anio,0.9335349441456867,0.9436052194439569,1251,
OM,0,,2,1,general,0.9999923001276939,0.9999949894741342,4966,0.039989894877889336
OM,0,,2,2,general,0.9998736259000773,0.999865265959048,5224,0.0799921166809802
OM,0,,2,5,general,0.9940161203308154,0.9927140138157818,4966,0.19998646470232417
OM,0,,2,10,general,0.9505613851427681,0.9422896727419483,4416,0.39989895831616623
OM,0,,3,1,general,0.9999967466978984,0.9999707434197916,218,0.04000222180309087
OM,0,,3,2,general,0.9995641544044604,0.9994819154893253,277,0.09992837889555634
OM,0,,3,5,general,0.9787997538242205,0.9788084670188276,283,0.2596509571759662
OM,0,,3,10,general,0.9045161542589572,0.9076931710127502,174,0.3999183762037564
