espacio,d,comparacion,tipo,knn10,procrustes
AE,1,s0-s1,entre_semillas,0.1373450875175674,0.17134192418034472
AE,1,s0-s2,entre_semillas,0.14053915932030153,0.4810788054181072
AE,1,s1-s2,entre_semillas,0.12240960776798264,0.4723842298566865
AE,1,s0-OM,con_OM,0.20991439887568672,
AE,1,s1-OM,con_OM,0.21163919764916314,
AE,1,s2-OM,con_OM,0.2071674971253354,
AE lineal,1,s0-s1,entre_semillas,0.0627954516417529,0.12270444740325559
AE lineal,1,s0-s2,entre_semillas,0.3306886418806695,0.0007804162734736976
AE lineal,1,s1-s2,entre_semillas,0.06001022102976875,0.13170810186403617
AE lineal,1,s0-OM,con_OM,0.028452791618755593,
AE lineal,1,s1-OM,con_OM,0.031123035645841318,
AE lineal,1,s2-OM,con_OM,0.028887185383927434,
PCA,1,-OM,con_OM,0.0227162386610451,
MCA,1,-OM,con_OM,0.028989395681614922,
OM-MDS,1,-OM,con_OM,0.02602529704867765,
AE,4,s0-s1,entre_semillas,0.6178484732336782,0.48829870598656355
AE,4,s0-s2,entre_semillas,0.6401941995656062,0.619209575295341
AE,4,s1-s2,entre_semillas,0.6149099271751628,0.6044433809089362
AE,4,s0-OM,con_OM,0.6444359269196371,
AE,4,s1-OM,con_OM,0.6602274179123547,
AE,4,s2-OM,con_OM,0.6417273540309186,
AE lineal,4,s0-s1,entre_semillas,0.5439632042928325,0.5558243647553213
AE lineal,4,s0-s2,entre_semillas,0.5646480132873387,0.331721897714216
AE lineal,4,s1-s2,entre_semillas,0.5283889101827008,0.555433646564043
AE lineal,4,s0-OM,con_OM,0.5686980963332057,
AE lineal,4,s1-OM,con_OM,0.5642391720965888,
AE lineal,4,s2-OM,con_OM,0.5773604190622205,
PCA,4,-OM,con_OM,0.4031557429411013,
MCA,4,-OM,con_OM,0.3529960393509646,
OM-MDS,4,-OM,con_OM,0.2642391720965887,
AE,7,s0-s1,entre_semillas,0.6848984285166732,0.5793451551626927
AE,7,s0-s2,entre_semillas,0.7017503513478983,0.4854898183509672
AE,7,s1-s2,entre_semillas,0.7171330011498659,0.36202929527593175
AE,7,s0-OM,con_OM,0.6667177718155104,
AE,7,s1-OM,con_OM,0.6740769132490099,
AE,7,s2-OM,con_OM,0.6713300114986585,
AE lineal,7,s0-s1,entre_semillas,0.6866871087262041,0.5689506401675911
AE lineal,7,s0-s2,entre_semillas,0.7154848600996551,0.3929978996995903
AE lineal,7,s1-s2,entre_semillas,0.6765810655423534,0.6191917853263625
AE lineal,7,s0-OM,con_OM,0.6448958732592309,
AE lineal,7,s1-OM,con_OM,0.6512201354286443,
AE lineal,7,s2-OM,con_OM,0.6350070269579661,
PCA,7,-OM,con_OM,0.5318129551552319,
MCA,7,-OM,con_OM,0.41266130062603806,
OM-MDS,7,-OM,con_OM,0.29754695285550015,
AE,31,s0-s1,entre_semillas,0.7646607895745497,0.34713708626089745
AE,31,s0-s2,entre_semillas,0.750108598441293,0.20780552133740285
AE,31,s1-s2,entre_semillas,0.7405647118947235,0.3042105625830476
AE,31,s0-OM,con_OM,0.670831736297432,
AE,31,s1-OM,con_OM,0.6659895234444871,
AE,31,s2-OM,con_OM,0.6264852433882714,
AE lineal,31,s0-s1,entre_semillas,0.8944934202120864,0.10382987867947681
AE lineal,31,s0-s2,entre_semillas,0.8991184361824456,0.09411200119365402
AE lineal,31,s1-s2,entre_semillas,0.894582854222563,0.09865151660576825
AE lineal,31,s0-OM,con_OM,0.7831225245943528,
AE lineal,31,s1-OM,con_OM,0.7836207997955795,
AE lineal,31,s2-OM,con_OM,0.7791618755589627,
PCA,31,-OM,con_OM,0.7846173501980326,
MCA,31,-OM,con_OM,0.7825348153826499,
OM-MDS,31,-OM,con_OM,0.6741535709722755,
