espacio,d,semilla,objetivo,sonda,metrica,tipo,px
AE,1,0.0,estado_inicial,lineal,exactitud,0.36185725249424405,0.5938744981716828
AE,1,0.0,estado_inicial,vecinos,exactitud,0.6483755436172934,0.7666555859564784
AE,1,0.0,estado_final,lineal,exactitud,0.3090304425684318,0.2525306637345403
AE,1,0.0,estado_final,vecinos,exactitud,0.5372217958557176,0.3809168861499646
AE,1,0.0,n_cambios,lineal,exactitud,0.7610642107955999,0.044000647795364854
AE,1,0.0,n_cambios,vecinos,exactitud,0.7747505755947812,0.1098929432923347
AE,1,0.0,proceso_1_cambio,lineal,exactitud,0.07101449275362319,0.09453971561985344
AE,1,0.0,proceso_1_cambio,vecinos,exactitud,0.6318840579710145,0.8616118027217561
AE,1,0.0,anio_primer_cambio,lineal,mae_anios,5.026114677766852,6.160068286978308
AE,1,0.0,anio_primer_cambio,vecinos,mae_anios,3.2870810949091873,2.9645269815293127
AE lineal,1,0.0,estado_inicial,lineal,exactitud,0.34433358915323614,0.5831850222892747
AE lineal,1,0.0,estado_inicial,vecinos,exactitud,0.2811460731644922,0.40916971386196843
AE lineal,1,0.0,estado_final,lineal,exactitud,0.32041442824251726,0.3340275824447456
AE lineal,1,0.0,estado_final,vecinos,exactitud,0.2929137886927603,0.3763652713495453
AE lineal,1,0.0,n_cambios,lineal,exactitud,0.7610642107955999,0.044000647795364854
AE lineal,1,0.0,n_cambios,vecinos,exactitud,0.723074955231517,0.16113696610155046
AE lineal,1,0.0,proceso_1_cambio,lineal,exactitud,0.042753623188405795,0.0872513368793124
AE lineal,1,0.0,proceso_1_cambio,vecinos,exactitud,0.06086956521739131,0.11838362949574179
AE lineal,1,0.0,anio_primer_cambio,lineal,mae_anios,5.04251464781294,6.118732437195048
AE lineal,1,0.0,anio_primer_cambio,vecinos,mae_anios,5.3589920695830155,6.530188457309435
AE,1,1.0,estado_inicial,lineal,exactitud,0.351880276285495,0.5802192275892637
AE,1,1.0,estado_inicial,vecinos,exactitud,0.6868764389869532,0.9081080965896984
AE,1,1.0,estado_final,lineal,exactitud,0.32374008697876694,0.2663755849336436
AE,1,1.0,estado_final,vecinos,exactitud,0.5218726016884113,0.3590733969195626
AE,1,1.0,n_cambios,lineal,exactitud,0.7610642107955999,0.044000647795364854
AE,1,1.0,n_cambios,vecinos,exactitud,0.7714249168585315,0.16345368689322456
AE,1,1.0,proceso_1_cambio,lineal,exactitud,0.08333333333333333,0.1247620203159264
AE,1,1.0,proceso_1_cambio,vecinos,exactitud,0.6043478260869565,0.7956051152026864
AE,1,1.0,anio_primer_cambio,lineal,mae_anios,5.039594890821862,6.1521223490949115
AE,1,1.0,anio_primer_cambio,vecinos,mae_anios,2.9155794320798196,2.3246764858806324
AE lineal,1,1.0,estado_inicial,lineal,exactitud,0.3440777692504477,0.5809855013168997
AE lineal,1,1.0,estado_inicial,vecinos,exactitud,0.2680992581222819,0.3003865463131068
AE lineal,1,1.0,estado_final,lineal,exactitud,0.3270657457150166,0.2993705304250731
AE lineal,1,1.0,estado_final,vecinos,exactitud,0.2844717319007419,0.22919511425916927
AE lineal,1,1.0,n_cambios,lineal,exactitud,0.7610642107955999,0.044000647795364854
AE lineal,1,1.0,n_cambios,vecinos,exactitud,0.7280634433358916,0.17634012666104107
AE lineal,1,1.0,proceso_1_cambio,lineal,exactitud,0.043478260869565216,0.0946824588230466
AE lineal,1,1.0,proceso_1_cambio,vecinos,exactitud,0.07246376811594203,0.15550622984867435
AE lineal,1,1.0,anio_primer_cambio,lineal,mae_anios,5.047210263974162,6.153787866164948
AE lineal,1,1.0,anio_primer_cambio,vecinos,mae_anios,5.401918649270914,6.663051116168466
AE,1,2.0,estado_inicial,lineal,exactitud,0.3513686364799181,0.5548363038160261
AE,1,2.0,estado_inicial,vecinos,exactitud,0.6871322588897416,0.795677670664246
AE,1,2.0,estado_final,lineal,exactitud,0.33269378357636226,0.3095912070302844
AE,1,2.0,estado_final,vecinos,exactitud,0.5303146584804298,0.284780644556388
AE,1,2.0,n_cambios,lineal,exactitud,0.7610642107955999,0.044000647795364854
AE,1,2.0,n_cambios,vecinos,exactitud,0.7665643387055513,0.08799618141679665
AE,1,2.0,proceso_1_cambio,lineal,exactitud,0.08333333333333333,0.11276222372499095
AE,1,2.0,proceso_1_cambio,vecinos,exactitud,0.6398550724637682,0.6929535709888713
AE,1,2.0,anio_primer_cambio,lineal,mae_anios,5.039002120632075,6.134496353004657
AE,1,2.0,anio_primer_cambio,vecinos,mae_anios,3.138961371194682,2.028266806454103
AE lineal,1,2.0,estado_inicial,lineal,exactitud,0.3442056792018419,0.5831845961081137
AE lineal,1,2.0,estado_inicial,vecinos,exactitud,0.275773855205935,0.368228620622054
AE lineal,1,2.0,estado_final,lineal,exactitud,0.31990278843694037,0.3328743362228416
AE lineal,1,2.0,estado_final,vecinos,exactitud,0.2949603479150678,0.38860902992644114
AE lineal,1,2.0,n_cambios,lineal,exactitud,0.7610642107955999,0.044000647795364854
AE lineal,1,2.0,n_cambios,vecinos,exactitud,0.7157840880020465,0.12986975903717152
AE lineal,1,2.0,proceso_1_cambio,lineal,exactitud,0.0463768115942029,0.08944155290330753
AE lineal,1,2.0,proceso_1_cambio,vecinos,exactitud,0.0572463768115942,0.12245270293176697
AE lineal,1,2.0,anio_primer_cambio,lineal,mae_anios,5.042059593171407,6.11704605379177
AE lineal,1,2.0,anio_primer_cambio,vecinos,mae_anios,5.346175492453313,6.3718005301693665
PCA,1,,estado_inicial,lineal,exactitud,0.37106676899462776,0.5856645442844844
PCA,1,,estado_inicial,vecinos,exactitud,0.41839345101048864,0.6505561664152197
PCA,1,,estado_final,lineal,exactitud,0.3197748784855462,0.2559124112477732
PCA,1,,estado_final,vecinos,exactitud,0.28434382194934765,0.32046990734821557
PCA,1,,n_cambios,lineal,exactitud,0.7610642107955999,0.044000647795364854
PCA,1,,n_cambios,vecinos,exactitud,0.717191097467383,0.11956214147509824
PCA,1,,proceso_1_cambio,lineal,exactitud,0.0644927536231884,0.23285966380407067
PCA,1,,proceso_1_cambio,vecinos,exactitud,0.10144927536231885,0.41297749831830666
PCA,1,,anio_primer_cambio,lineal,mae_anios,5.0345743940016225,6.18626591264315
PCA,1,,anio_primer_cambio,vecinos,mae_anios,5.256996674341265,6.523603617425694
MCA,1,,estado_inicial,lineal,exactitud,0.3580199539524175,0.5871996488267233
MCA,1,,estado_inicial,vecinos,exactitud,0.3275773855205935,0.3683415586297423
MCA,1,,estado_final,lineal,exactitud,0.30928626247122026,0.2575272116671355
MCA,1,,estado_final,vecinos,exactitud,0.2944487081094909,0.4431035364512747
MCA,1,,n_cambios,lineal,exactitud,0.7610642107955999,0.044000647795364854
MCA,1,,n_cambios,vecinos,exactitud,0.7253773343566129,0.09303577364666173
MCA,1,,proceso_1_cambio,lineal,exactitud,0.04927536231884058,0.0477819490513822
MCA,1,,proceso_1_cambio,vecinos,exactitud,0.06739130434782609,0.31683325988006
MCA,1,,anio_primer_cambio,lineal,mae_anios,5.037218329546,6.150363699215521
MCA,1,,anio_primer_cambio,vecinos,mae_anios,5.3421847019698125,6.798067609379393
OM-MDS,1,,estado_inicial,lineal,exactitud,0.3694039396265029,0.5918757085261803
OM-MDS,1,,estado_inicial,vecinos,exactitud,0.32437963673573805,0.3900635862292343
OM-MDS,1,,estado_final,lineal,exactitud,0.31951905858275775,0.25276932518474954
OM-MDS,1,,estado_final,vecinos,exactitud,0.26925044768482986,0.22562243758576897
OM-MDS,1,,n_cambios,lineal,exactitud,0.7610642107955999,0.044000647795364854
OM-MDS,1,,n_cambios,vecinos,exactitud,0.7267843438219493,0.10270369328594199
OM-MDS,1,,proceso_1_cambio,lineal,exactitud,0.043478260869565216,0.0936341884245968
OM-MDS,1,,proceso_1_cambio,vecinos,exactitud,0.09927536231884058,0.056990669947381285
OM-MDS,1,,anio_primer_cambio,lineal,mae_anios,5.035925864441433,6.18865551936151
OM-MDS,1,,anio_primer_cambio,vecinos,mae_anios,5.3427986697365055,5.937485019732191
AE,4,0.0,estado_inicial,lineal,exactitud,0.4874648247633666,0.7016420760136719
AE,4,0.0,estado_inicial,vecinos,exactitud,0.9318239959068816,0.9841775982134485
AE,4,0.0,estado_final,lineal,exactitud,0.3952417498081351,0.7440202521287749
AE,4,0.0,estado_final,vecinos,exactitud,0.8511128165771297,0.4762685282259783
AE,4,0.0,n_cambios,lineal,exactitud,0.7610642107955999,0.044000647795364854
AE,4,0.0,n_cambios,vecinos,exactitud,0.8919160910718854,0.30648306782247
AE,4,0.0,proceso_1_cambio,lineal,exactitud,0.782608695652174,0.8609203903312891
AE,4,0.0,proceso_1_cambio,vecinos,exactitud,0.8884057971014493,0.9411393940907883
AE,4,0.0,anio_primer_cambio,lineal,mae_anios,5.058021231178251,6.183912062950803
AE,4,0.0,anio_primer_cambio,vecinos,mae_anios,1.2652852391916223,1.3931331986600997
AE lineal,4,0.0,estado_inicial,lineal,exactitud,0.8726016884113584,0.9710141406909248
AE lineal,4,0.0,estado_inicial,vecinos,exactitud,0.9411614223586595,0.9862428721200808
AE lineal,4,0.0,estado_final,lineal,exactitud,0.6839345101048862,0.9327417938817433
AE lineal,4,0.0,estado_final,vecinos,exactitud,0.8283448452289588,0.8428312066893395
AE lineal,4,0.0,n_cambios,lineal,exactitud,0.766948068559734,0.04669496509576291
AE lineal,4,0.0,n_cambios,vecinos,exactitud,0.8622409823484267,0.5795236999343681
AE lineal,4,0.0,proceso_1_cambio,lineal,exactitud,0.7144927536231884,0.885403080041467
AE lineal,4,0.0,proceso_1_cambio,vecinos,exactitud,0.8210144927536231,0.9559137616937908
AE lineal,4,0.0,anio_primer_cambio,lineal,mae_anios,4.9968816640585025,6.084758470754283
AE lineal,4,0.0,anio_primer_cambio,vecinos,mae_anios,1.3013558454847858,0.8649159144569268
AE,4,1.0,estado_inicial,lineal,exactitud,0.5085699667434126,0.7787906683372968
AE,4,1.0,estado_inicial,vecinos,exactitud,0.9178818112049117,0.9465602918488591
AE,4,1.0,estado_final,lineal,exactitud,0.4612432847275518,0.8029615328884002
AE,4,1.0,estado_final,vecinos,exactitud,0.8974162189818368,0.7521407079721448
AE,4,1.0,n_cambios,lineal,exactitud,0.7610642107955999,0.044000647795364854
AE,4,1.0,n_cambios,vecinos,exactitud,0.9058582757738552,0.47383929560777693
AE,4,1.0,proceso_1_cambio,lineal,exactitud,0.8159420289855073,0.9206847391457176
AE,4,1.0,proceso_1_cambio,vecinos,exactitud,0.8992753623188405,0.9478385110456475
AE,4,1.0,anio_primer_cambio,lineal,mae_anios,5.018440408577361,6.061795322768302
AE,4,1.0,anio_primer_cambio,vecinos,mae_anios,1.4311332821693625,2.0716323590832064
AE lineal,4,1.0,estado_inicial,lineal,exactitud,0.8105653619851625,0.9431747087051764
AE lineal,4,1.0,estado_inicial,vecinos,exactitud,0.9205679201841903,0.9905933294124667
AE lineal,4,1.0,estado_final,lineal,exactitud,0.7198772064466615,0.9520963851313916
AE lineal,4,1.0,estado_final,vecinos,exactitud,0.8525198260424661,0.8833670016450593
AE lineal,4,1.0,n_cambios,lineal,exactitud,0.7683550780250703,0.0484819427042047
AE lineal,4,1.0,n_cambios,vecinos,exactitud,0.8718342287029931,0.6160585061497942
AE lineal,4,1.0,proceso_1_cambio,lineal,exactitud,0.6818840579710145,0.8606969080037898
AE lineal,4,1.0,proceso_1_cambio,vecinos,exactitud,0.8144927536231884,0.9313998469079146
AE lineal,4,1.0,anio_primer_cambio,lineal,mae_anios,4.995351163405962,5.972604009668435
AE lineal,4,1.0,anio_primer_cambio,vecinos,mae_anios,1.2800204655922305,0.9167426121495871
AE,4,2.0,estado_inicial,lineal,exactitud,0.45203376822716806,0.6471356364163279
AE,4,2.0,estado_inicial,vecinos,exactitud,0.9164748017395753,0.9664288575787796
AE,4,2.0,estado_final,lineal,exactitud,0.4117421335379893,0.5693435105394601
AE,4,2.0,estado_final,vecinos,exactitud,0.8535431056536199,0.6842312970397456
AE,4,2.0,n_cambios,lineal,exactitud,0.7641340496290612,0.04563121691768737
AE,4,2.0,n_cambios,vecinos,exactitud,0.8885904323356357,0.3383473546935331
AE,4,2.0,proceso_1_cambio,lineal,exactitud,0.7753623188405797,0.8946465945932444
AE,4,2.0,proceso_1_cambio,vecinos,exactitud,0.9,0.9587597043074546
AE,4,2.0,anio_primer_cambio,lineal,mae_anios,5.013952083982876,6.097369737384755
AE,4,2.0,anio_primer_cambio,vecinos,mae_anios,1.349577897160413,1.7542576350355128
AE lineal,4,2.0,estado_inicial,lineal,exactitud,0.8704272192376566,0.9732809982867517
AE lineal,4,2.0,estado_inicial,vecinos,exactitud,0.9419288820670249,0.9758500183257899
AE lineal,4,2.0,estado_final,lineal,exactitud,0.6638526477359938,0.9120170301991971
AE lineal,4,2.0,estado_final,vecinos,exactitud,0.8479150677922742,0.7440176950418084
AE lineal,4,2.0,n_cambios,lineal,exactitud,0.7695062675876183,0.04626153885493646
AE lineal,4,2.0,n_cambios,vecinos,exactitud,0.86415963161934,0.577008378721627
AE lineal,4,2.0,proceso_1_cambio,lineal,exactitud,0.7072463768115942,0.7817104025893618
AE lineal,4,2.0,proceso_1_cambio,vecinos,exactitud,0.8355072463768116,0.9458740077117016
AE lineal,4,2.0,anio_primer_cambio,lineal,mae_anios,4.982274104030762,6.028767976063335
AE lineal,4,2.0,anio_primer_cambio,vecinos,mae_anios,1.2443591711435222,0.8797110491727926
PCA,4,,estado_inicial,lineal,exactitud,0.561524686620619,0.7643273582734549
PCA,4,,estado_inicial,vecinos,exactitud,0.798030186748529,0.9324132082065444
PCA,4,,estado_final,lineal,exactitud,0.3820670248145306,0.6195152615473786
PCA,4,,estado_final,vecinos,exactitud,0.6303402404707086,0.3411307438565986
PCA,4,,n_cambios,lineal,exactitud,0.7610642107955999,0.044000647795364854
PCA,4,,n_cambios,vecinos,exactitud,0.7979022767971348,0.14362219892431874
PCA,4,,proceso_1_cambio,lineal,exactitud,0.5123188405797101,0.8063576930557216
PCA,4,,proceso_1_cambio,vecinos,exactitud,0.6021739130434782,0.8591405610164744
PCA,4,,anio_primer_cambio,lineal,mae_anios,5.021921941952865,6.100928534765279
PCA,4,,anio_primer_cambio,vecinos,mae_anios,2.5083653108211887,1.9889747785988925
MCA,4,,estado_inicial,lineal,exactitud,0.3742645177794832,0.5889891835221316
MCA,4,,estado_inicial,vecinos,exactitud,0.7701458173445894,0.9067004202146248
MCA,4,,estado_final,lineal,exactitud,0.4205679201841903,0.44939524893241617
MCA,4,,estado_final,vecinos,exactitud,0.6394218470196982,0.22663419166219176
MCA,4,,n_cambios,lineal,exactitud,0.77168073676132,0.04923798808397473
MCA,4,,n_cambios,vecinos,exactitud,0.7877973906369916,0.1108484414554939
MCA,4,,proceso_1_cambio,lineal,exactitud,0.3384057971014493,0.3220384799990008
MCA,4,,proceso_1_cambio,vecinos,exactitud,0.44565217391304346,0.8007014936291924
MCA,4,,anio_primer_cambio,lineal,mae_anios,5.026889944479087,6.131425415583235
MCA,4,,anio_primer_cambio,vecinos,mae_anios,3.053619851624461,2.64200057960639
OM-MDS,4,,estado_inicial,lineal,exactitud,0.4406497825530826,0.4654669666982041
OM-MDS,4,,estado_inicial,vecinos,exactitud,0.6224098234842671,0.5222918318118666
OM-MDS,4,,estado_final,lineal,exactitud,0.3836019442312612,0.5782178808567946
OM-MDS,4,,estado_final,vecinos,exactitud,0.5683039140445126,0.3769691700548069
OM-MDS,4,,n_cambios,lineal,exactitud,0.7610642107955999,0.044000647795364854
OM-MDS,4,,n_cambios,vecinos,exactitud,0.7940649782553083,0.13474527152001772
OM-MDS,4,,proceso_1_cambio,lineal,exactitud,0.40217391304347827,0.2776440055883964
OM-MDS,4,,proceso_1_cambio,vecinos,exactitud,0.40797101449275364,0.3672019834168084
OM-MDS,4,,anio_primer_cambio,lineal,mae_anios,5.035109704642931,6.16026752760755
OM-MDS,4,,anio_primer_cambio,vecinos,mae_anios,4.195830135584551,5.651189471620595
AE,7,0.0,estado_inicial,lineal,exactitud,0.7718086467127142,0.956899872998014
AE,7,0.0,estado_inicial,vecinos,exactitud,0.9452545408032745,0.9892184689867969
AE,7,0.0,estado_final,lineal,exactitud,0.6902020977232028,0.8234216380699108
AE,7,0.0,estado_final,vecinos,exactitud,0.9062420056280379,0.853929390305231
AE,7,0.0,n_cambios,lineal,exactitud,0.7615758506011767,0.04401130232439205
AE,7,0.0,n_cambios,vecinos,exactitud,0.926835507802507,0.7577535138636732
AE,7,0.0,proceso_1_cambio,lineal,exactitud,0.9108695652173913,0.9537119477845363
AE,7,0.0,proceso_1_cambio,vecinos,exactitud,0.886231884057971,0.94924631588714
AE,7,0.0,anio_primer_cambio,lineal,mae_anios,4.912403995712019,5.772726950499657
AE,7,0.0,anio_primer_cambio,vecinos,mae_anios,0.9190074187771928,1.1113590917227232
AE lineal,7,0.0,estado_inicial,lineal,exactitud,0.9538245075466871,0.9967759395163697
AE lineal,7,0.0,estado_inicial,vecinos,exactitud,0.9796623177283192,0.9984823688853658
AE lineal,7,0.0,estado_final,lineal,exactitud,0.8566129444870811,0.9748297406261454
AE lineal,7,0.0,estado_final,vecinos,exactitud,0.9214632898439499,0.9715647667510505
AE lineal,7,0.0,n_cambios,lineal,exactitud,0.7725761064210795,0.051263627142625785
AE lineal,7,0.0,n_cambios,vecinos,exactitud,0.9080327449475569,0.766188491403926
AE lineal,7,0.0,proceso_1_cambio,lineal,exactitud,0.9210144927536232,0.9908216120346794
AE lineal,7,0.0,proceso_1_cambio,vecinos,exactitud,0.9289855072463769,0.991625880770171
AE lineal,7,0.0,anio_primer_cambio,lineal,mae_anios,4.976044224241134,6.089672767179462
AE lineal,7,0.0,anio_primer_cambio,vecinos,mae_anios,0.918853926835516,0.7419936754715835
AE,7,1.0,estado_inicial,lineal,exactitud,0.8608339728830903,0.9653518977847103
AE,7,1.0,estado_inicial,vecinos,exactitud,0.954336147352264,0.9805725317718056
AE,7,1.0,estado_final,lineal,exactitud,0.6624456382706575,0.9094382079934539
AE,7,1.0,estado_final,vecinos,exactitud,0.9047070862113072,0.7693358392785605
AE,7,1.0,n_cambios,lineal,exactitud,0.7600409311844462,0.04513855149546969
AE,7,1.0,n_cambios,vecinos,exactitud,0.9194167306216423,0.6962018734923842
AE,7,1.0,proceso_1_cambio,lineal,exactitud,0.9550724637681159,0.9879185721397384
AE,7,1.0,proceso_1_cambio,vecinos,exactitud,0.9065217391304348,0.9744373687431639
AE,7,1.0,anio_primer_cambio,lineal,mae_anios,5.000321242595213,6.026165840832457
AE,7,1.0,anio_primer_cambio,vecinos,mae_anios,1.0239703248912888,1.3371383639757786
AE lineal,7,1.0,estado_inicial,lineal,exactitud,0.9420567920184191,0.9964550251020704
AE lineal,7,1.0,estado_inicial,vecinos,exactitud,0.9722435405474545,0.9978959436077087
AE lineal,7,1.0,estado_final,lineal,exactitud,0.8639038117165515,0.9698817773459142
AE lineal,7,1.0,estado_final,vecinos,exactitud,0.9136607828089025,0.9040338046896975
AE lineal,7,1.0,n_cambios,lineal,exactitud,0.7682271680736761,0.04727116202555382
AE lineal,7,1.0,n_cambios,vecinos,exactitud,0.9040675364543361,0.7319461136539921
AE lineal,7,1.0,proceso_1_cambio,lineal,exactitud,0.9,0.9419570450015791
AE lineal,7,1.0,proceso_1_cambio,vecinos,exactitud,0.9014492753623189,0.9838655573140725
AE lineal,7,1.0,anio_primer_cambio,lineal,mae_anios,4.951330216652477,5.9249547619518514
AE lineal,7,1.0,anio_primer_cambio,vecinos,mae_anios,0.929956510616535,0.6625386759403825
AE,7,2.0,estado_inicial,lineal,exactitud,0.8582757738552059,0.9770267045115538
AE,7,2.0,estado_inicial,vecinos,exactitud,0.958429265796879,0.9953128595903546
AE,7,2.0,estado_final,lineal,exactitud,0.6953184957789716,0.943400158539392
AE,7,2.0,estado_final,vecinos,exactitud,0.9136607828089025,0.8993590235337238
AE,7,2.0,n_cambios,lineal,exactitud,0.7611921207469942,0.044164727542383715
AE,7,2.0,n_cambios,vecinos,exactitud,0.9308007162957278,0.7689897801757571
AE,7,2.0,proceso_1_cambio,lineal,exactitud,0.9318840579710145,0.9848045399475776
AE,7,2.0,proceso_1_cambio,vecinos,exactitud,0.9057971014492754,0.9710994081509937
AE,7,2.0,anio_primer_cambio,lineal,mae_anios,5.000357545163205,5.8849292388194705
AE,7,2.0,anio_primer_cambio,vecinos,mae_anios,0.9604758250191973,1.0864155607265675
AE lineal,7,2.0,estado_inicial,lineal,exactitud,0.9369403939626503,0.9946156272108148
AE lineal,7,2.0,estado_inicial,vecinos,exactitud,0.9728830903044257,0.9978882723468092
AE lineal,7,2.0,estado_final,lineal,exactitud,0.85597339473011,0.9804753624670776
AE lineal,7,2.0,estado_final,vecinos,exactitud,0.9189050908160655,0.9467017839943404
AE lineal,7,2.0,n_cambios,lineal,exactitud,0.7707853671015605,0.05046879927719675
AE lineal,7,2.0,n_cambios,vecinos,exactitud,0.9059861857252495,0.8113653992038936
AE lineal,7,2.0,proceso_1_cambio,lineal,exactitud,0.9,0.983811582540365
AE lineal,7,2.0,proceso_1_cambio,vecinos,exactitud,0.9152173913043479,0.994737236527272
AE lineal,7,2.0,anio_primer_cambio,lineal,mae_anios,4.977256183521801,6.026108694475254
AE lineal,7,2.0,anio_primer_cambio,vecinos,mae_anios,1.0493732412381749,0.8973645809360717
PCA,7,,estado_inicial,lineal,exactitud,0.6262471220260937,0.8321442878938979
PCA,7,,estado_inicial,vecinos,exactitud,0.8874392427730877,0.9762851492912608
PCA,7,,estado_final,lineal,exactitud,0.425044768482988,0.670273437832954
PCA,7,,estado_final,vecinos,exactitud,0.6951905858275774,0.36889644650147885
PCA,7,,n_cambios,lineal,exactitud,0.7610642107955999,0.044000647795364854
PCA,7,,n_cambios,vecinos,exactitud,0.8192632386799693,0.1415616130104585
PCA,7,,proceso_1_cambio,lineal,exactitud,0.7818840579710145,0.9045801833179588
PCA,7,,proceso_1_cambio,vecinos,exactitud,0.7594202898550725,0.870194237813745
PCA,7,,anio_primer_cambio,lineal,mae_anios,4.996611448040579,6.157866459883068
PCA,7,,anio_primer_cambio,vecinos,mae_anios,1.7108979278587964,1.5217441037836454
MCA,7,,estado_inicial,lineal,exactitud,0.44282425172678436,0.3927357421092558
MCA,7,,estado_inicial,vecinos,exactitud,0.7884369403939626,0.9099803104303578
MCA,7,,estado_final,lineal,exactitud,0.4907904834996163,0.7010002471850735
MCA,7,,estado_final,vecinos,exactitud,0.6597595292913788,0.2737745160712916
MCA,7,,n_cambios,lineal,exactitud,0.7715528268099258,0.04923543099700821
MCA,7,,n_cambios,vecinos,exactitud,0.7985418265541059,0.1334339120873501
MCA,7,,proceso_1_cambio,lineal,exactitud,0.6543478260869565,0.8147260133429209
MCA,7,,proceso_1_cambio,vecinos,exactitud,0.563768115942029,0.7411280638490347
MCA,7,,anio_primer_cambio,lineal,mae_anios,5.010310491414044,6.134940153572883
MCA,7,,anio_primer_cambio,vecinos,mae_anios,3.0232284471731954,3.331726033702403
OM-MDS,7,,estado_inicial,lineal,exactitud,0.4689178818112049,0.4256326659336351
OM-MDS,7,,estado_inicial,vecinos,exactitud,0.6421079559989767,0.4997839261513284
OM-MDS,7,,estado_final,lineal,exactitud,0.41634689178818113,0.6270369328594199
OM-MDS,7,,estado_final,vecinos,exactitud,0.5880020465592223,0.4275304506439597
OM-MDS,7,,n_cambios,lineal,exactitud,0.7610642107955999,0.044000647795364854
OM-MDS,7,,n_cambios,vecinos,exactitud,0.7977743668457405,0.13266081946113653
OM-MDS,7,,proceso_1_cambio,lineal,exactitud,0.48405797101449277,0.3146537495963044
OM-MDS,7,,proceso_1_cambio,vecinos,exactitud,0.4318840579710145,0.3408480195272702
OM-MDS,7,,anio_primer_cambio,lineal,mae_anios,5.0331107213022035,6.202533760571208
OM-MDS,7,,anio_primer_cambio,vecinos,mae_anios,4.027782041442826,5.464363754144617
AE,31,0.0,estado_inicial,lineal,exactitud,0.9938603223330775,0.9994276387006589
AE,31,0.0,estado_inicial,vecinos,exactitud,0.9515221284215912,0.9913046257703224
AE,31,0.0,estado_final,lineal,exactitud,0.9886160143259145,0.9974160636203238
AE,31,0.0,estado_final,vecinos,exactitud,0.9332310053722179,0.9255555271434781
AE,31,0.0,n_cambios,lineal,exactitud,0.7907393195190586,0.10603131579171675
AE,31,0.0,n_cambios,vecinos,exactitud,0.9253005883857764,0.7288285984606336
AE,31,0.0,proceso_1_cambio,lineal,exactitud,0.9927536231884058,0.9954826236914462
AE,31,0.0,proceso_1_cambio,vecinos,exactitud,0.9028985507246376,0.981579881772942
AE,31,0.0,anio_primer_cambio,lineal,mae_anios,2.992210796099546,3.933151311265789
AE,31,0.0,anio_primer_cambio,vecinos,mae_anios,0.8596316193399961,1.2170436665217808
AE lineal,31,0.0,estado_inicial,lineal,exactitud,0.998848810437452,0.999835067890659
AE lineal,31,0.0,estado_inicial,vecinos,exactitud,0.9693016116653875,0.9987078187195814
AE lineal,31,0.0,estado_final,lineal,exactitud,0.9942440521872602,0.9998576554921966
AE lineal,31,0.0,estado_final,vecinos,exactitud,0.8969045791762599,0.6745629512193043
AE lineal,31,0.0,n_cambios,lineal,exactitud,0.7761575850601177,0.055917525421706256
AE lineal,31,0.0,n_cambios,vecinos,exactitud,0.8805321053977999,0.3562827626767586
AE lineal,31,0.0,proceso_1_cambio,lineal,exactitud,0.981159420289855,0.9945556850157107
AE lineal,31,0.0,proceso_1_cambio,vecinos,exactitud,0.9297101449275362,0.9776446300899104
AE lineal,31,0.0,anio_primer_cambio,lineal,mae_anios,4.785607401139598,6.040788534274671
AE lineal,31,0.0,anio_primer_cambio,vecinos,mae_anios,0.9097211563059746,0.5851971087870189
AE,31,1.0,estado_inicial,lineal,exactitud,0.9916858531593759,0.9997114753539434
AE,31,1.0,estado_inicial,vecinos,exactitud,0.9589409056024558,0.9947140750590261
AE,31,1.0,estado_final,lineal,exactitud,0.9870810949091839,0.9997033779118828
AE,31,1.0,estado_final,vecinos,exactitud,0.935021744691737,0.9756595153467836
AE,31,1.0,n_cambios,lineal,exactitud,0.8165771297006907,0.1840774456405929
AE,31,1.0,n_cambios,vecinos,exactitud,0.9347659247889486,0.8736564638896702
AE,31,1.0,proceso_1_cambio,lineal,exactitud,0.9956521739130435,0.995509388042045
AE,31,1.0,proceso_1_cambio,vecinos,exactitud,0.8927536231884058,0.9540777272427188
AE,31,1.0,anio_primer_cambio,lineal,mae_anios,2.4595320519354376,3.906360724799808
AE,31,1.0,anio_primer_cambio,vecinos,mae_anios,0.8135584548477982,1.013847904467231
AE lineal,31,1.0,estado_inicial,lineal,exactitud,0.998848810437452,0.9996091918752823
AE lineal,31,1.0,estado_inicial,vecinos,exactitud,0.9696853415195702,0.9987525677414956
AE lineal,31,1.0,estado_final,lineal,exactitud,0.9951394218470196,0.9998470009631695
AE lineal,31,1.0,estado_final,vecinos,exactitud,0.8998465080583269,0.7155334509593337
AE lineal,31,1.0,n_cambios,lineal,exactitud,0.7742389357892044,0.053865036949906665
AE lineal,31,1.0,n_cambios,vecinos,exactitud,0.8809158352519826,0.39080897707997714
AE lineal,31,1.0,proceso_1_cambio,lineal,exactitud,0.9847826086956522,0.9949928360754897
AE lineal,31,1.0,proceso_1_cambio,vecinos,exactitud,0.9217391304347826,0.9810918784470253
AE lineal,31,1.0,anio_primer_cambio,lineal,mae_anios,4.848605597284512,6.006261894418628
AE lineal,31,1.0,anio_primer_cambio,vecinos,mae_anios,0.9252238424149538,0.713936635384989
AE,31,2.0,estado_inicial,lineal,exactitud,0.9957789716039908,0.9985194466463805
AE,31,2.0,estado_inicial,vecinos,exactitud,0.9342542849833717,0.97948917926032
AE,31,2.0,estado_final,lineal,exactitud,0.9901509337426452,0.9996326318391422
AE,31,2.0,estado_final,vecinos,exactitud,0.9352775645945255,0.9762736423999113
AE,31,2.0,n_cambios,lineal,exactitud,0.8099258122281914,0.13513650582589648
AE,31,2.0,n_cambios,vecinos,exactitud,0.9269634177539012,0.8381282975767339
AE,31,2.0,proceso_1_cambio,lineal,exactitud,0.994927536231884,0.9996881953155249
AE,31,2.0,proceso_1_cambio,vecinos,exactitud,0.8630434782608696,0.9599467032565078
AE,31,2.0,anio_primer_cambio,lineal,mae_anios,2.68056636565358,3.3863152407194392
AE,31,2.0,anio_primer_cambio,vecinos,mae_anios,0.8643642875415808,1.2250473487269982
AE lineal,31,2.0,estado_inicial,lineal,exactitud,0.9991046303402404,0.9996202725854706
AE lineal,31,2.0,estado_inicial,vecinos,exactitud,0.9664875927347147,0.998211743848075
AE lineal,31,2.0,estado_final,lineal,exactitud,0.9937324123816833,0.9998154635572489
AE lineal,31,2.0,estado_final,vecinos,exactitud,0.8944742900997698,0.6699431474331109
AE lineal,31,2.0,n_cambios,lineal,exactitud,0.7748784855461754,0.051484388984069346
AE lineal,31,2.0,n_cambios,vecinos,exactitud,0.8765668969045792,0.39830252043538666
AE lineal,31,2.0,proceso_1_cambio,lineal,exactitud,0.9818840579710145,0.9946404387926067
AE lineal,31,2.0,proceso_1_cambio,vecinos,exactitud,0.9260869565217391,0.9771753618094129
AE lineal,31,2.0,anio_primer_cambio,lineal,mae_anios,4.808130170110243,5.971773013214596
AE lineal,31,2.0,anio_primer_cambio,vecinos,mae_anios,0.9212330519314542,0.7197829033165635
PCA,31,,estado_inicial,lineal,exactitud,0.9996162701458173,0.9996283700275314
PCA,31,,estado_inicial,vecinos,exactitud,0.9740342798669737,0.9989042882348429
PCA,31,,estado_final,lineal,exactitud,0.962522384241494,0.9932573878504275
PCA,31,,estado_final,vecinos,exactitud,0.8990790483499617,0.6829122663461784
PCA,31,,n_cambios,lineal,exactitud,0.7732156561780507,0.054019314530220505
PCA,31,,n_cambios,vecinos,exactitud,0.8686364799181376,0.35982816375584936
PCA,31,,proceso_1_cambio,lineal,exactitud,0.9898550724637681,0.9956374108524089
PCA,31,,proceso_1_cambio,vecinos,exactitud,0.9333333333333333,0.9844084275587165
PCA,31,,anio_primer_cambio,lineal,mae_anios,4.744888457900638,6.003055079653259
PCA,31,,anio_primer_cambio,vecinos,mae_anios,0.9202609363008558,0.5586478124121091
MCA,31,,estado_inicial,lineal,exactitud,0.998848810437452,0.9994613070123848
MCA,31,,estado_inicial,vecinos,exactitud,0.9652084932207726,0.99713648877865
MCA,31,,estado_final,lineal,exactitud,0.9444870810949092,0.9860804970977063
MCA,31,,estado_final,vecinos,exactitud,0.8977999488360194,0.6653501930600659
MCA,31,,n_cambios,lineal,exactitud,0.77168073676132,0.05631856189429003
MCA,31,,n_cambios,vecinos,exactitud,0.8737528779739063,0.40923364103613163
MCA,31,,proceso_1_cambio,lineal,exactitud,0.9818840579710145,0.9924934918020795
MCA,31,,proceso_1_cambio,vecinos,exactitud,0.9057971014492754,0.9789855240549061
MCA,31,,anio_primer_cambio,lineal,mae_anios,4.753011707882651,6.0210231943353465
MCA,31,,anio_primer_cambio,vecinos,mae_anios,0.9810949091839446,0.6208514247236356
OM-MDS,31,,estado_inicial,lineal,exactitud,0.9611153747761576,0.9883908251719641
OM-MDS,31,,estado_inicial,vecinos,exactitud,0.9542082374008698,0.9951300278722479
OM-MDS,31,,estado_final,lineal,exactitud,0.8683806600153492,0.9782830865744411
OM-MDS,31,,estado_final,vecinos,exactitud,0.853031465848043,0.5056511621960262
OM-MDS,31,,n_cambios,lineal,exactitud,0.786902020977232,0.12783133454368784
OM-MDS,31,,n_cambios,vecinos,exactitud,0.8427986697365055,0.3234233427945551
OM-MDS,31,,proceso_1_cambio,lineal,exactitud,0.9717391304347827,0.9905570910362621
OM-MDS,31,,proceso_1_cambio,vecinos,exactitud,0.8840579710144928,0.979468620583213
OM-MDS,31,,anio_primer_cambio,lineal,mae_anios,4.720231019862017,6.0388121763145755
OM-MDS,31,,anio_primer_cambio,vecinos,mae_anios,1.3478639038117253,0.9013386350269849
One-hot,341,,estado_inicial,lineal,exactitud,0.9989767203888462,0.9994272125194978
One-hot,341,,estado_inicial,vecinos,exactitud,0.9580455359426964,0.9953111548657103
One-hot,341,,estado_final,lineal,exactitud,1.0,1.0
One-hot,341,,estado_final,vecinos,exactitud,0.8956254796623178,0.7620673195762054
One-hot,341,,n_cambios,lineal,exactitud,0.7761575850601177,0.057612447899353054
One-hot,341,,n_cambios,vecinos,exactitud,0.8686364799181376,0.4782647607845143
One-hot,341,,proceso_1_cambio,lineal,exactitud,0.9818840579710145,0.994759986225281
One-hot,341,,proceso_1_cambio,vecinos,exactitud,0.9079710144927536,0.9781647506365455
One-hot,341,,anio_primer_cambio,lineal,mae_anios,4.597916629193048,5.910977442258196
One-hot,341,,anio_primer_cambio,vecinos,mae_anios,0.9410846763878373,0.5617353244517366
