espacio,conjunto,categoria,n,prop,total
AE,z_cerca_OM_lejos,distinto_inicio_y_final,2823,0.44724334600760457,6312
AE,z_cerca_OM_lejos,mismo_inicio_distinto_final,1596,0.25285171102661597,6312
AE,z_cerca_OM_lejos,mismo_final_distinto_inicio,1571,0.24889100126742714,6312
AE,z_cerca_OM_lejos,mismo_proceso,167,0.026457541191381495,6312
AE,z_cerca_OM_lejos,mismo_inicio_y_final_distinta_ruta,155,0.02455640050697085,6312
AE,OM_cerca_z_lejos,mismo_inicio_distinto_final,2264,0.404502412006432,5597
AE,OM_cerca_z_lejos,mismo_inicio_y_final_distinta_ruta,1678,0.29980346614257636,5597
AE,OM_cerca_z_lejos,mismo_final_distinto_inicio,829,0.14811506164016439,5597
AE,OM_cerca_z_lejos,mismo_proceso,591,0.10559228157941755,5597
AE,OM_cerca_z_lejos,distinto_inicio_y_final,235,0.041986778631409684,5597
AE,azar,distinto_inicio_y_final,14658,0.7329366468323416,19999
AE,azar,mismo_inicio_distinto_final,2715,0.13575678783939196,19999
AE,azar,mismo_final_distinto_inicio,2059,0.10295514775738787,19999
AE,azar,mismo_inicio_y_final_distinta_ruta,380,0.019000950047502376,19999
AE,azar,mismo_proceso,187,0.009350467523376168,19999
AE lineal,z_cerca_OM_lejos,mismo_inicio_distinto_final,5568,0.46195967808844274,12053
AE lineal,z_cerca_OM_lejos,distinto_inicio_y_final,2549,0.21148261843524432,12053
AE lineal,z_cerca_OM_lejos,mismo_final_distinto_inicio,2297,0.1905749605907243,12053
AE lineal,z_cerca_OM_lejos,mismo_inicio_y_final_distinta_ruta,1500,0.12445034431261927,12053
AE lineal,z_cerca_OM_lejos,mismo_proceso,139,0.011532398572969385,12053
AE lineal,OM_cerca_z_lejos,mismo_inicio_distinto_final,2911,0.4298582398109864,6772
AE lineal,OM_cerca_z_lejos,mismo_final_distinto_inicio,2244,0.3313644418192558,6772
AE lineal,OM_cerca_z_lejos,mismo_proceso,767,0.11326048434731247,6772
AE lineal,OM_cerca_z_lejos,distinto_inicio_y_final,474,0.06999409332545777,6772
AE lineal,OM_cerca_z_lejos,mismo_inicio_y_final_distinta_ruta,376,0.055522740696987594,6772
AE lineal,azar,distinto_inicio_y_final,14586,0.729518855656697,19994
AE lineal,azar,mismo_inicio_distinto_final,2769,0.13849154746423928,19994
AE lineal,azar,mismo_final_distinto_inicio,2048,0.10243072921876563,19994
AE lineal,azar,mismo_inicio_y_final_distinta_ruta,394,0.01970591177353206,19994
AE lineal,azar,mismo_proceso,197,0.00985295588676603,19994
