espacio,conjunto,a,b,categoria
AE,z_cerca_OM_lejos,F>Sh@2001 Sh>A@2005 A>U@2014,A>Wa@2011 Wa>U@2013,mismo_final_distinto_inicio
AE,z_cerca_OM_lejos,F>Sp@1999 Sp>Sh@2019,Sh>Wt@1999 Wt>Sp@2004,distinto_inicio_y_final
AE,z_cerca_OM_lejos,B>Wa@2001 Wa>F@2021,A>Wa@2002 Wa>Sp@2007,distinto_inicio_y_final
AE,z_cerca_OM_lejos,G>F@1998 F>Wt@2011,Sp>F@1998 F>Sh@2010 Sh>Wa@2017,distinto_inicio_y_final
AE,z_cerca_OM_lejos,Wt>F@2000 F>Sh@2006,B>F@1997 F>Sh@2006,mismo_final_distinto_inicio
AE,z_cerca_OM_lejos,Sh>F@2009 F>A@2021,Sh>F@2010 F>B@2019,mismo_inicio_distinto_final
AE,z_cerca_OM_lejos,Sh>B@1999,F>B@1998 B>G@2020,distinto_inicio_y_final
AE,z_cerca_OM_lejos,Sh>A@2002 A>Sh@2019,Wt>Sh@1995 Sh>A@2003,distinto_inicio_y_final
AE,z_cerca_OM_lejos,A>F@1997 F>Sh@2009,G>F@1999 F>Sh@2009,mismo_final_distinto_inicio
AE,z_cerca_OM_lejos,Sp>B@1999 B>Sp@2013 Sp>G@2019,F>B@1996 B>Sp@2014,distinto_inicio_y_final
AE,z_cerca_OM_lejos,F>B@2001 B>Wa@2013,F>A@2001 A>Wa@2017,mismo_inicio_y_final_distinta_ruta
AE,z_cerca_OM_lejos,Wt>A@1995 A>F@2014,A>F@2016 F>Sh@2020,distinto_inicio_y_final
AE,z_cerca_OM_lejos,F>Sh@2001 Sh>G@2009 G>F@2016,A>Sh@1999 Sh>G@2009,distinto_inicio_y_final
AE,z_cerca_OM_lejos,B>G@2000 G>Wa@2008,G>Sp@2006 Sp>Sh@2019,distinto_inicio_y_final
AE,z_cerca_OM_lejos,Sp>G@2001 G>Sh@2019,F>G@2000 G>B@2014,distinto_inicio_y_final
AE,z_cerca_OM_lejos,Sp>G@1996 G>Sp@2011,G>Sp@2012 Sp>B@2019,distinto_inicio_y_final
AE,z_cerca_OM_lejos,Sp>G@2007 G>B@2016,Sp>G@2004 G>B@2006,mismo_proceso
AE,z_cerca_OM_lejos,Wa>Sp@2004 Sp>Wt@2017,Sp>Wt@2018,mismo_final_distinto_inicio
AE,z_cerca_OM_lejos,B>Sp@2004 Sp>B@2010,B>Sp@2000 Sp>B@2013 B>Sp@2021,mismo_inicio_distinto_final
AE,z_cerca_OM_lejos,F>Wa@1999 Wa>A@2006 A>U@2015,Sh>Sp@1999 Sp>U@2013,mismo_final_distinto_inicio
AE,OM_cerca_z_lejos,A>Sh@2008 Sh>F@2010,A>F@2008 F>A@2022,mismo_inicio_distinto_final
AE,OM_cerca_z_lejos,B>A@2012,B>Sp@2011 Sp>A@2016,mismo_inicio_y_final_distinta_ruta
AE,OM_cerca_z_lejos,Sh>A@2006 A>Wt@2016,Sh>A@2006 A>F@2016,mismo_inicio_distinto_final
AE,OM_cerca_z_lejos,Sh>A@2000 A>U@2022,Sh>F@2000 F>A@2002,mismo_inicio_distinto_final
AE,OM_cerca_z_lejos,F>Sh@2000 Sh>F@2016 F>Sh@2018,F>Sh@2000 Sh>U@2021,mismo_inicio_distinto_final
AE,OM_cerca_z_lejos,F>Sp@1999 Sp>F@2017,F>Sp@2000 Sp>Sh@2019,mismo_inicio_distinto_final
AE,OM_cerca_z_lejos,G>Sp@1999 Sp>B@2002 B>G@2019,G>B@2000 B>G@2019,mismo_inicio_y_final_distinta_ruta
AE,OM_cerca_z_lejos,Sp>Wa@2016 Wa>F@2020,Sp>Wa@2016 Wa>G@2020,mismo_inicio_distinto_final
AE,OM_cerca_z_lejos,F>A@2010 A>U@2015,F>U@2015,mismo_inicio_y_final_distinta_ruta
AE,OM_cerca_z_lejos,G>A@2000 A>Sh@2007,G>Sh@2004,mismo_inicio_y_final_distinta_ruta
AE,OM_cerca_z_lejos,Sh>A@2006 A>Wa@2017,Sh>A@2007 A>Sh@2019,mismo_inicio_distinto_final
AE,OM_cerca_z_lejos,Sp>Wa@2002 Wa>G@2011,Sp>G@2010,mismo_inicio_y_final_distinta_ruta
AE,OM_cerca_z_lejos,G>F@2000 F>Sh@2016,G>F@2001,mismo_inicio_distinto_final
AE,OM_cerca_z_lejos,Wt>F@2000 F>Sh@2006,Wt>F@2000 F>Sh@2011,mismo_proceso
AE,OM_cerca_z_lejos,Sp>Wa@1998 Wa>G@2018,Sp>Wa@1998 Wa>Sh@2021,mismo_inicio_distinto_final
AE,OM_cerca_z_lejos,F>Sh@2015 Sh>F@2016,F>B@2015 B>F@2016,mismo_inicio_y_final_distinta_ruta
AE,OM_cerca_z_lejos,Sh>F@2000 F>B@2019,Sh>F@2000,mismo_inicio_distinto_final
AE,OM_cerca_z_lejos,F>A@2019 A>F@2021,F>Sh@2019 Sh>F@2020,mismo_inicio_y_final_distinta_ruta
AE,OM_cerca_z_lejos,Sh>F@2004 F>Sh@2014 Sh>F@2019,Sh>F@2008 F>Sh@2017 Sh>F@2019,mismo_proceso
AE,OM_cerca_z_lejos,Sp>F@2000 F>Sh@2006,Sp>Sh@2001,mismo_inicio_y_final_distinta_ruta
AE lineal,z_cerca_OM_lejos,Sh>F@1996 F>A@2018,Sh>F@1995 F>U@2021,mismo_inicio_distinto_final
AE lineal,z_cerca_OM_lejos,A>Wa@2000 Wa>G@2006,Sp>Wa@2003 Wa>Sh@2012,distinto_inicio_y_final
AE lineal,z_cerca_OM_lejos,Sp>A@2008,A>F@1996 F>A@2011,mismo_final_distinto_inicio
AE lineal,z_cerca_OM_lejos,A>Wa@2010,A>F@2004 F>Sh@2020,mismo_inicio_distinto_final
AE lineal,z_cerca_OM_lejos,A>Sh@1999 Sh>F@2008,F>Sh@2010 Sh>A@2018,distinto_inicio_y_final
AE lineal,z_cerca_OM_lejos,G>F@1997 F>Wa@2012,Sp>Wa@1998 Wa>F@2011,distinto_inicio_y_final
AE lineal,z_cerca_OM_lejos,G>F@2003 F>Sh@2018,G>Wa@2003 Wa>Sh@2011 Sh>F@2022,mismo_inicio_distinto_final
AE lineal,z_cerca_OM_lejos,F>Wa@2002 Wa>Sp@2020,Sh>Wa@1996 Wa>G@2012,distinto_inicio_y_final
AE lineal,z_cerca_OM_lejos,F>Wa@2000 Wa>Wt@2007,Wt>Wa@1997 Wa>U@2015,distinto_inicio_y_final
AE lineal,z_cerca_OM_lejos,Wa>G@2016,Wa>Sp@2006 Sp>F@2019,mismo_inicio_distinto_final
AE lineal,z_cerca_OM_lejos,Sp>Sh@2004 Sh>Sp@2017,Sp>G@2002 G>Sh@2018,mismo_inicio_distinto_final
AE lineal,z_cerca_OM_lejos,G>Sp@2008 Sp>Sh@2019,G>Wa@2016 Wa>Sp@2020,mismo_inicio_distinto_final
AE lineal,z_cerca_OM_lejos,A>Sp@2002,A>F@2000 F>Sp@2011,mismo_inicio_y_final_distinta_ruta
AE lineal,z_cerca_OM_lejos,G>Wa@2003 Wa>Sp@2011,G>Sp@2000,mismo_inicio_y_final_distinta_ruta
AE lineal,z_cerca_OM_lejos,G>Sp@2008 Sp>F@2016,G>B@2017,mismo_inicio_distinto_final
AE lineal,z_cerca_OM_lejos,A>F@1995 F>Wt@2016,Sp>Wa@2000 Wa>A@2010,distinto_inicio_y_final
AE lineal,z_cerca_OM_lejos,G>Wa@2003 Wa>B@2019,A>G@2004 G>B@2009,mismo_final_distinto_inicio
AE lineal,z_cerca_OM_lejos,F>G@2001 G>A@2008,F>Sh@2004 Sh>A@2011,mismo_inicio_y_final_distinta_ruta
AE lineal,z_cerca_OM_lejos,A>F@1995 F>Sh@2018,F>Wa@2000 Wa>Sh@2006 Sh>Wa@2018,distinto_inicio_y_final
AE lineal,z_cerca_OM_lejos,Wa>A@2006 A>Wa@2018,Wa>F@2003,mismo_inicio_distinto_final
AE lineal,OM_cerca_z_lejos,F>Sp@2000 Sp>B@2005 B>G@2018,F>Sp@2000 Sp>B@2010,mismo_inicio_distinto_final
AE lineal,OM_cerca_z_lejos,A>Sh@1999 Sh>F@2008 F>Sh@2022,A>Sh@2002 Sh>F@2008,mismo_inicio_distinto_final
AE lineal,OM_cerca_z_lejos,A>F@2012 F>U@2019,A>F@2014 F>Sh@2021,mismo_inicio_distinto_final
AE lineal,OM_cerca_z_lejos,B>Sp@2000 Sp>G@2008 G>A@2020,B>Sp@1997 Sp>G@2009,mismo_inicio_distinto_final
AE lineal,OM_cerca_z_lejos,Sp>Wt@2017,Sp>Wa@2017,mismo_inicio_distinto_final
AE lineal,OM_cerca_z_lejos,F>Wa@2002 Wa>B@2014,F>Wa@2002 Wa>G@2016,mismo_inicio_distinto_final
AE lineal,OM_cerca_z_lejos,B>Sp@1995 Sp>B@2010,Sp>B@2009,mismo_final_distinto_inicio
AE lineal,OM_cerca_z_lejos,Sp>G@2016 G>Sp@2021,Sp>G@2016 G>B@2021,mismo_inicio_distinto_final
AE lineal,OM_cerca_z_lejos,F>A@2000 A>Wa@2010,F>A@2004 A>Wa@2017,mismo_proceso
AE lineal,OM_cerca_z_lejos,Sh>Wt@2016 Wt>F@2019,Sh>F@2016 F>Sh@2022,mismo_inicio_distinto_final
AE lineal,OM_cerca_z_lejos,Sp>B@2011 B>Sp@2016 Sp>A@2019,Sp>B@2014 B>Sp@2019,mismo_inicio_distinto_final
AE lineal,OM_cerca_z_lejos,Sp>F@1999 F>B@2009,F>B@2009,mismo_final_distinto_inicio
AE lineal,OM_cerca_z_lejos,Sh>G@1999 G>Sh@2016,F>G@1999 G>Sh@2016,mismo_final_distinto_inicio
AE lineal,OM_cerca_z_lejos,B>Sp@2000 Sp>B@2013 B>Sp@2021,B>Sp@2001 Sp>B@2016,mismo_inicio_distinto_final
AE lineal,OM_cerca_z_lejos,A>Wa@1995 Wa>A@2008,Wa>A@2007,mismo_final_distinto_inicio
AE lineal,OM_cerca_z_lejos,G>U@1999,G>U@1993,mismo_proceso
AE lineal,OM_cerca_z_lejos,Wa>Sp@2004 Sp>F@2019,Wa>Sp@2004,mismo_inicio_distinto_final
AE lineal,OM_cerca_z_lejos,Sp>A@1999,Sp>A@2005,mismo_proceso
AE lineal,OM_cerca_z_lejos,Wt>Sh@2007 Sh>Wt@2016,F>Wt@1999 Wt>Sh@2007 Sh>Wt@2016,mismo_final_distinto_inicio
AE lineal,OM_cerca_z_lejos,G>Sp@2005 Sp>Sh@2019,G>Sp@2006,mismo_inicio_distinto_final
