espacio,d,semilla,percentil_medio,frac_bajo_p10,percentil_mediano
AE,1,0.0,0.26418809098603724,0.3978159345572343,0.13540825899312472
AE lineal,1,0.0,0.2646887758929033,0.35379739720917874,0.1549747732006445
AE,1,1.0,0.2794080177012703,0.3737436961264709,0.17123187595286968
AE lineal,1,1.0,0.2876099871540261,0.3044726206230552,0.16655179328434083
AE,1,2.0,0.27723918559060895,0.3989949569011767,0.14169052304672425
AE lineal,1,2.0,0.2655791520122903,0.3556100003576666,0.1536544850498339
PCA,1,,0.22687891580285177,0.3368925416298355,0.22272261000385934
MCA,1,,0.2900399083449454,0.28722287226704407,0.2541304034574873
OM-MDS,1,,0.21319860511809252,0.4692138488501019,0.23752061926829687
AE,4,0.0,0.24071605310490482,0.4377851752310782,0.11422671571961625
AE lineal,4,0.0,0.2764716328631228,0.3773599607588663,0.14846125089052062
AE,4,1.0,0.28454184305132707,0.4205775804366598,0.12725048544080644
AE lineal,4,1.0,0.2615704674290359,0.3963699396565379,0.1398764808841623
AE,4,2.0,0.2115392281813308,0.44675749694706024,0.11078303340296272
AE lineal,4,2.0,0.22706529478493134,0.41435929141140343,0.1439136756761659
PCA,4,,0.2793448998308887,0.4472620623055188,0.09604120125312753
MCA,4,,0.2670977204687521,0.3371786748964044,0.23469186222852345
OM-MDS,4,,0.25944380321900756,0.4083032297292464,0.12489759642562402
AE,7,0.0,0.2518941871173875,0.461297920935247,0.10762703837274801
AE lineal,7,0.0,0.18680969260567776,0.4432881310899123,0.11668918789557002
AE,7,1.0,0.2249190586149146,0.462004312437089,0.10833920296010568
AE lineal,7,1.0,0.18040680431457592,0.4912627163244138,0.1127703933002619
AE,7,2.0,0.2245430992852952,0.44810641091802794,0.1111276535499402
AE lineal,7,2.0,0.20124616544639454,0.4463040268147747,0.11476153192724282
PCA,7,,0.2299733251206672,0.4507825233888398,0.099911628108509
MCA,7,,0.288786290788592,0.3280735055923725,0.1930399326076157
OM-MDS,7,,0.25413209487631877,0.38579833736134034,0.14909255066268842
AE,31,0.0,0.13627779054404068,0.6429938225871557,0.08805800501210705
AE lineal,31,0.0,0.16911909876862316,0.450265184223838,0.10590217423067583
AE,31,1.0,0.14211659788276726,0.6334134676797147,0.10186674284585705
AE lineal,31,1.0,0.16950788956954485,0.4522783361350549,0.10527918766380794
AE,31,2.0,0.16048115103474092,0.615341086182318,0.112644687559515
AE lineal,31,2.0,0.16715703330960546,0.4532925763745893,0.10430553498247173
PCA,31,,0.17405270287977348,0.43762550264928746,0.10942722519314348
MCA,31,,0.22005074186063256,0.4027223536504984,0.1413645446328435
OM-MDS,31,,0.22599453748291443,0.41237807401654464,0.1289428525076154
One-hot,341,,0.16944040485387601,0.44592464476044,0.11162946885167932
OM,0,,0.20794964191504917,0.42133634454532914,0.12518377222019011
